split,method,metric,mean,ci95,seeds,rows_per_seed
adversarial_helpfulness,active_entropy_query_policy,task_success,0.41563,0.02747,10,192
adversarial_helpfulness,active_entropy_query_policy,correction_efficiency,0.62059,0.03977,10,192
adversarial_helpfulness,active_entropy_query_policy,damage,0.04583,0.00585,10,192
adversarial_helpfulness,active_entropy_query_policy,intervention_magnitude,0.28904,0.00433,10,192
adversarial_helpfulness,active_entropy_query_policy,boundary_error,0.34912,0.00740,10,192
adversarial_helpfulness,active_entropy_query_policy,intent_preservation,0.58046,0.00687,10,192
adversarial_helpfulness,active_entropy_query_policy,query_rate,0.63125,0.02282,10,192
adversarial_helpfulness,active_entropy_query_policy,human_time,0.17947,0.00572,10,192
adversarial_helpfulness,active_entropy_query_policy,unsafe_override,0.08646,0.01100,10,192
adversarial_helpfulness,active_entropy_query_policy,calibration_error,0.22436,0.00623,10,192
adversarial_helpfulness,active_entropy_query_policy,regret_to_oracle,0.22102,0.00366,10,192
adversarial_helpfulness,active_entropy_query_policy,intervention_sparsity,0.62251,0.00389,10,192
adversarial_helpfulness,active_entropy_query_policy,robust_utility,0.60262,0.03377,10,192
adversarial_helpfulness,dagger_full_correction,task_success,0.32656,0.02482,10,192
adversarial_helpfulness,dagger_full_correction,correction_efficiency,0.37720,0.02516,10,192
adversarial_helpfulness,dagger_full_correction,damage,0.04479,0.00631,10,192
adversarial_helpfulness,dagger_full_correction,intervention_magnitude,0.33099,0.00362,10,192
adversarial_helpfulness,dagger_full_correction,boundary_error,0.57907,0.01688,10,192
adversarial_helpfulness,dagger_full_correction,intent_preservation,0.59073,0.00746,10,192
adversarial_helpfulness,dagger_full_correction,query_rate,1.00000,0.00000,10,192
adversarial_helpfulness,dagger_full_correction,human_time,0.64183,0.00232,10,192
adversarial_helpfulness,dagger_full_correction,unsafe_override,0.10781,0.01345,10,192
adversarial_helpfulness,dagger_full_correction,calibration_error,0.26089,0.00702,10,192
adversarial_helpfulness,dagger_full_correction,regret_to_oracle,0.31539,0.00607,10,192
adversarial_helpfulness,dagger_full_correction,intervention_sparsity,0.53792,0.00586,10,192
adversarial_helpfulness,dagger_full_correction,robust_utility,0.43087,0.03292,10,192
adversarial_helpfulness,full_demo_imitation,task_success,0.29583,0.00923,10,192
adversarial_helpfulness,full_demo_imitation,correction_efficiency,0.32448,0.01386,10,192
adversarial_helpfulness,full_demo_imitation,damage,0.06250,0.00646,10,192
adversarial_helpfulness,full_demo_imitation,intervention_magnitude,0.35357,0.00402,10,192
adversarial_helpfulness,full_demo_imitation,boundary_error,0.61966,0.01713,10,192
adversarial_helpfulness,full_demo_imitation,intent_preservation,0.59516,0.00903,10,192
adversarial_helpfulness,full_demo_imitation,query_rate,1.00000,0.00000,10,192
adversarial_helpfulness,full_demo_imitation,human_time,0.65628,0.00258,10,192
adversarial_helpfulness,full_demo_imitation,unsafe_override,0.09948,0.01070,10,192
adversarial_helpfulness,full_demo_imitation,calibration_error,0.22381,0.00529,10,192
adversarial_helpfulness,full_demo_imitation,regret_to_oracle,0.32075,0.00648,10,192
adversarial_helpfulness,full_demo_imitation,intervention_sparsity,0.50857,0.00477,10,192
adversarial_helpfulness,full_demo_imitation,robust_utility,0.38013,0.01340,10,192
adversarial_helpfulness,inverse_rl_correction_proxy,task_success,0.45156,0.02684,10,192
adversarial_helpfulness,inverse_rl_correction_proxy,correction_efficiency,0.64556,0.03518,10,192
adversarial_helpfulness,inverse_rl_correction_proxy,damage,0.04583,0.00911,10,192
adversarial_helpfulness,inverse_rl_correction_proxy,intervention_magnitude,0.34389,0.00318,10,192
adversarial_helpfulness,inverse_rl_correction_proxy,boundary_error,0.31624,0.00616,10,192
adversarial_helpfulness,inverse_rl_correction_proxy,intent_preservation,0.65805,0.00742,10,192
adversarial_helpfulness,inverse_rl_correction_proxy,query_rate,1.00000,0.00000,10,192
adversarial_helpfulness,inverse_rl_correction_proxy,human_time,0.30009,0.00204,10,192
adversarial_helpfulness,inverse_rl_correction_proxy,unsafe_override,0.09427,0.01510,10,192
adversarial_helpfulness,inverse_rl_correction_proxy,calibration_error,0.12440,0.00391,10,192
adversarial_helpfulness,inverse_rl_correction_proxy,regret_to_oracle,0.18900,0.00378,10,192
adversarial_helpfulness,inverse_rl_correction_proxy,intervention_sparsity,0.54379,0.00498,10,192
adversarial_helpfulness,inverse_rl_correction_proxy,robust_utility,0.64259,0.03489,10,192
adversarial_helpfulness,minimum_intervention_boundary_learner_v5,task_success,0.49792,0.02054,10,192
adversarial_helpfulness,minimum_intervention_boundary_learner_v5,correction_efficiency,0.79685,0.03697,10,192
adversarial_helpfulness,minimum_intervention_boundary_learner_v5,damage,0.04583,0.00642,10,192
adversarial_helpfulness,minimum_intervention_boundary_learner_v5,intervention_magnitude,0.36682,0.00331,10,192
adversarial_helpfulness,minimum_intervention_boundary_learner_v5,boundary_error,0.21292,0.00544,10,192
adversarial_helpfulness,minimum_intervention_boundary_learner_v5,intent_preservation,0.58917,0.00670,10,192
adversarial_helpfulness,minimum_intervention_boundary_learner_v5,query_rate,1.00000,0.00000,10,192
adversarial_helpfulness,minimum_intervention_boundary_learner_v5,human_time,0.31477,0.00212,10,192
adversarial_helpfulness,minimum_intervention_boundary_learner_v5,unsafe_override,0.00156,0.00156,10,192
adversarial_helpfulness,minimum_intervention_boundary_learner_v5,calibration_error,0.13324,0.00485,10,192
adversarial_helpfulness,minimum_intervention_boundary_learner_v5,regret_to_oracle,0.12350,0.00245,10,192
adversarial_helpfulness,minimum_intervention_boundary_learner_v5,intervention_sparsity,0.51700,0.00358,10,192
adversarial_helpfulness,minimum_intervention_boundary_learner_v5,robust_utility,0.73723,0.02911,10,192
adversarial_helpfulness,minimum_intervention_learner_v4,task_success,0.55573,0.01794,10,192
adversarial_helpfulness,minimum_intervention_learner_v4,correction_efficiency,0.91716,0.02483,10,192
adversarial_helpfulness,minimum_intervention_learner_v4,damage,0.04688,0.01009,10,192
adversarial_helpfulness,minimum_intervention_learner_v4,intervention_magnitude,0.41688,0.00560,10,192
adversarial_helpfulness,minimum_intervention_learner_v4,boundary_error,0.19134,0.00870,10,192
adversarial_helpfulness,minimum_intervention_learner_v4,intent_preservation,0.58404,0.00778,10,192
adversarial_helpfulness,minimum_intervention_learner_v4,query_rate,1.00000,0.00000,10,192
adversarial_helpfulness,minimum_intervention_learner_v4,human_time,0.34681,0.00359,10,192
adversarial_helpfulness,minimum_intervention_learner_v4,unsafe_override,0.10000,0.01253,10,192
adversarial_helpfulness,minimum_intervention_learner_v4,calibration_error,0.06363,0.00244,10,192
adversarial_helpfulness,minimum_intervention_learner_v4,regret_to_oracle,0.10160,0.00346,10,192
adversarial_helpfulness,minimum_intervention_learner_v4,intervention_sparsity,0.46160,0.00373,10,192
adversarial_helpfulness,minimum_intervention_learner_v4,robust_utility,0.78853,0.02499,10,192
adversarial_helpfulness,no_human_baseline,task_success,0.15104,0.02163,10,192
adversarial_helpfulness,no_human_baseline,correction_efficiency,0.00000,0.00000,10,192
adversarial_helpfulness,no_human_baseline,damage,0.04323,0.01129,10,192
adversarial_helpfulness,no_human_baseline,intervention_magnitude,0.00000,0.00000,10,192
adversarial_helpfulness,no_human_baseline,boundary_error,1.00000,0.00000,10,192
adversarial_helpfulness,no_human_baseline,intent_preservation,0.60729,0.00234,10,192
adversarial_helpfulness,no_human_baseline,query_rate,0.00000,0.00000,10,192
adversarial_helpfulness,no_human_baseline,human_time,0.02000,0.00000,10,192
adversarial_helpfulness,no_human_baseline,unsafe_override,0.05938,0.01078,10,192
adversarial_helpfulness,no_human_baseline,calibration_error,0.08633,0.00150,10,192
adversarial_helpfulness,no_human_baseline,regret_to_oracle,0.47718,0.00320,10,192
adversarial_helpfulness,no_human_baseline,intervention_sparsity,1.00000,0.00000,10,192
adversarial_helpfulness,no_human_baseline,robust_utility,0.23998,0.01812,10,192
adversarial_helpfulness,oracle_minimal_correction,task_success,0.60365,0.02004,10,192
adversarial_helpfulness,oracle_minimal_correction,correction_efficiency,0.98163,0.02659,10,192
adversarial_helpfulness,oracle_minimal_correction,damage,0.03385,0.00668,10,192
adversarial_helpfulness,oracle_minimal_correction,intervention_magnitude,0.40722,0.00376,10,192
adversarial_helpfulness,oracle_minimal_correction,boundary_error,0.13611,0.00605,10,192
adversarial_helpfulness,oracle_minimal_correction,intent_preservation,0.58523,0.00627,10,192
adversarial_helpfulness,oracle_minimal_correction,query_rate,1.00000,0.00000,10,192
adversarial_helpfulness,oracle_minimal_correction,human_time,0.34062,0.00241,10,192
adversarial_helpfulness,oracle_minimal_correction,unsafe_override,0.00000,0.00000,10,192
adversarial_helpfulness,oracle_minimal_correction,calibration_error,0.34897,0.00443,10,192
adversarial_helpfulness,oracle_minimal_correction,regret_to_oracle,0.03052,0.00036,10,192
adversarial_helpfulness,oracle_minimal_correction,intervention_sparsity,0.47136,0.00245,10,192
adversarial_helpfulness,oracle_minimal_correction,robust_utility,0.88632,0.02636,10,192
adversarial_helpfulness,preference_only_ranker,task_success,0.49635,0.01839,10,192
adversarial_helpfulness,preference_only_ranker,correction_efficiency,0.78234,0.03679,10,192
adversarial_helpfulness,preference_only_ranker,damage,0.05260,0.01163,10,192
adversarial_helpfulness,preference_only_ranker,intervention_magnitude,0.35066,0.00459,10,192
adversarial_helpfulness,preference_only_ranker,boundary_error,0.24187,0.00575,10,192
adversarial_helpfulness,preference_only_ranker,intent_preservation,0.56048,0.00673,10,192
adversarial_helpfulness,preference_only_ranker,query_rate,0.55104,0.01418,10,192
adversarial_helpfulness,preference_only_ranker,human_time,0.17778,0.00526,10,192
adversarial_helpfulness,preference_only_ranker,unsafe_override,0.08698,0.01010,10,192
adversarial_helpfulness,preference_only_ranker,calibration_error,0.09179,0.00217,10,192
adversarial_helpfulness,preference_only_ranker,regret_to_oracle,0.15752,0.00296,10,192
adversarial_helpfulness,preference_only_ranker,intervention_sparsity,0.54162,0.00451,10,192
adversarial_helpfulness,preference_only_ranker,robust_utility,0.70870,0.02906,10,192
adversarial_helpfulness,residual_correction_learner,task_success,0.31146,0.01587,10,192
adversarial_helpfulness,residual_correction_learner,correction_efficiency,0.37061,0.02121,10,192
adversarial_helpfulness,residual_correction_learner,damage,0.04635,0.01037,10,192
adversarial_helpfulness,residual_correction_learner,intervention_magnitude,0.24771,0.00591,10,192
adversarial_helpfulness,residual_correction_learner,boundary_error,0.61592,0.01495,10,192
adversarial_helpfulness,residual_correction_learner,intent_preservation,0.57551,0.00868,10,192
adversarial_helpfulness,residual_correction_learner,query_rate,1.00000,0.00000,10,192
adversarial_helpfulness,residual_correction_learner,human_time,0.23853,0.00378,10,192
adversarial_helpfulness,residual_correction_learner,unsafe_override,0.08490,0.01283,10,192
adversarial_helpfulness,residual_correction_learner,calibration_error,0.26591,0.00659,10,192
adversarial_helpfulness,residual_correction_learner,regret_to_oracle,0.33439,0.00628,10,192
adversarial_helpfulness,residual_correction_learner,intervention_sparsity,0.65288,0.00641,10,192
adversarial_helpfulness,residual_correction_learner,robust_utility,0.44184,0.02005,10,192
adversarial_helpfulness,robust_mpc_correction,task_success,0.59948,0.02389,10,192
adversarial_helpfulness,robust_mpc_correction,correction_efficiency,1.02350,0.04392,10,192
adversarial_helpfulness,robust_mpc_correction,damage,0.04635,0.00812,10,192
adversarial_helpfulness,robust_mpc_correction,intervention_magnitude,0.44592,0.00452,10,192
adversarial_helpfulness,robust_mpc_correction,boundary_error,0.11987,0.00396,10,192
adversarial_helpfulness,robust_mpc_correction,intent_preservation,0.56004,0.00655,10,192
adversarial_helpfulness,robust_mpc_correction,query_rate,1.00000,0.00000,10,192
adversarial_helpfulness,robust_mpc_correction,human_time,0.36539,0.00289,10,192
adversarial_helpfulness,robust_mpc_correction,unsafe_override,0.00834,0.00167,10,192
adversarial_helpfulness,robust_mpc_correction,calibration_error,0.03715,0.00207,10,192
adversarial_helpfulness,robust_mpc_correction,regret_to_oracle,0.05171,0.00122,10,192
adversarial_helpfulness,robust_mpc_correction,intervention_sparsity,0.41980,0.00176,10,192
adversarial_helpfulness,robust_mpc_correction,robust_utility,0.87556,0.03655,10,192
adversarial_helpfulness,safety_filtered_residual,task_success,0.31927,0.02247,10,192
adversarial_helpfulness,safety_filtered_residual,correction_efficiency,0.43128,0.03061,10,192
adversarial_helpfulness,safety_filtered_residual,damage,0.03385,0.00718,10,192
adversarial_helpfulness,safety_filtered_residual,intervention_magnitude,0.21753,0.00525,10,192
adversarial_helpfulness,safety_filtered_residual,boundary_error,0.50215,0.00970,10,192
adversarial_helpfulness,safety_filtered_residual,intent_preservation,0.55151,0.00654,10,192
adversarial_helpfulness,safety_filtered_residual,query_rate,1.00000,0.00000,10,192
adversarial_helpfulness,safety_filtered_residual,human_time,0.21922,0.00336,10,192
adversarial_helpfulness,safety_filtered_residual,unsafe_override,0.00417,0.00297,10,192
adversarial_helpfulness,safety_filtered_residual,calibration_error,0.23083,0.00598,10,192
adversarial_helpfulness,safety_filtered_residual,regret_to_oracle,0.29346,0.00444,10,192
adversarial_helpfulness,safety_filtered_residual,intervention_sparsity,0.71387,0.00542,10,192
adversarial_helpfulness,safety_filtered_residual,robust_utility,0.49291,0.02818,10,192
adversarial_helpfulness,uncertainty_query_policy,task_success,0.36042,0.02509,10,192
adversarial_helpfulness,uncertainty_query_policy,correction_efficiency,0.45620,0.03372,10,192
adversarial_helpfulness,uncertainty_query_policy,damage,0.05677,0.00968,10,192
adversarial_helpfulness,uncertainty_query_policy,intervention_magnitude,0.32678,0.00536,10,192
adversarial_helpfulness,uncertainty_query_policy,boundary_error,0.44846,0.01221,10,192
adversarial_helpfulness,uncertainty_query_policy,intent_preservation,0.57861,0.00590,10,192
adversarial_helpfulness,uncertainty_query_policy,query_rate,0.99531,0.00321,10,192
adversarial_helpfulness,uncertainty_query_policy,human_time,0.28803,0.00348,10,192
adversarial_helpfulness,uncertainty_query_policy,unsafe_override,0.09792,0.01351,10,192
adversarial_helpfulness,uncertainty_query_policy,calibration_error,0.24437,0.00644,10,192
adversarial_helpfulness,uncertainty_query_policy,regret_to_oracle,0.26583,0.00618,10,192
adversarial_helpfulness,uncertainty_query_policy,intervention_sparsity,0.55139,0.00570,10,192
adversarial_helpfulness,uncertainty_query_policy,robust_utility,0.49367,0.03437,10,192
ambiguous_intent,active_entropy_query_policy,task_success,0.48438,0.02705,10,192
ambiguous_intent,active_entropy_query_policy,correction_efficiency,0.81867,0.04753,10,192
ambiguous_intent,active_entropy_query_policy,damage,0.05000,0.00989,10,192
ambiguous_intent,active_entropy_query_policy,intervention_magnitude,0.30707,0.00747,10,192
ambiguous_intent,active_entropy_query_policy,boundary_error,0.26726,0.00588,10,192
ambiguous_intent,active_entropy_query_policy,intent_preservation,0.53494,0.00374,10,192
ambiguous_intent,active_entropy_query_policy,query_rate,0.95156,0.00862,10,192
ambiguous_intent,active_entropy_query_policy,human_time,0.26586,0.00504,10,192
ambiguous_intent,active_entropy_query_policy,unsafe_override,0.06667,0.00831,10,192
ambiguous_intent,active_entropy_query_policy,calibration_error,0.17260,0.00356,10,192
ambiguous_intent,active_entropy_query_policy,regret_to_oracle,0.15245,0.00472,10,192
ambiguous_intent,active_entropy_query_policy,intervention_sparsity,0.55666,0.00587,10,192
ambiguous_intent,active_entropy_query_policy,robust_utility,0.70523,0.03910,10,192
ambiguous_intent,dagger_full_correction,task_success,0.41354,0.01932,10,192
ambiguous_intent,dagger_full_correction,correction_efficiency,0.56961,0.03476,10,192
ambiguous_intent,dagger_full_correction,damage,0.05677,0.00944,10,192
ambiguous_intent,dagger_full_correction,intervention_magnitude,0.35137,0.00861,10,192
ambiguous_intent,dagger_full_correction,boundary_error,0.43506,0.02499,10,192
ambiguous_intent,dagger_full_correction,intent_preservation,0.57610,0.00440,10,192
ambiguous_intent,dagger_full_correction,query_rate,1.00000,0.00000,10,192
ambiguous_intent,dagger_full_correction,human_time,0.65488,0.00551,10,192
ambiguous_intent,dagger_full_correction,unsafe_override,0.08542,0.01763,10,192
ambiguous_intent,dagger_full_correction,calibration_error,0.16855,0.00907,10,192
ambiguous_intent,dagger_full_correction,regret_to_oracle,0.21938,0.01099,10,192
ambiguous_intent,dagger_full_correction,intervention_sparsity,0.46330,0.01143,10,192
ambiguous_intent,dagger_full_correction,robust_utility,0.55401,0.02949,10,192
ambiguous_intent,full_demo_imitation,task_success,0.42760,0.02330,10,192
ambiguous_intent,full_demo_imitation,correction_efficiency,0.58044,0.04279,10,192
ambiguous_intent,full_demo_imitation,damage,0.06927,0.00975,10,192
ambiguous_intent,full_demo_imitation,intervention_magnitude,0.37142,0.00838,10,192
ambiguous_intent,full_demo_imitation,boundary_error,0.46933,0.01928,10,192
ambiguous_intent,full_demo_imitation,intent_preservation,0.58471,0.00359,10,192
ambiguous_intent,full_demo_imitation,query_rate,1.00000,0.00000,10,192
ambiguous_intent,full_demo_imitation,human_time,0.66771,0.00536,10,192
ambiguous_intent,full_demo_imitation,unsafe_override,0.09166,0.01248,10,192
ambiguous_intent,full_demo_imitation,calibration_error,0.15396,0.00499,10,192
ambiguous_intent,full_demo_imitation,regret_to_oracle,0.21883,0.00890,10,192
ambiguous_intent,full_demo_imitation,intervention_sparsity,0.43793,0.00878,10,192
ambiguous_intent,full_demo_imitation,robust_utility,0.56147,0.03276,10,192
ambiguous_intent,inverse_rl_correction_proxy,task_success,0.45573,0.00574,10,192
ambiguous_intent,inverse_rl_correction_proxy,correction_efficiency,0.72567,0.01541,10,192
ambiguous_intent,inverse_rl_correction_proxy,damage,0.04583,0.00936,10,192
ambiguous_intent,inverse_rl_correction_proxy,intervention_magnitude,0.29638,0.00537,10,192
ambiguous_intent,inverse_rl_correction_proxy,boundary_error,0.29383,0.01217,10,192
ambiguous_intent,inverse_rl_correction_proxy,intent_preservation,0.59109,0.00415,10,192
ambiguous_intent,inverse_rl_correction_proxy,query_rate,1.00000,0.00000,10,192
ambiguous_intent,inverse_rl_correction_proxy,human_time,0.26969,0.00344,10,192
ambiguous_intent,inverse_rl_correction_proxy,unsafe_override,0.06875,0.01187,10,192
ambiguous_intent,inverse_rl_correction_proxy,calibration_error,0.09671,0.00279,10,192
ambiguous_intent,inverse_rl_correction_proxy,regret_to_oracle,0.17455,0.00640,10,192
ambiguous_intent,inverse_rl_correction_proxy,intervention_sparsity,0.56346,0.00601,10,192
ambiguous_intent,inverse_rl_correction_proxy,robust_utility,0.66517,0.00807,10,192
ambiguous_intent,minimum_intervention_boundary_learner_v5,task_success,0.56094,0.02392,10,192
ambiguous_intent,minimum_intervention_boundary_learner_v5,correction_efficiency,0.99560,0.04909,10,192
ambiguous_intent,minimum_intervention_boundary_learner_v5,damage,0.03698,0.01015,10,192
ambiguous_intent,minimum_intervention_boundary_learner_v5,intervention_magnitude,0.35926,0.00593,10,192
ambiguous_intent,minimum_intervention_boundary_learner_v5,boundary_error,0.17679,0.00415,10,192
ambiguous_intent,minimum_intervention_boundary_learner_v5,intent_preservation,0.53884,0.00335,10,192
ambiguous_intent,minimum_intervention_boundary_learner_v5,query_rate,1.00000,0.00000,10,192
ambiguous_intent,minimum_intervention_boundary_learner_v5,human_time,0.30993,0.00379,10,192
ambiguous_intent,minimum_intervention_boundary_learner_v5,unsafe_override,0.00000,0.00000,10,192
ambiguous_intent,minimum_intervention_boundary_learner_v5,calibration_error,0.07487,0.00298,10,192
ambiguous_intent,minimum_intervention_boundary_learner_v5,regret_to_oracle,0.08639,0.00235,10,192
ambiguous_intent,minimum_intervention_boundary_learner_v5,intervention_sparsity,0.47533,0.00278,10,192
ambiguous_intent,minimum_intervention_boundary_learner_v5,robust_utility,0.84061,0.03539,10,192
ambiguous_intent,minimum_intervention_learner_v4,task_success,0.56198,0.01969,10,192
ambiguous_intent,minimum_intervention_learner_v4,correction_efficiency,1.00687,0.04694,10,192
ambiguous_intent,minimum_intervention_learner_v4,damage,0.04323,0.01087,10,192
ambiguous_intent,minimum_intervention_learner_v4,intervention_magnitude,0.38326,0.00758,10,192
ambiguous_intent,minimum_intervention_learner_v4,boundary_error,0.17729,0.00555,10,192
ambiguous_intent,minimum_intervention_learner_v4,intent_preservation,0.53652,0.00388,10,192
ambiguous_intent,minimum_intervention_learner_v4,query_rate,1.00000,0.00000,10,192
ambiguous_intent,minimum_intervention_learner_v4,human_time,0.32528,0.00485,10,192
ambiguous_intent,minimum_intervention_learner_v4,unsafe_override,0.07656,0.01292,10,192
ambiguous_intent,minimum_intervention_learner_v4,calibration_error,0.04718,0.00226,10,192
ambiguous_intent,minimum_intervention_learner_v4,regret_to_oracle,0.08726,0.00279,10,192
ambiguous_intent,minimum_intervention_learner_v4,intervention_sparsity,0.45031,0.00544,10,192
ambiguous_intent,minimum_intervention_learner_v4,robust_utility,0.81720,0.03335,10,192
ambiguous_intent,no_human_baseline,task_success,0.18802,0.01471,10,192
ambiguous_intent,no_human_baseline,correction_efficiency,0.00000,0.00000,10,192
ambiguous_intent,no_human_baseline,damage,0.04427,0.01057,10,192
ambiguous_intent,no_human_baseline,intervention_magnitude,0.00000,0.00000,10,192
ambiguous_intent,no_human_baseline,boundary_error,1.00000,0.00000,10,192
ambiguous_intent,no_human_baseline,intent_preservation,0.61656,0.00143,10,192
ambiguous_intent,no_human_baseline,query_rate,0.00000,0.00000,10,192
ambiguous_intent,no_human_baseline,human_time,0.02000,0.00000,10,192
ambiguous_intent,no_human_baseline,unsafe_override,0.04427,0.01001,10,192
ambiguous_intent,no_human_baseline,calibration_error,0.08022,0.00169,10,192
ambiguous_intent,no_human_baseline,regret_to_oracle,0.45370,0.00421,10,192
ambiguous_intent,no_human_baseline,intervention_sparsity,1.00000,0.00000,10,192
ambiguous_intent,no_human_baseline,robust_utility,0.28186,0.01736,10,192
ambiguous_intent,oracle_minimal_correction,task_success,0.58490,0.02565,10,192
ambiguous_intent,oracle_minimal_correction,correction_efficiency,1.00904,0.04635,10,192
ambiguous_intent,oracle_minimal_correction,damage,0.03750,0.00984,10,192
ambiguous_intent,oracle_minimal_correction,intervention_magnitude,0.36563,0.00591,10,192
ambiguous_intent,oracle_minimal_correction,boundary_error,0.14463,0.00693,10,192
ambiguous_intent,oracle_minimal_correction,intent_preservation,0.55554,0.00402,10,192
ambiguous_intent,oracle_minimal_correction,query_rate,1.00000,0.00000,10,192
ambiguous_intent,oracle_minimal_correction,human_time,0.31401,0.00378,10,192
ambiguous_intent,oracle_minimal_correction,unsafe_override,0.00000,0.00000,10,192
ambiguous_intent,oracle_minimal_correction,calibration_error,0.34998,0.00407,10,192
ambiguous_intent,oracle_minimal_correction,regret_to_oracle,0.03242,0.00023,10,192
ambiguous_intent,oracle_minimal_correction,intervention_sparsity,0.47080,0.00289,10,192
ambiguous_intent,oracle_minimal_correction,robust_utility,0.86901,0.03627,10,192
ambiguous_intent,preference_only_ranker,task_success,0.47917,0.02114,10,192
ambiguous_intent,preference_only_ranker,correction_efficiency,0.80816,0.04411,10,192
ambiguous_intent,preference_only_ranker,damage,0.05573,0.01010,10,192
ambiguous_intent,preference_only_ranker,intervention_magnitude,0.30110,0.00604,10,192
ambiguous_intent,preference_only_ranker,boundary_error,0.24313,0.00931,10,192
ambiguous_intent,preference_only_ranker,intent_preservation,0.52092,0.00378,10,192
ambiguous_intent,preference_only_ranker,query_rate,0.55365,0.02851,10,192
ambiguous_intent,preference_only_ranker,human_time,0.15937,0.00756,10,192
ambiguous_intent,preference_only_ranker,unsafe_override,0.07188,0.01187,10,192
ambiguous_intent,preference_only_ranker,calibration_error,0.07731,0.00213,10,192
ambiguous_intent,preference_only_ranker,regret_to_oracle,0.15715,0.00504,10,192
ambiguous_intent,preference_only_ranker,intervention_sparsity,0.55909,0.00733,10,192
ambiguous_intent,preference_only_ranker,robust_utility,0.69636,0.03282,10,192
ambiguous_intent,residual_correction_learner,task_success,0.38073,0.01398,10,192
ambiguous_intent,residual_correction_learner,correction_efficiency,0.53628,0.02738,10,192
ambiguous_intent,residual_correction_learner,damage,0.04687,0.01179,10,192
ambiguous_intent,residual_correction_learner,intervention_magnitude,0.29282,0.00674,10,192
ambiguous_intent,residual_correction_learner,boundary_error,0.49817,0.01666,10,192
ambiguous_intent,residual_correction_learner,intent_preservation,0.55323,0.00625,10,192
ambiguous_intent,residual_correction_learner,query_rate,1.00000,0.00000,10,192
ambiguous_intent,residual_correction_learner,human_time,0.26740,0.00432,10,192
ambiguous_intent,residual_correction_learner,unsafe_override,0.08333,0.01032,10,192
ambiguous_intent,residual_correction_learner,calibration_error,0.18474,0.00568,10,192
ambiguous_intent,residual_correction_learner,regret_to_oracle,0.24594,0.00757,10,192
ambiguous_intent,residual_correction_learner,intervention_sparsity,0.55209,0.00836,10,192
ambiguous_intent,residual_correction_learner,robust_utility,0.53849,0.01932,10,192
ambiguous_intent,robust_mpc_correction,task_success,0.57500,0.02169,10,192
ambiguous_intent,robust_mpc_correction,correction_efficiency,1.06744,0.04844,10,192
ambiguous_intent,robust_mpc_correction,damage,0.03698,0.00812,10,192
ambiguous_intent,robust_mpc_correction,intervention_magnitude,0.40455,0.00631,10,192
ambiguous_intent,robust_mpc_correction,boundary_error,0.12622,0.00495,10,192
ambiguous_intent,robust_mpc_correction,intent_preservation,0.52224,0.00364,10,192
ambiguous_intent,robust_mpc_correction,query_rate,1.00000,0.00000,10,192
ambiguous_intent,robust_mpc_correction,human_time,0.33891,0.00404,10,192
ambiguous_intent,robust_mpc_correction,unsafe_override,0.00208,0.00226,10,192
ambiguous_intent,robust_mpc_correction,calibration_error,0.03471,0.00276,10,192
ambiguous_intent,robust_mpc_correction,regret_to_oracle,0.05126,0.00112,10,192
ambiguous_intent,robust_mpc_correction,intervention_sparsity,0.41328,0.00232,10,192
ambiguous_intent,robust_mpc_correction,robust_utility,0.86333,0.03057,10,192
ambiguous_intent,safety_filtered_residual,task_success,0.43698,0.02681,10,192
ambiguous_intent,safety_filtered_residual,correction_efficiency,0.67143,0.03957,10,192
ambiguous_intent,safety_filtered_residual,damage,0.03802,0.01044,10,192
ambiguous_intent,safety_filtered_residual,intervention_magnitude,0.25145,0.00783,10,192
ambiguous_intent,safety_filtered_residual,boundary_error,0.38732,0.01191,10,192
ambiguous_intent,safety_filtered_residual,intent_preservation,0.52314,0.00374,10,192
ambiguous_intent,safety_filtered_residual,query_rate,1.00000,0.00000,10,192
ambiguous_intent,safety_filtered_residual,human_time,0.24093,0.00501,10,192
ambiguous_intent,safety_filtered_residual,unsafe_override,0.00208,0.00226,10,192
ambiguous_intent,safety_filtered_residual,calibration_error,0.16037,0.00420,10,192
ambiguous_intent,safety_filtered_residual,regret_to_oracle,0.21008,0.00703,10,192
ambiguous_intent,safety_filtered_residual,intervention_sparsity,0.63895,0.00833,10,192
ambiguous_intent,safety_filtered_residual,robust_utility,0.65345,0.03789,10,192
ambiguous_intent,uncertainty_query_policy,task_success,0.45469,0.02070,10,192
ambiguous_intent,uncertainty_query_policy,correction_efficiency,0.67819,0.03430,10,192
ambiguous_intent,uncertainty_query_policy,damage,0.05625,0.01225,10,192
ambiguous_intent,uncertainty_query_policy,intervention_magnitude,0.34440,0.00712,10,192
ambiguous_intent,uncertainty_query_policy,boundary_error,0.34535,0.01145,10,192
ambiguous_intent,uncertainty_query_policy,intent_preservation,0.55862,0.00291,10,192
ambiguous_intent,uncertainty_query_policy,query_rate,0.99896,0.00136,10,192
ambiguous_intent,uncertainty_query_policy,human_time,0.30021,0.00453,10,192
ambiguous_intent,uncertainty_query_policy,unsafe_override,0.09010,0.01460,10,192
ambiguous_intent,uncertainty_query_policy,calibration_error,0.15703,0.00514,10,192
ambiguous_intent,uncertainty_query_policy,regret_to_oracle,0.18301,0.00613,10,192
ambiguous_intent,uncertainty_query_policy,intervention_sparsity,0.48028,0.00542,10,192
ambiguous_intent,uncertainty_query_policy,robust_utility,0.63253,0.03108,10,192
combined_hard_shift,active_entropy_query_policy,task_success,0.41354,0.01151,10,192
combined_hard_shift,active_entropy_query_policy,correction_efficiency,0.54754,0.01988,10,192
combined_hard_shift,active_entropy_query_policy,damage,0.05365,0.01301,10,192
combined_hard_shift,active_entropy_query_policy,intervention_magnitude,0.41937,0.00767,10,192
combined_hard_shift,active_entropy_query_policy,boundary_error,0.29593,0.00893,10,192
combined_hard_shift,active_entropy_query_policy,intent_preservation,0.51586,0.00564,10,192
combined_hard_shift,active_entropy_query_policy,query_rate,1.00000,0.00000,10,192
combined_hard_shift,active_entropy_query_policy,human_time,0.34840,0.00491,10,192
combined_hard_shift,active_entropy_query_policy,unsafe_override,0.10938,0.01327,10,192
combined_hard_shift,active_entropy_query_policy,calibration_error,0.23336,0.00859,10,192
combined_hard_shift,active_entropy_query_policy,regret_to_oracle,0.20528,0.00772,10,192
combined_hard_shift,active_entropy_query_policy,intervention_sparsity,0.57032,0.00696,10,192
combined_hard_shift,active_entropy_query_policy,robust_utility,0.55538,0.01299,10,192
combined_hard_shift,dagger_full_correction,task_success,0.33333,0.02636,10,192
combined_hard_shift,dagger_full_correction,correction_efficiency,0.33375,0.02905,10,192
combined_hard_shift,dagger_full_correction,damage,0.06198,0.00737,10,192
combined_hard_shift,dagger_full_correction,intervention_magnitude,0.47474,0.01167,10,192
combined_hard_shift,dagger_full_correction,boundary_error,0.50483,0.01756,10,192
combined_hard_shift,dagger_full_correction,intent_preservation,0.55197,0.00480,10,192
combined_hard_shift,dagger_full_correction,query_rate,1.00000,0.00000,10,192
combined_hard_shift,dagger_full_correction,human_time,0.73384,0.00747,10,192
combined_hard_shift,dagger_full_correction,unsafe_override,0.14219,0.00999,10,192
combined_hard_shift,dagger_full_correction,calibration_error,0.24724,0.01073,10,192
combined_hard_shift,dagger_full_correction,regret_to_oracle,0.29900,0.01196,10,192
combined_hard_shift,dagger_full_correction,intervention_sparsity,0.49406,0.01275,10,192
combined_hard_shift,dagger_full_correction,robust_utility,0.39815,0.03199,10,192
combined_hard_shift,full_demo_imitation,task_success,0.30677,0.02187,10,192
combined_hard_shift,full_demo_imitation,correction_efficiency,0.29760,0.01938,10,192
combined_hard_shift,full_demo_imitation,damage,0.07292,0.01021,10,192
combined_hard_shift,full_demo_imitation,intervention_magnitude,0.51805,0.01305,10,192
combined_hard_shift,full_demo_imitation,boundary_error,0.54472,0.01742,10,192
combined_hard_shift,full_demo_imitation,intent_preservation,0.55902,0.00515,10,192
combined_hard_shift,full_demo_imitation,query_rate,1.00000,0.00000,10,192
combined_hard_shift,full_demo_imitation,human_time,0.76155,0.00835,10,192
combined_hard_shift,full_demo_imitation,unsafe_override,0.14740,0.01729,10,192
combined_hard_shift,full_demo_imitation,calibration_error,0.21378,0.00722,10,192
combined_hard_shift,full_demo_imitation,regret_to_oracle,0.30023,0.01128,10,192
combined_hard_shift,full_demo_imitation,intervention_sparsity,0.45246,0.01379,10,192
combined_hard_shift,full_demo_imitation,robust_utility,0.35408,0.03127,10,192
combined_hard_shift,inverse_rl_correction_proxy,task_success,0.40573,0.01649,10,192
combined_hard_shift,inverse_rl_correction_proxy,correction_efficiency,0.52140,0.02842,10,192
combined_hard_shift,inverse_rl_correction_proxy,damage,0.05052,0.00715,10,192
combined_hard_shift,inverse_rl_correction_proxy,intervention_magnitude,0.42080,0.00523,10,192
combined_hard_shift,inverse_rl_correction_proxy,boundary_error,0.29307,0.00806,10,192
combined_hard_shift,inverse_rl_correction_proxy,intent_preservation,0.56173,0.00577,10,192
combined_hard_shift,inverse_rl_correction_proxy,query_rate,1.00000,0.00000,10,192
combined_hard_shift,inverse_rl_correction_proxy,human_time,0.34931,0.00335,10,192
combined_hard_shift,inverse_rl_correction_proxy,unsafe_override,0.12917,0.01325,10,192
combined_hard_shift,inverse_rl_correction_proxy,calibration_error,0.15055,0.00376,10,192
combined_hard_shift,inverse_rl_correction_proxy,regret_to_oracle,0.21270,0.00725,10,192
combined_hard_shift,inverse_rl_correction_proxy,intervention_sparsity,0.56499,0.00518,10,192
combined_hard_shift,inverse_rl_correction_proxy,robust_utility,0.54356,0.02143,10,192
combined_hard_shift,minimum_intervention_boundary_learner_v5,task_success,0.47604,0.02196,10,192
combined_hard_shift,minimum_intervention_boundary_learner_v5,correction_efficiency,0.64688,0.03071,10,192
combined_hard_shift,minimum_intervention_boundary_learner_v5,damage,0.04375,0.00808,10,192
combined_hard_shift,minimum_intervention_boundary_learner_v5,intervention_magnitude,0.48039,0.00550,10,192
combined_hard_shift,minimum_intervention_boundary_learner_v5,boundary_error,0.19682,0.00432,10,192
combined_hard_shift,minimum_intervention_boundary_learner_v5,intent_preservation,0.51985,0.00644,10,192
combined_hard_shift,minimum_intervention_boundary_learner_v5,query_rate,1.00000,0.00000,10,192
combined_hard_shift,minimum_intervention_boundary_learner_v5,human_time,0.38745,0.00352,10,192
combined_hard_shift,minimum_intervention_boundary_learner_v5,unsafe_override,0.01406,0.00432,10,192
combined_hard_shift,minimum_intervention_boundary_learner_v5,calibration_error,0.11402,0.00363,10,192
combined_hard_shift,minimum_intervention_boundary_learner_v5,regret_to_oracle,0.12459,0.00471,10,192
combined_hard_shift,minimum_intervention_boundary_learner_v5,intervention_sparsity,0.50377,0.00382,10,192
combined_hard_shift,minimum_intervention_boundary_learner_v5,robust_utility,0.66700,0.02895,10,192
combined_hard_shift,minimum_intervention_learner_v4,task_success,0.50625,0.01401,10,192
combined_hard_shift,minimum_intervention_learner_v4,correction_efficiency,0.70062,0.01768,10,192
combined_hard_shift,minimum_intervention_learner_v4,damage,0.06042,0.00822,10,192
combined_hard_shift,minimum_intervention_learner_v4,intervention_magnitude,0.53295,0.00756,10,192
combined_hard_shift,minimum_intervention_learner_v4,boundary_error,0.18901,0.00670,10,192
combined_hard_shift,minimum_intervention_learner_v4,intent_preservation,0.51614,0.00499,10,192
combined_hard_shift,minimum_intervention_learner_v4,query_rate,1.00000,0.00000,10,192
combined_hard_shift,minimum_intervention_learner_v4,human_time,0.42109,0.00484,10,192
combined_hard_shift,minimum_intervention_learner_v4,unsafe_override,0.15260,0.01768,10,192
combined_hard_shift,minimum_intervention_learner_v4,calibration_error,0.07736,0.00470,10,192
combined_hard_shift,minimum_intervention_learner_v4,regret_to_oracle,0.11320,0.00536,10,192
combined_hard_shift,minimum_intervention_learner_v4,intervention_sparsity,0.45573,0.00568,10,192
combined_hard_shift,minimum_intervention_learner_v4,robust_utility,0.65718,0.01782,10,192
combined_hard_shift,no_human_baseline,task_success,0.09427,0.01259,10,192
combined_hard_shift,no_human_baseline,correction_efficiency,0.00000,0.00000,10,192
combined_hard_shift,no_human_baseline,damage,0.04688,0.00697,10,192
combined_hard_shift,no_human_baseline,intervention_magnitude,0.00000,0.00000,10,192
combined_hard_shift,no_human_baseline,boundary_error,1.00000,0.00000,10,192
combined_hard_shift,no_human_baseline,intent_preservation,0.58366,0.00191,10,192
combined_hard_shift,no_human_baseline,query_rate,0.00000,0.00000,10,192
combined_hard_shift,no_human_baseline,human_time,0.02000,0.00000,10,192
combined_hard_shift,no_human_baseline,unsafe_override,0.07604,0.01477,10,192
combined_hard_shift,no_human_baseline,calibration_error,0.11185,0.00098,10,192
combined_hard_shift,no_human_baseline,regret_to_oracle,0.49883,0.00529,10,192
combined_hard_shift,no_human_baseline,intervention_sparsity,1.00000,0.00000,10,192
combined_hard_shift,no_human_baseline,robust_utility,0.17358,0.01122,10,192
combined_hard_shift,oracle_minimal_correction,task_success,0.58385,0.02004,10,192
combined_hard_shift,oracle_minimal_correction,correction_efficiency,0.79058,0.02841,10,192
combined_hard_shift,oracle_minimal_correction,damage,0.04740,0.00853,10,192
combined_hard_shift,oracle_minimal_correction,intervention_magnitude,0.51334,0.00656,10,192
combined_hard_shift,oracle_minimal_correction,boundary_error,0.12929,0.00635,10,192
combined_hard_shift,oracle_minimal_correction,intent_preservation,0.52539,0.00671,10,192
combined_hard_shift,oracle_minimal_correction,query_rate,1.00000,0.00000,10,192
combined_hard_shift,oracle_minimal_correction,human_time,0.40854,0.00420,10,192
combined_hard_shift,oracle_minimal_correction,unsafe_override,0.00729,0.00312,10,192
combined_hard_shift,oracle_minimal_correction,calibration_error,0.37482,0.00497,10,192
combined_hard_shift,oracle_minimal_correction,regret_to_oracle,0.03376,0.00032,10,192
combined_hard_shift,oracle_minimal_correction,intervention_sparsity,0.47290,0.00204,10,192
combined_hard_shift,oracle_minimal_correction,robust_utility,0.80465,0.02795,10,192
combined_hard_shift,preference_only_ranker,task_success,0.44635,0.02777,10,192
combined_hard_shift,preference_only_ranker,correction_efficiency,0.59582,0.03642,10,192
combined_hard_shift,preference_only_ranker,damage,0.05052,0.00664,10,192
combined_hard_shift,preference_only_ranker,intervention_magnitude,0.42874,0.00497,10,192
combined_hard_shift,preference_only_ranker,boundary_error,0.26372,0.00664,10,192
combined_hard_shift,preference_only_ranker,intent_preservation,0.50362,0.00513,10,192
combined_hard_shift,preference_only_ranker,query_rate,0.56146,0.01551,10,192
combined_hard_shift,preference_only_ranker,human_time,0.20800,0.00628,10,192
combined_hard_shift,preference_only_ranker,unsafe_override,0.13542,0.01955,10,192
combined_hard_shift,preference_only_ranker,calibration_error,0.12955,0.00357,10,192
combined_hard_shift,preference_only_ranker,regret_to_oracle,0.19834,0.00692,10,192
combined_hard_shift,preference_only_ranker,intervention_sparsity,0.55631,0.00535,10,192
combined_hard_shift,preference_only_ranker,robust_utility,0.59717,0.03613,10,192
combined_hard_shift,residual_correction_learner,task_success,0.30677,0.02061,10,192
combined_hard_shift,residual_correction_learner,correction_efficiency,0.34332,0.02901,10,192
combined_hard_shift,residual_correction_learner,damage,0.05677,0.00980,10,192
combined_hard_shift,residual_correction_learner,intervention_magnitude,0.35970,0.01196,10,192
combined_hard_shift,residual_correction_learner,boundary_error,0.53822,0.01572,10,192
combined_hard_shift,residual_correction_learner,intent_preservation,0.52697,0.00684,10,192
combined_hard_shift,residual_correction_learner,query_rate,1.00000,0.00000,10,192
combined_hard_shift,residual_correction_learner,human_time,0.31021,0.00766,10,192
combined_hard_shift,residual_correction_learner,unsafe_override,0.13698,0.01788,10,192
combined_hard_shift,residual_correction_learner,calibration_error,0.26192,0.00904,10,192
combined_hard_shift,residual_correction_learner,regret_to_oracle,0.31956,0.01120,10,192
combined_hard_shift,residual_correction_learner,intervention_sparsity,0.62058,0.01271,10,192
combined_hard_shift,residual_correction_learner,robust_utility,0.40000,0.02609,10,192
combined_hard_shift,robust_mpc_correction,task_success,0.56510,0.02488,10,192
combined_hard_shift,robust_mpc_correction,correction_efficiency,0.80043,0.04004,10,192
combined_hard_shift,robust_mpc_correction,damage,0.05365,0.01199,10,192
combined_hard_shift,robust_mpc_correction,intervention_magnitude,0.56175,0.00601,10,192
combined_hard_shift,robust_mpc_correction,boundary_error,0.10868,0.00457,10,192
combined_hard_shift,robust_mpc_correction,intent_preservation,0.50463,0.00611,10,192
combined_hard_shift,robust_mpc_correction,query_rate,1.00000,0.00000,10,192
combined_hard_shift,robust_mpc_correction,human_time,0.43952,0.00384,10,192
combined_hard_shift,robust_mpc_correction,unsafe_override,0.03073,0.00688,10,192
combined_hard_shift,robust_mpc_correction,calibration_error,0.04548,0.00252,10,192
combined_hard_shift,robust_mpc_correction,regret_to_oracle,0.05654,0.00238,10,192
combined_hard_shift,robust_mpc_correction,intervention_sparsity,0.42225,0.00143,10,192
combined_hard_shift,robust_mpc_correction,robust_utility,0.77164,0.03254,10,192
combined_hard_shift,safety_filtered_residual,task_success,0.33229,0.02113,10,192
combined_hard_shift,safety_filtered_residual,correction_efficiency,0.40703,0.03077,10,192
combined_hard_shift,safety_filtered_residual,damage,0.05885,0.01611,10,192
combined_hard_shift,safety_filtered_residual,intervention_magnitude,0.32448,0.00975,10,192
combined_hard_shift,safety_filtered_residual,boundary_error,0.44124,0.01489,10,192
combined_hard_shift,safety_filtered_residual,intent_preservation,0.50470,0.00651,10,192
combined_hard_shift,safety_filtered_residual,query_rate,1.00000,0.00000,10,192
combined_hard_shift,safety_filtered_residual,human_time,0.28766,0.00624,10,192
combined_hard_shift,safety_filtered_residual,unsafe_override,0.01458,0.00677,10,192
combined_hard_shift,safety_filtered_residual,calibration_error,0.24176,0.00871,10,192
combined_hard_shift,safety_filtered_residual,regret_to_oracle,0.28437,0.00970,10,192
combined_hard_shift,safety_filtered_residual,intervention_sparsity,0.66900,0.00985,10,192
combined_hard_shift,safety_filtered_residual,robust_utility,0.47327,0.02896,10,192
combined_hard_shift,uncertainty_query_policy,task_success,0.38385,0.02710,10,192
combined_hard_shift,uncertainty_query_policy,correction_efficiency,0.43685,0.03509,10,192
combined_hard_shift,uncertainty_query_policy,damage,0.05937,0.01120,10,192
combined_hard_shift,uncertainty_query_policy,intervention_magnitude,0.46848,0.00953,10,192
combined_hard_shift,uncertainty_query_policy,boundary_error,0.38792,0.01190,10,192
combined_hard_shift,uncertainty_query_policy,intent_preservation,0.53628,0.00579,10,192
combined_hard_shift,uncertainty_query_policy,query_rate,1.00000,0.00000,10,192
combined_hard_shift,uncertainty_query_policy,human_time,0.37983,0.00610,10,192
combined_hard_shift,uncertainty_query_policy,unsafe_override,0.13490,0.01183,10,192
combined_hard_shift,uncertainty_query_policy,calibration_error,0.23049,0.00954,10,192
combined_hard_shift,uncertainty_query_policy,regret_to_oracle,0.25281,0.00952,10,192
combined_hard_shift,uncertainty_query_policy,intervention_sparsity,0.50503,0.01104,10,192
combined_hard_shift,uncertainty_query_policy,robust_utility,0.48919,0.03670,10,192
delayed_feedback,active_entropy_query_policy,task_success,0.45677,0.02343,10,192
delayed_feedback,active_entropy_query_policy,correction_efficiency,0.71463,0.03801,10,192
delayed_feedback,active_entropy_query_policy,damage,0.04479,0.00701,10,192
delayed_feedback,active_entropy_query_policy,intervention_magnitude,0.27291,0.00548,10,192
delayed_feedback,active_entropy_query_policy,boundary_error,0.35354,0.00946,10,192
delayed_feedback,active_entropy_query_policy,intent_preservation,0.61192,0.00756,10,192
delayed_feedback,active_entropy_query_policy,query_rate,0.23802,0.01370,10,192
delayed_feedback,active_entropy_query_policy,human_time,0.08521,0.00426,10,192
delayed_feedback,active_entropy_query_policy,unsafe_override,0.07656,0.01327,10,192
delayed_feedback,active_entropy_query_policy,calibration_error,0.17771,0.00500,10,192
delayed_feedback,active_entropy_query_policy,regret_to_oracle,0.20579,0.00514,10,192
delayed_feedback,active_entropy_query_policy,intervention_sparsity,0.61770,0.00659,10,192
delayed_feedback,active_entropy_query_policy,robust_utility,0.67586,0.03301,10,192
delayed_feedback,dagger_full_correction,task_success,0.49010,0.02138,10,192
delayed_feedback,dagger_full_correction,correction_efficiency,0.68165,0.02839,10,192
delayed_feedback,dagger_full_correction,damage,0.06406,0.00939,10,192
delayed_feedback,dagger_full_correction,intervention_magnitude,0.42913,0.00772,10,192
delayed_feedback,dagger_full_correction,boundary_error,0.37717,0.00922,10,192
delayed_feedback,dagger_full_correction,intent_preservation,0.60975,0.00629,10,192
delayed_feedback,dagger_full_correction,query_rate,1.00000,0.00000,10,192
delayed_feedback,dagger_full_correction,human_time,0.70465,0.00494,10,192
delayed_feedback,dagger_full_correction,unsafe_override,0.09583,0.00953,10,192
delayed_feedback,dagger_full_correction,calibration_error,0.12182,0.00493,10,192
delayed_feedback,dagger_full_correction,regret_to_oracle,0.17287,0.00543,10,192
delayed_feedback,dagger_full_correction,intervention_sparsity,0.37612,0.01024,10,192
delayed_feedback,dagger_full_correction,robust_utility,0.64629,0.02598,10,192
delayed_feedback,full_demo_imitation,task_success,0.46875,0.02298,10,192
delayed_feedback,full_demo_imitation,correction_efficiency,0.64658,0.03601,10,192
delayed_feedback,full_demo_imitation,damage,0.09219,0.01412,10,192
delayed_feedback,full_demo_imitation,intervention_magnitude,0.46699,0.01005,10,192
delayed_feedback,full_demo_imitation,boundary_error,0.41982,0.01332,10,192
delayed_feedback,full_demo_imitation,intent_preservation,0.61565,0.00555,10,192
delayed_feedback,full_demo_imitation,query_rate,1.00000,0.00000,10,192
delayed_feedback,full_demo_imitation,human_time,0.72888,0.00643,10,192
delayed_feedback,full_demo_imitation,unsafe_override,0.11302,0.01979,10,192
delayed_feedback,full_demo_imitation,calibration_error,0.12020,0.00244,10,192
delayed_feedback,full_demo_imitation,regret_to_oracle,0.16914,0.00556,10,192
delayed_feedback,full_demo_imitation,intervention_sparsity,0.33253,0.01302,10,192
delayed_feedback,full_demo_imitation,robust_utility,0.59528,0.03220,10,192
delayed_feedback,inverse_rl_correction_proxy,task_success,0.46510,0.02025,10,192
delayed_feedback,inverse_rl_correction_proxy,correction_efficiency,0.67314,0.03301,10,192
delayed_feedback,inverse_rl_correction_proxy,damage,0.04635,0.00705,10,192
delayed_feedback,inverse_rl_correction_proxy,intervention_magnitude,0.35103,0.00483,10,192
delayed_feedback,inverse_rl_correction_proxy,boundary_error,0.35987,0.01529,10,192
delayed_feedback,inverse_rl_correction_proxy,intent_preservation,0.72270,0.00867,10,192
delayed_feedback,inverse_rl_correction_proxy,query_rate,1.00000,0.00000,10,192
delayed_feedback,inverse_rl_correction_proxy,human_time,0.30466,0.00309,10,192
delayed_feedback,inverse_rl_correction_proxy,unsafe_override,0.08281,0.01447,10,192
delayed_feedback,inverse_rl_correction_proxy,calibration_error,0.13009,0.00509,10,192
delayed_feedback,inverse_rl_correction_proxy,regret_to_oracle,0.17952,0.00716,10,192
delayed_feedback,inverse_rl_correction_proxy,intervention_sparsity,0.48582,0.00743,10,192
delayed_feedback,inverse_rl_correction_proxy,robust_utility,0.67044,0.02976,10,192
delayed_feedback,minimum_intervention_boundary_learner_v5,task_success,0.56406,0.02382,10,192
delayed_feedback,minimum_intervention_boundary_learner_v5,correction_efficiency,0.96346,0.03639,10,192
delayed_feedback,minimum_intervention_boundary_learner_v5,damage,0.04479,0.01151,10,192
delayed_feedback,minimum_intervention_boundary_learner_v5,intervention_magnitude,0.38344,0.00486,10,192
delayed_feedback,minimum_intervention_boundary_learner_v5,boundary_error,0.18789,0.00517,10,192
delayed_feedback,minimum_intervention_boundary_learner_v5,intent_preservation,0.62143,0.00686,10,192
delayed_feedback,minimum_intervention_boundary_learner_v5,query_rate,0.87187,0.00779,10,192
delayed_feedback,minimum_intervention_boundary_learner_v5,human_time,0.28674,0.00431,10,192
delayed_feedback,minimum_intervention_boundary_learner_v5,unsafe_override,0.00104,0.00136,10,192
delayed_feedback,minimum_intervention_boundary_learner_v5,calibration_error,0.14119,0.00473,10,192
delayed_feedback,minimum_intervention_boundary_learner_v5,regret_to_oracle,0.08190,0.00289,10,192
delayed_feedback,minimum_intervention_boundary_learner_v5,intervention_sparsity,0.46221,0.00358,10,192
delayed_feedback,minimum_intervention_boundary_learner_v5,robust_utility,0.84343,0.03201,10,192
delayed_feedback,minimum_intervention_learner_v4,task_success,0.56094,0.02855,10,192
delayed_feedback,minimum_intervention_learner_v4,correction_efficiency,0.96206,0.04553,10,192
delayed_feedback,minimum_intervention_learner_v4,damage,0.04844,0.01033,10,192
delayed_feedback,minimum_intervention_learner_v4,intervention_magnitude,0.39516,0.00755,10,192
delayed_feedback,minimum_intervention_learner_v4,boundary_error,0.21821,0.01091,10,192
delayed_feedback,minimum_intervention_learner_v4,intent_preservation,0.62527,0.00849,10,192
delayed_feedback,minimum_intervention_learner_v4,query_rate,1.00000,0.00000,10,192
delayed_feedback,minimum_intervention_learner_v4,human_time,0.33290,0.00483,10,192
delayed_feedback,minimum_intervention_learner_v4,unsafe_override,0.09948,0.01684,10,192
delayed_feedback,minimum_intervention_learner_v4,calibration_error,0.06057,0.00335,10,192
delayed_feedback,minimum_intervention_learner_v4,regret_to_oracle,0.09757,0.00429,10,192
delayed_feedback,minimum_intervention_learner_v4,intervention_sparsity,0.45274,0.00840,10,192
delayed_feedback,minimum_intervention_learner_v4,robust_utility,0.80849,0.03730,10,192
delayed_feedback,no_human_baseline,task_success,0.15833,0.02076,10,192
delayed_feedback,no_human_baseline,correction_efficiency,0.00000,0.00000,10,192
delayed_feedback,no_human_baseline,damage,0.03750,0.00911,10,192
delayed_feedback,no_human_baseline,intervention_magnitude,0.00000,0.00000,10,192
delayed_feedback,no_human_baseline,boundary_error,1.00000,0.00000,10,192
delayed_feedback,no_human_baseline,intent_preservation,0.58887,0.00140,10,192
delayed_feedback,no_human_baseline,query_rate,0.00000,0.00000,10,192
delayed_feedback,no_human_baseline,human_time,0.02000,0.00000,10,192
delayed_feedback,no_human_baseline,unsafe_override,0.04792,0.01074,10,192
delayed_feedback,no_human_baseline,calibration_error,0.08347,0.00219,10,192
delayed_feedback,no_human_baseline,regret_to_oracle,0.46845,0.00375,10,192
delayed_feedback,no_human_baseline,intervention_sparsity,1.00000,0.00000,10,192
delayed_feedback,no_human_baseline,robust_utility,0.25107,0.02005,10,192
delayed_feedback,oracle_minimal_correction,task_success,0.62552,0.02984,10,192
delayed_feedback,oracle_minimal_correction,correction_efficiency,1.06299,0.05875,10,192
delayed_feedback,oracle_minimal_correction,damage,0.03594,0.01048,10,192
delayed_feedback,oracle_minimal_correction,intervention_magnitude,0.37664,0.00424,10,192
delayed_feedback,oracle_minimal_correction,boundary_error,0.14170,0.00509,10,192
delayed_feedback,oracle_minimal_correction,intent_preservation,0.60781,0.00638,10,192
delayed_feedback,oracle_minimal_correction,query_rate,1.00000,0.00000,10,192
delayed_feedback,oracle_minimal_correction,human_time,0.32105,0.00271,10,192
delayed_feedback,oracle_minimal_correction,unsafe_override,0.00000,0.00000,10,192
delayed_feedback,oracle_minimal_correction,calibration_error,0.34324,0.00398,10,192
delayed_feedback,oracle_minimal_correction,regret_to_oracle,0.03212,0.00024,10,192
delayed_feedback,oracle_minimal_correction,intervention_sparsity,0.47157,0.00167,10,192
delayed_feedback,oracle_minimal_correction,robust_utility,0.92884,0.04192,10,192
delayed_feedback,preference_only_ranker,task_success,0.51510,0.02027,10,192
delayed_feedback,preference_only_ranker,correction_efficiency,0.85515,0.03058,10,192
delayed_feedback,preference_only_ranker,damage,0.04219,0.00705,10,192
delayed_feedback,preference_only_ranker,intervention_magnitude,0.33679,0.00779,10,192
delayed_feedback,preference_only_ranker,boundary_error,0.28063,0.01194,10,192
delayed_feedback,preference_only_ranker,intent_preservation,0.59061,0.00720,10,192
delayed_feedback,preference_only_ranker,query_rate,0.54062,0.02107,10,192
delayed_feedback,preference_only_ranker,human_time,0.16745,0.00707,10,192
delayed_feedback,preference_only_ranker,unsafe_override,0.08177,0.00834,10,192
delayed_feedback,preference_only_ranker,calibration_error,0.09234,0.00388,10,192
delayed_feedback,preference_only_ranker,regret_to_oracle,0.14836,0.00621,10,192
delayed_feedback,preference_only_ranker,intervention_sparsity,0.52711,0.01087,10,192
delayed_feedback,preference_only_ranker,robust_utility,0.75400,0.02456,10,192
delayed_feedback,residual_correction_learner,task_success,0.44115,0.02125,10,192
delayed_feedback,residual_correction_learner,correction_efficiency,0.65590,0.03806,10,192
delayed_feedback,residual_correction_learner,damage,0.05260,0.01143,10,192
delayed_feedback,residual_correction_learner,intervention_magnitude,0.35354,0.00858,10,192
delayed_feedback,residual_correction_learner,boundary_error,0.42259,0.01839,10,192
delayed_feedback,residual_correction_learner,intent_preservation,0.58210,0.00773,10,192
delayed_feedback,residual_correction_learner,query_rate,1.00000,0.00000,10,192
delayed_feedback,residual_correction_learner,human_time,0.30627,0.00549,10,192
delayed_feedback,residual_correction_learner,unsafe_override,0.08385,0.00578,10,192
delayed_feedback,residual_correction_learner,calibration_error,0.14078,0.00784,10,192
delayed_feedback,residual_correction_learner,regret_to_oracle,0.19789,0.00812,10,192
delayed_feedback,residual_correction_learner,intervention_sparsity,0.48663,0.01031,10,192
delayed_feedback,residual_correction_learner,robust_utility,0.62083,0.03142,10,192
delayed_feedback,robust_mpc_correction,task_success,0.60781,0.02092,10,192
delayed_feedback,robust_mpc_correction,correction_efficiency,1.10140,0.04430,10,192
delayed_feedback,robust_mpc_correction,damage,0.04115,0.00867,10,192
delayed_feedback,robust_mpc_correction,intervention_magnitude,0.40866,0.00559,10,192
delayed_feedback,robust_mpc_correction,boundary_error,0.13230,0.00319,10,192
delayed_feedback,robust_mpc_correction,intent_preservation,0.58522,0.00594,10,192
delayed_feedback,robust_mpc_correction,query_rate,1.00000,0.00000,10,192
delayed_feedback,robust_mpc_correction,human_time,0.34154,0.00358,10,192
delayed_feedback,robust_mpc_correction,unsafe_override,0.00313,0.00226,10,192
delayed_feedback,robust_mpc_correction,calibration_error,0.03890,0.00199,10,192
delayed_feedback,robust_mpc_correction,regret_to_oracle,0.05657,0.00170,10,192
delayed_feedback,robust_mpc_correction,intervention_sparsity,0.42629,0.00306,10,192
delayed_feedback,robust_mpc_correction,robust_utility,0.90987,0.03058,10,192
delayed_feedback,safety_filtered_residual,task_success,0.48334,0.01740,10,192
delayed_feedback,safety_filtered_residual,correction_efficiency,0.77708,0.02832,10,192
delayed_feedback,safety_filtered_residual,damage,0.04479,0.00989,10,192
delayed_feedback,safety_filtered_residual,intervention_magnitude,0.30735,0.00691,10,192
delayed_feedback,safety_filtered_residual,boundary_error,0.30422,0.00848,10,192
delayed_feedback,safety_filtered_residual,intent_preservation,0.57310,0.00594,10,192
delayed_feedback,safety_filtered_residual,query_rate,1.00000,0.00000,10,192
delayed_feedback,safety_filtered_residual,human_time,0.27670,0.00443,10,192
delayed_feedback,safety_filtered_residual,unsafe_override,0.00104,0.00136,10,192
delayed_feedback,safety_filtered_residual,calibration_error,0.12536,0.00549,10,192
delayed_feedback,safety_filtered_residual,regret_to_oracle,0.16174,0.00597,10,192
delayed_feedback,safety_filtered_residual,intervention_sparsity,0.57609,0.00622,10,192
delayed_feedback,safety_filtered_residual,robust_utility,0.72156,0.02641,10,192
delayed_feedback,uncertainty_query_policy,task_success,0.50990,0.02305,10,192
delayed_feedback,uncertainty_query_policy,correction_efficiency,0.76847,0.03016,10,192
delayed_feedback,uncertainty_query_policy,damage,0.06458,0.01181,10,192
delayed_feedback,uncertainty_query_policy,intervention_magnitude,0.41203,0.00703,10,192
delayed_feedback,uncertainty_query_policy,boundary_error,0.30729,0.01003,10,192
delayed_feedback,uncertainty_query_policy,intent_preservation,0.60126,0.00632,10,192
delayed_feedback,uncertainty_query_policy,query_rate,0.99479,0.00304,10,192
delayed_feedback,uncertainty_query_policy,human_time,0.34258,0.00486,10,192
delayed_feedback,uncertainty_query_policy,unsafe_override,0.11146,0.01710,10,192
delayed_feedback,uncertainty_query_policy,calibration_error,0.11147,0.00547,10,192
delayed_feedback,uncertainty_query_policy,regret_to_oracle,0.14405,0.00464,10,192
delayed_feedback,uncertainty_query_policy,intervention_sparsity,0.40397,0.00827,10,192
delayed_feedback,uncertainty_query_policy,robust_utility,0.69711,0.02704,10,192
dynamics_mismatch,active_entropy_query_policy,task_success,0.45833,0.01476,10,192
dynamics_mismatch,active_entropy_query_policy,correction_efficiency,0.59524,0.01985,10,192
dynamics_mismatch,active_entropy_query_policy,damage,0.04271,0.00773,10,192
dynamics_mismatch,active_entropy_query_policy,intervention_magnitude,0.47476,0.01069,10,192
dynamics_mismatch,active_entropy_query_policy,boundary_error,0.24034,0.01159,10,192
dynamics_mismatch,active_entropy_query_policy,intent_preservation,0.56965,0.00574,10,192
dynamics_mismatch,active_entropy_query_policy,query_rate,0.99948,0.00102,10,192
dynamics_mismatch,active_entropy_query_policy,human_time,0.38373,0.00695,10,192
dynamics_mismatch,active_entropy_query_policy,unsafe_override,0.10885,0.01193,10,192
dynamics_mismatch,active_entropy_query_policy,calibration_error,0.20476,0.00801,10,192
dynamics_mismatch,active_entropy_query_policy,regret_to_oracle,0.17721,0.00697,10,192
dynamics_mismatch,active_entropy_query_policy,intervention_sparsity,0.53952,0.00756,10,192
dynamics_mismatch,active_entropy_query_policy,robust_utility,0.62036,0.01903,10,192
dynamics_mismatch,dagger_full_correction,task_success,0.37188,0.01553,10,192
dynamics_mismatch,dagger_full_correction,correction_efficiency,0.41793,0.01460,10,192
dynamics_mismatch,dagger_full_correction,damage,0.05104,0.01052,10,192
dynamics_mismatch,dagger_full_correction,intervention_magnitude,0.47864,0.01075,10,192
dynamics_mismatch,dagger_full_correction,boundary_error,0.38799,0.01636,10,192
dynamics_mismatch,dagger_full_correction,intent_preservation,0.58611,0.00624,10,192
dynamics_mismatch,dagger_full_correction,query_rate,1.00000,0.00000,10,192
dynamics_mismatch,dagger_full_correction,human_time,0.73633,0.00688,10,192
dynamics_mismatch,dagger_full_correction,unsafe_override,0.13854,0.01633,10,192
dynamics_mismatch,dagger_full_correction,calibration_error,0.21238,0.00752,10,192
dynamics_mismatch,dagger_full_correction,regret_to_oracle,0.26181,0.00829,10,192
dynamics_mismatch,dagger_full_correction,intervention_sparsity,0.52309,0.00969,10,192
dynamics_mismatch,dagger_full_correction,robust_utility,0.46770,0.01891,10,192
dynamics_mismatch,full_demo_imitation,task_success,0.36927,0.02234,10,192
dynamics_mismatch,full_demo_imitation,correction_efficiency,0.40240,0.02944,10,192
dynamics_mismatch,full_demo_imitation,damage,0.06667,0.00758,10,192
dynamics_mismatch,full_demo_imitation,intervention_magnitude,0.51182,0.01249,10,192
dynamics_mismatch,full_demo_imitation,boundary_error,0.41333,0.01610,10,192
dynamics_mismatch,full_demo_imitation,intent_preservation,0.59232,0.00537,10,192
dynamics_mismatch,full_demo_imitation,query_rate,1.00000,0.00000,10,192
dynamics_mismatch,full_demo_imitation,human_time,0.75756,0.00799,10,192
dynamics_mismatch,full_demo_imitation,unsafe_override,0.14271,0.01266,10,192
dynamics_mismatch,full_demo_imitation,calibration_error,0.18535,0.00553,10,192
dynamics_mismatch,full_demo_imitation,regret_to_oracle,0.25542,0.00875,10,192
dynamics_mismatch,full_demo_imitation,intervention_sparsity,0.49116,0.01051,10,192
dynamics_mismatch,full_demo_imitation,robust_utility,0.45065,0.02524,10,192
dynamics_mismatch,inverse_rl_correction_proxy,task_success,0.42917,0.01926,10,192
dynamics_mismatch,inverse_rl_correction_proxy,correction_efficiency,0.52817,0.02207,10,192
dynamics_mismatch,inverse_rl_correction_proxy,damage,0.04115,0.01048,10,192
dynamics_mismatch,inverse_rl_correction_proxy,intervention_magnitude,0.45827,0.00736,10,192
dynamics_mismatch,inverse_rl_correction_proxy,boundary_error,0.26596,0.00930,10,192
dynamics_mismatch,inverse_rl_correction_proxy,intent_preservation,0.62891,0.00554,10,192
dynamics_mismatch,inverse_rl_correction_proxy,query_rate,1.00000,0.00000,10,192
dynamics_mismatch,inverse_rl_correction_proxy,human_time,0.37329,0.00471,10,192
dynamics_mismatch,inverse_rl_correction_proxy,unsafe_override,0.13698,0.01010,10,192
dynamics_mismatch,inverse_rl_correction_proxy,calibration_error,0.15082,0.00499,10,192
dynamics_mismatch,inverse_rl_correction_proxy,regret_to_oracle,0.21289,0.00590,10,192
dynamics_mismatch,inverse_rl_correction_proxy,intervention_sparsity,0.55143,0.00496,10,192
dynamics_mismatch,inverse_rl_correction_proxy,robust_utility,0.57815,0.02449,10,192
dynamics_mismatch,minimum_intervention_boundary_learner_v5,task_success,0.49479,0.01955,10,192
dynamics_mismatch,minimum_intervention_boundary_learner_v5,correction_efficiency,0.65355,0.02431,10,192
dynamics_mismatch,minimum_intervention_boundary_learner_v5,damage,0.05104,0.00898,10,192
dynamics_mismatch,minimum_intervention_boundary_learner_v5,intervention_magnitude,0.53185,0.00909,10,192
dynamics_mismatch,minimum_intervention_boundary_learner_v5,boundary_error,0.16361,0.00741,10,192
dynamics_mismatch,minimum_intervention_boundary_learner_v5,intent_preservation,0.57461,0.00578,10,192
dynamics_mismatch,minimum_intervention_boundary_learner_v5,query_rate,1.00000,0.00000,10,192
dynamics_mismatch,minimum_intervention_boundary_learner_v5,human_time,0.42038,0.00582,10,192
dynamics_mismatch,minimum_intervention_boundary_learner_v5,unsafe_override,0.02187,0.00936,10,192
dynamics_mismatch,minimum_intervention_boundary_learner_v5,calibration_error,0.10674,0.00553,10,192
dynamics_mismatch,minimum_intervention_boundary_learner_v5,regret_to_oracle,0.10375,0.00453,10,192
dynamics_mismatch,minimum_intervention_boundary_learner_v5,intervention_sparsity,0.48056,0.00518,10,192
dynamics_mismatch,minimum_intervention_boundary_learner_v5,robust_utility,0.68572,0.02672,10,192
dynamics_mismatch,minimum_intervention_learner_v4,task_success,0.55000,0.01908,10,192
dynamics_mismatch,minimum_intervention_learner_v4,correction_efficiency,0.74822,0.02731,10,192
dynamics_mismatch,minimum_intervention_learner_v4,damage,0.05000,0.01045,10,192
dynamics_mismatch,minimum_intervention_learner_v4,intervention_magnitude,0.58676,0.00931,10,192
dynamics_mismatch,minimum_intervention_learner_v4,boundary_error,0.15425,0.00619,10,192
dynamics_mismatch,minimum_intervention_learner_v4,intent_preservation,0.57066,0.00580,10,192
dynamics_mismatch,minimum_intervention_learner_v4,query_rate,1.00000,0.00000,10,192
dynamics_mismatch,minimum_intervention_learner_v4,human_time,0.45553,0.00596,10,192
dynamics_mismatch,minimum_intervention_learner_v4,unsafe_override,0.11823,0.01639,10,192
dynamics_mismatch,minimum_intervention_learner_v4,calibration_error,0.05489,0.00425,10,192
dynamics_mismatch,minimum_intervention_learner_v4,regret_to_oracle,0.09120,0.00458,10,192
dynamics_mismatch,minimum_intervention_learner_v4,intervention_sparsity,0.43188,0.00489,10,192
dynamics_mismatch,minimum_intervention_learner_v4,robust_utility,0.73079,0.02452,10,192
dynamics_mismatch,no_human_baseline,task_success,0.10990,0.01203,10,192
dynamics_mismatch,no_human_baseline,correction_efficiency,0.00000,0.00000,10,192
dynamics_mismatch,no_human_baseline,damage,0.05052,0.00834,10,192
dynamics_mismatch,no_human_baseline,intervention_magnitude,0.00000,0.00000,10,192
dynamics_mismatch,no_human_baseline,boundary_error,1.00000,0.00000,10,192
dynamics_mismatch,no_human_baseline,intent_preservation,0.59777,0.00175,10,192
dynamics_mismatch,no_human_baseline,query_rate,0.00000,0.00000,10,192
dynamics_mismatch,no_human_baseline,human_time,0.02000,0.00000,10,192
dynamics_mismatch,no_human_baseline,unsafe_override,0.09375,0.01032,10,192
dynamics_mismatch,no_human_baseline,calibration_error,0.11636,0.00107,10,192
dynamics_mismatch,no_human_baseline,regret_to_oracle,0.51352,0.00390,10,192
dynamics_mismatch,no_human_baseline,intervention_sparsity,1.00000,0.00000,10,192
dynamics_mismatch,no_human_baseline,robust_utility,0.18418,0.01403,10,192
dynamics_mismatch,oracle_minimal_correction,task_success,0.57708,0.01410,10,192
dynamics_mismatch,oracle_minimal_correction,correction_efficiency,0.75430,0.02008,10,192
dynamics_mismatch,oracle_minimal_correction,damage,0.04115,0.00812,10,192
dynamics_mismatch,oracle_minimal_correction,intervention_magnitude,0.54521,0.00672,10,192
dynamics_mismatch,oracle_minimal_correction,boundary_error,0.11607,0.00540,10,192
dynamics_mismatch,oracle_minimal_correction,intent_preservation,0.57217,0.00617,10,192
dynamics_mismatch,oracle_minimal_correction,query_rate,1.00000,0.00000,10,192
dynamics_mismatch,oracle_minimal_correction,human_time,0.42893,0.00430,10,192
dynamics_mismatch,oracle_minimal_correction,unsafe_override,0.01562,0.00481,10,192
dynamics_mismatch,oracle_minimal_correction,calibration_error,0.36304,0.00388,10,192
dynamics_mismatch,oracle_minimal_correction,regret_to_oracle,0.03219,0.00031,10,192
dynamics_mismatch,oracle_minimal_correction,intervention_sparsity,0.47039,0.00232,10,192
dynamics_mismatch,oracle_minimal_correction,robust_utility,0.79586,0.01823,10,192
dynamics_mismatch,preference_only_ranker,task_success,0.45208,0.02818,10,192
dynamics_mismatch,preference_only_ranker,correction_efficiency,0.59475,0.03668,10,192
dynamics_mismatch,preference_only_ranker,damage,0.05209,0.00998,10,192
dynamics_mismatch,preference_only_ranker,intervention_magnitude,0.47036,0.00746,10,192
dynamics_mismatch,preference_only_ranker,boundary_error,0.20814,0.00672,10,192
dynamics_mismatch,preference_only_ranker,intent_preservation,0.55514,0.00587,10,192
dynamics_mismatch,preference_only_ranker,query_rate,0.55833,0.02709,10,192
dynamics_mismatch,preference_only_ranker,human_time,0.22224,0.00937,10,192
dynamics_mismatch,preference_only_ranker,unsafe_override,0.12292,0.01275,10,192
dynamics_mismatch,preference_only_ranker,calibration_error,0.10757,0.00496,10,192
dynamics_mismatch,preference_only_ranker,regret_to_oracle,0.18036,0.00421,10,192
dynamics_mismatch,preference_only_ranker,intervention_sparsity,0.54045,0.00427,10,192
dynamics_mismatch,preference_only_ranker,robust_utility,0.61062,0.03447,10,192
dynamics_mismatch,residual_correction_learner,task_success,0.33490,0.02377,10,192
dynamics_mismatch,residual_correction_learner,correction_efficiency,0.38781,0.02973,10,192
dynamics_mismatch,residual_correction_learner,damage,0.05729,0.01198,10,192
dynamics_mismatch,residual_correction_learner,intervention_magnitude,0.39690,0.01229,10,192
dynamics_mismatch,residual_correction_learner,boundary_error,0.44722,0.01596,10,192
dynamics_mismatch,residual_correction_learner,intent_preservation,0.56576,0.00771,10,192
dynamics_mismatch,residual_correction_learner,query_rate,1.00000,0.00000,10,192
dynamics_mismatch,residual_correction_learner,human_time,0.33402,0.00787,10,192
dynamics_mismatch,residual_correction_learner,unsafe_override,0.13542,0.01544,10,192
dynamics_mismatch,residual_correction_learner,calibration_error,0.23660,0.00759,10,192
dynamics_mismatch,residual_correction_learner,regret_to_oracle,0.29353,0.00974,10,192
dynamics_mismatch,residual_correction_learner,intervention_sparsity,0.60725,0.00999,10,192
dynamics_mismatch,residual_correction_learner,robust_utility,0.44139,0.03209,10,192
dynamics_mismatch,robust_mpc_correction,task_success,0.60573,0.02769,10,192
dynamics_mismatch,robust_mpc_correction,correction_efficiency,0.81751,0.03951,10,192
dynamics_mismatch,robust_mpc_correction,damage,0.05729,0.01282,10,192
dynamics_mismatch,robust_mpc_correction,intervention_magnitude,0.60167,0.00710,10,192
dynamics_mismatch,robust_mpc_correction,boundary_error,0.10163,0.00384,10,192
dynamics_mismatch,robust_mpc_correction,intent_preservation,0.55535,0.00600,10,192
dynamics_mismatch,robust_mpc_correction,query_rate,1.00000,0.00000,10,192
dynamics_mismatch,robust_mpc_correction,human_time,0.46507,0.00454,10,192
dynamics_mismatch,robust_mpc_correction,unsafe_override,0.02292,0.00701,10,192
dynamics_mismatch,robust_mpc_correction,calibration_error,0.03719,0.00308,10,192
dynamics_mismatch,robust_mpc_correction,regret_to_oracle,0.04879,0.00107,10,192
dynamics_mismatch,robust_mpc_correction,intervention_sparsity,0.41465,0.00253,10,192
dynamics_mismatch,robust_mpc_correction,robust_utility,0.82137,0.03443,10,192
dynamics_mismatch,safety_filtered_residual,task_success,0.37135,0.01139,10,192
dynamics_mismatch,safety_filtered_residual,correction_efficiency,0.45465,0.02002,10,192
dynamics_mismatch,safety_filtered_residual,damage,0.04063,0.00817,10,192
dynamics_mismatch,safety_filtered_residual,intervention_magnitude,0.38218,0.01132,10,192
dynamics_mismatch,safety_filtered_residual,boundary_error,0.36784,0.01408,10,192
dynamics_mismatch,safety_filtered_residual,intent_preservation,0.55079,0.00603,10,192
dynamics_mismatch,safety_filtered_residual,query_rate,1.00000,0.00000,10,192
dynamics_mismatch,safety_filtered_residual,human_time,0.32459,0.00724,10,192
dynamics_mismatch,safety_filtered_residual,unsafe_override,0.02135,0.00617,10,192
dynamics_mismatch,safety_filtered_residual,calibration_error,0.21190,0.00700,10,192
dynamics_mismatch,safety_filtered_residual,regret_to_oracle,0.25487,0.00767,10,192
dynamics_mismatch,safety_filtered_residual,intervention_sparsity,0.63010,0.00915,10,192
dynamics_mismatch,safety_filtered_residual,robust_utility,0.53277,0.01398,10,192
dynamics_mismatch,uncertainty_query_policy,task_success,0.41302,0.02863,10,192
dynamics_mismatch,uncertainty_query_policy,correction_efficiency,0.49374,0.03538,10,192
dynamics_mismatch,uncertainty_query_policy,damage,0.05781,0.01471,10,192
dynamics_mismatch,uncertainty_query_policy,intervention_magnitude,0.49181,0.01014,10,192
dynamics_mismatch,uncertainty_query_policy,boundary_error,0.29795,0.01248,10,192
dynamics_mismatch,uncertainty_query_policy,intent_preservation,0.57497,0.00517,10,192
dynamics_mismatch,uncertainty_query_policy,query_rate,1.00000,0.00000,10,192
dynamics_mismatch,uncertainty_query_policy,human_time,0.39476,0.00649,10,192
dynamics_mismatch,uncertainty_query_policy,unsafe_override,0.12917,0.01262,10,192
dynamics_mismatch,uncertainty_query_policy,calibration_error,0.19421,0.00710,10,192
dynamics_mismatch,uncertainty_query_policy,regret_to_oracle,0.21789,0.00715,10,192
dynamics_mismatch,uncertainty_query_policy,intervention_sparsity,0.51491,0.00751,10,192
dynamics_mismatch,uncertainty_query_policy,robust_utility,0.53814,0.03560,10,192
nominal_correction,active_entropy_query_policy,task_success,0.47760,0.03243,10,192
nominal_correction,active_entropy_query_policy,correction_efficiency,0.84890,0.07231,10,192
nominal_correction,active_entropy_query_policy,damage,0.03438,0.00462,10,192
nominal_correction,active_entropy_query_policy,intervention_magnitude,0.22066,0.00545,10,192
nominal_correction,active_entropy_query_policy,boundary_error,0.33702,0.00711,10,192
nominal_correction,active_entropy_query_policy,intent_preservation,0.67847,0.00401,10,192
nominal_correction,active_entropy_query_policy,query_rate,0.19323,0.02638,10,192
nominal_correction,active_entropy_query_policy,human_time,0.06830,0.00569,10,192
nominal_correction,active_entropy_query_policy,unsafe_override,0.03646,0.00730,10,192
nominal_correction,active_entropy_query_policy,calibration_error,0.14767,0.00419,10,192
nominal_correction,active_entropy_query_policy,regret_to_oracle,0.17028,0.00403,10,192
nominal_correction,active_entropy_query_policy,intervention_sparsity,0.61443,0.00492,10,192
nominal_correction,active_entropy_query_policy,robust_utility,0.75213,0.04680,10,192
nominal_correction,dagger_full_correction,task_success,0.56250,0.02328,10,192
nominal_correction,dagger_full_correction,correction_efficiency,1.01070,0.04759,10,192
nominal_correction,dagger_full_correction,damage,0.04636,0.01059,10,192
nominal_correction,dagger_full_correction,intervention_magnitude,0.31125,0.00877,10,192
nominal_correction,dagger_full_correction,boundary_error,0.26077,0.01444,10,192
nominal_correction,dagger_full_correction,intent_preservation,0.67095,0.00440,10,192
nominal_correction,dagger_full_correction,query_rate,1.00000,0.00000,10,192
nominal_correction,dagger_full_correction,human_time,0.62920,0.00561,10,192
nominal_correction,dagger_full_correction,unsafe_override,0.06042,0.00940,10,192
nominal_correction,dagger_full_correction,calibration_error,0.07478,0.00518,10,192
nominal_correction,dagger_full_correction,regret_to_oracle,0.11344,0.00578,10,192
nominal_correction,dagger_full_correction,intervention_sparsity,0.43479,0.00568,10,192
nominal_correction,dagger_full_correction,robust_utility,0.82448,0.03047,10,192
nominal_correction,full_demo_imitation,task_success,0.56510,0.02105,10,192
nominal_correction,full_demo_imitation,correction_efficiency,1.05665,0.04342,10,192
nominal_correction,full_demo_imitation,damage,0.04323,0.00939,10,192
nominal_correction,full_demo_imitation,intervention_magnitude,0.32977,0.00878,10,192
nominal_correction,full_demo_imitation,boundary_error,0.25638,0.01600,10,192
nominal_correction,full_demo_imitation,intent_preservation,0.68035,0.00524,10,192
nominal_correction,full_demo_imitation,query_rate,1.00000,0.00000,10,192
nominal_correction,full_demo_imitation,human_time,0.64105,0.00562,10,192
nominal_correction,full_demo_imitation,unsafe_override,0.05364,0.00820,10,192
nominal_correction,full_demo_imitation,calibration_error,0.07398,0.00433,10,192
nominal_correction,full_demo_imitation,regret_to_oracle,0.09749,0.00594,10,192
nominal_correction,full_demo_imitation,intervention_sparsity,0.40818,0.00698,10,192
nominal_correction,full_demo_imitation,robust_utility,0.84008,0.03071,10,192
nominal_correction,inverse_rl_correction_proxy,task_success,0.50209,0.01859,10,192
nominal_correction,inverse_rl_correction_proxy,correction_efficiency,0.74789,0.03776,10,192
nominal_correction,inverse_rl_correction_proxy,damage,0.04896,0.00794,10,192
nominal_correction,inverse_rl_correction_proxy,intervention_magnitude,0.31042,0.00501,10,192
nominal_correction,inverse_rl_correction_proxy,boundary_error,0.40618,0.01340,10,192
nominal_correction,inverse_rl_correction_proxy,intent_preservation,0.82094,0.00405,10,192
nominal_correction,inverse_rl_correction_proxy,query_rate,1.00000,0.00000,10,192
nominal_correction,inverse_rl_correction_proxy,human_time,0.27867,0.00321,10,192
nominal_correction,inverse_rl_correction_proxy,unsafe_override,0.06719,0.01277,10,192
nominal_correction,inverse_rl_correction_proxy,calibration_error,0.11586,0.00313,10,192
nominal_correction,inverse_rl_correction_proxy,regret_to_oracle,0.16098,0.00468,10,192
nominal_correction,inverse_rl_correction_proxy,intervention_sparsity,0.41605,0.00779,10,192
nominal_correction,inverse_rl_correction_proxy,robust_utility,0.73733,0.02274,10,192
nominal_correction,minimum_intervention_boundary_learner_v5,task_success,0.60104,0.02819,10,192
nominal_correction,minimum_intervention_boundary_learner_v5,correction_efficiency,1.18039,0.06480,10,192
nominal_correction,minimum_intervention_boundary_learner_v5,damage,0.02708,0.00624,10,192
nominal_correction,minimum_intervention_boundary_learner_v5,intervention_magnitude,0.31694,0.00708,10,192
nominal_correction,minimum_intervention_boundary_learner_v5,boundary_error,0.19145,0.00492,10,192
nominal_correction,minimum_intervention_boundary_learner_v5,intent_preservation,0.70382,0.00368,10,192
nominal_correction,minimum_intervention_boundary_learner_v5,query_rate,0.11667,0.01181,10,192
nominal_correction,minimum_intervention_boundary_learner_v5,human_time,0.05281,0.00343,10,192
nominal_correction,minimum_intervention_boundary_learner_v5,unsafe_override,0.00000,0.00000,10,192
nominal_correction,minimum_intervention_boundary_learner_v5,calibration_error,0.20343,0.00271,10,192
nominal_correction,minimum_intervention_boundary_learner_v5,regret_to_oracle,0.06719,0.00242,10,192
nominal_correction,minimum_intervention_boundary_learner_v5,intervention_sparsity,0.44207,0.00298,10,192
nominal_correction,minimum_intervention_boundary_learner_v5,robust_utility,0.95787,0.04146,10,192
nominal_correction,minimum_intervention_learner_v4,task_success,0.60156,0.02009,10,192
nominal_correction,minimum_intervention_learner_v4,correction_efficiency,1.20805,0.04347,10,192
nominal_correction,minimum_intervention_learner_v4,damage,0.03958,0.00864,10,192
nominal_correction,minimum_intervention_learner_v4,intervention_magnitude,0.33470,0.00851,10,192
nominal_correction,minimum_intervention_learner_v4,boundary_error,0.18512,0.00562,10,192
nominal_correction,minimum_intervention_learner_v4,intent_preservation,0.69769,0.00401,10,192
nominal_correction,minimum_intervention_learner_v4,query_rate,1.00000,0.00000,10,192
nominal_correction,minimum_intervention_learner_v4,human_time,0.29420,0.00545,10,192
nominal_correction,minimum_intervention_learner_v4,unsafe_override,0.05677,0.01365,10,192
nominal_correction,minimum_intervention_learner_v4,calibration_error,0.03425,0.00119,10,192
nominal_correction,minimum_intervention_learner_v4,regret_to_oracle,0.06527,0.00212,10,192
nominal_correction,minimum_intervention_learner_v4,intervention_sparsity,0.41776,0.00387,10,192
nominal_correction,minimum_intervention_learner_v4,robust_utility,0.92920,0.02708,10,192
nominal_correction,no_human_baseline,task_success,0.23698,0.01141,10,192
nominal_correction,no_human_baseline,correction_efficiency,0.00000,0.00000,10,192
nominal_correction,no_human_baseline,damage,0.03385,0.00904,10,192
nominal_correction,no_human_baseline,intervention_magnitude,0.00000,0.00000,10,192
nominal_correction,no_human_baseline,boundary_error,1.00000,0.00000,10,192
nominal_correction,no_human_baseline,intent_preservation,0.63083,0.00117,10,192
nominal_correction,no_human_baseline,query_rate,0.00000,0.00000,10,192
nominal_correction,no_human_baseline,human_time,0.02000,0.00000,10,192
nominal_correction,no_human_baseline,unsafe_override,0.03021,0.00758,10,192
nominal_correction,no_human_baseline,calibration_error,0.08444,0.00320,10,192
nominal_correction,no_human_baseline,regret_to_oracle,0.42519,0.00513,10,192
nominal_correction,no_human_baseline,intervention_sparsity,1.00000,0.00000,10,192
nominal_correction,no_human_baseline,robust_utility,0.34203,0.01058,10,192
nominal_correction,oracle_minimal_correction,task_success,0.62552,0.02265,10,192
nominal_correction,oracle_minimal_correction,correction_efficiency,1.23338,0.05132,10,192
nominal_correction,oracle_minimal_correction,damage,0.02917,0.01068,10,192
nominal_correction,oracle_minimal_correction,intervention_magnitude,0.30448,0.00694,10,192
nominal_correction,oracle_minimal_correction,boundary_error,0.15753,0.00584,10,192
nominal_correction,oracle_minimal_correction,intent_preservation,0.67948,0.00477,10,192
nominal_correction,oracle_minimal_correction,query_rate,1.00000,0.00000,10,192
nominal_correction,oracle_minimal_correction,human_time,0.27487,0.00444,10,192
nominal_correction,oracle_minimal_correction,unsafe_override,0.00000,0.00000,10,192
nominal_correction,oracle_minimal_correction,calibration_error,0.32448,0.00321,10,192
nominal_correction,oracle_minimal_correction,regret_to_oracle,0.02719,0.00032,10,192
nominal_correction,oracle_minimal_correction,intervention_sparsity,0.46812,0.00185,10,192
nominal_correction,oracle_minimal_correction,robust_utility,0.98107,0.03266,10,192
nominal_correction,preference_only_ranker,task_success,0.57656,0.02565,10,192
nominal_correction,preference_only_ranker,correction_efficiency,1.13571,0.04294,10,192
nominal_correction,preference_only_ranker,damage,0.03698,0.00537,10,192
nominal_correction,preference_only_ranker,intervention_magnitude,0.27642,0.00678,10,192
nominal_correction,preference_only_ranker,boundary_error,0.15480,0.00373,10,192
nominal_correction,preference_only_ranker,intent_preservation,0.64745,0.00459,10,192
nominal_correction,preference_only_ranker,query_rate,0.55573,0.02748,10,192
nominal_correction,preference_only_ranker,human_time,0.15205,0.00717,10,192
nominal_correction,preference_only_ranker,unsafe_override,0.05052,0.00746,10,192
nominal_correction,preference_only_ranker,calibration_error,0.05316,0.00140,10,192
nominal_correction,preference_only_ranker,regret_to_oracle,0.09528,0.00285,10,192
nominal_correction,preference_only_ranker,intervention_sparsity,0.51825,0.00478,10,192
nominal_correction,preference_only_ranker,robust_utility,0.89628,0.03415,10,192
nominal_correction,residual_correction_learner,task_success,0.51927,0.01709,10,192
nominal_correction,residual_correction_learner,correction_efficiency,0.93019,0.02209,10,192
nominal_correction,residual_correction_learner,damage,0.04427,0.00594,10,192
nominal_correction,residual_correction_learner,intervention_magnitude,0.29499,0.00738,10,192
nominal_correction,residual_correction_learner,boundary_error,0.31096,0.01414,10,192
nominal_correction,residual_correction_learner,intent_preservation,0.63293,0.00553,10,192
nominal_correction,residual_correction_learner,query_rate,1.00000,0.00000,10,192
nominal_correction,residual_correction_learner,human_time,0.26879,0.00472,10,192
nominal_correction,residual_correction_learner,unsafe_override,0.05469,0.00851,10,192
nominal_correction,residual_correction_learner,calibration_error,0.08967,0.00516,10,192
nominal_correction,residual_correction_learner,regret_to_oracle,0.13771,0.00678,10,192
nominal_correction,residual_correction_learner,intervention_sparsity,0.46157,0.00784,10,192
nominal_correction,residual_correction_learner,robust_utility,0.77885,0.02370,10,192
nominal_correction,robust_mpc_correction,task_success,0.59844,0.03391,10,192
nominal_correction,robust_mpc_correction,correction_efficiency,1.26793,0.07795,10,192
nominal_correction,robust_mpc_correction,damage,0.03750,0.00758,10,192
nominal_correction,robust_mpc_correction,intervention_magnitude,0.33689,0.00767,10,192
nominal_correction,robust_mpc_correction,boundary_error,0.14799,0.00617,10,192
nominal_correction,robust_mpc_correction,intent_preservation,0.65057,0.00519,10,192
nominal_correction,robust_mpc_correction,query_rate,1.00000,0.00000,10,192
nominal_correction,robust_mpc_correction,human_time,0.29561,0.00491,10,192
nominal_correction,robust_mpc_correction,unsafe_override,0.00000,0.00000,10,192
nominal_correction,robust_mpc_correction,calibration_error,0.03202,0.00159,10,192
nominal_correction,robust_mpc_correction,regret_to_oracle,0.04772,0.00150,10,192
nominal_correction,robust_mpc_correction,intervention_sparsity,0.41016,0.00154,10,192
nominal_correction,robust_mpc_correction,robust_utility,0.94966,0.05035,10,192
nominal_correction,safety_filtered_residual,task_success,0.54479,0.02164,10,192
nominal_correction,safety_filtered_residual,correction_efficiency,1.04281,0.04606,10,192
nominal_correction,safety_filtered_residual,damage,0.03177,0.00598,10,192
nominal_correction,safety_filtered_residual,intervention_magnitude,0.26247,0.00745,10,192
nominal_correction,safety_filtered_residual,boundary_error,0.23664,0.01042,10,192
nominal_correction,safety_filtered_residual,intent_preservation,0.62517,0.00546,10,192
nominal_correction,safety_filtered_residual,query_rate,1.00000,0.00000,10,192
nominal_correction,safety_filtered_residual,human_time,0.24798,0.00477,10,192
nominal_correction,safety_filtered_residual,unsafe_override,0.00000,0.00000,10,192
nominal_correction,safety_filtered_residual,calibration_error,0.08079,0.00451,10,192
nominal_correction,safety_filtered_residual,regret_to_oracle,0.11385,0.00497,10,192
nominal_correction,safety_filtered_residual,intervention_sparsity,0.54896,0.00618,10,192
nominal_correction,safety_filtered_residual,robust_utility,0.85525,0.03151,10,192
nominal_correction,uncertainty_query_policy,task_success,0.49323,0.01931,10,192
nominal_correction,uncertainty_query_policy,correction_efficiency,0.86174,0.03298,10,192
nominal_correction,uncertainty_query_policy,damage,0.03281,0.00682,10,192
nominal_correction,uncertainty_query_policy,intervention_magnitude,0.22055,0.00452,10,192
nominal_correction,uncertainty_query_policy,boundary_error,0.36065,0.00723,10,192
nominal_correction,uncertainty_query_policy,intent_preservation,0.63235,0.00499,10,192
nominal_correction,uncertainty_query_policy,query_rate,0.29635,0.02033,10,192
nominal_correction,uncertainty_query_policy,human_time,0.09648,0.00443,10,192
nominal_correction,uncertainty_query_policy,unsafe_override,0.05000,0.00864,10,192
nominal_correction,uncertainty_query_policy,calibration_error,0.13827,0.00417,10,192
nominal_correction,uncertainty_query_policy,regret_to_oracle,0.18606,0.00540,10,192
nominal_correction,uncertainty_query_policy,intervention_sparsity,0.60755,0.00599,10,192
nominal_correction,uncertainty_query_policy,robust_utility,0.75999,0.02543,10,192
overcorrection_bias,active_entropy_query_policy,task_success,0.47604,0.02991,10,192
overcorrection_bias,active_entropy_query_policy,correction_efficiency,0.81044,0.05084,10,192
overcorrection_bias,active_entropy_query_policy,damage,0.03542,0.00694,10,192
overcorrection_bias,active_entropy_query_policy,intervention_magnitude,0.25098,0.00412,10,192
overcorrection_bias,active_entropy_query_policy,boundary_error,0.33824,0.00482,10,192
overcorrection_bias,active_entropy_query_policy,intent_preservation,0.64359,0.00407,10,192
overcorrection_bias,active_entropy_query_policy,query_rate,0.18750,0.01967,10,192
overcorrection_bias,active_entropy_query_policy,human_time,0.07532,0.00540,10,192
overcorrection_bias,active_entropy_query_policy,unsafe_override,0.07813,0.01149,10,192
overcorrection_bias,active_entropy_query_policy,calibration_error,0.15779,0.00310,10,192
overcorrection_bias,active_entropy_query_policy,regret_to_oracle,0.17606,0.00336,10,192
overcorrection_bias,active_entropy_query_policy,intervention_sparsity,0.59931,0.00404,10,192
overcorrection_bias,active_entropy_query_policy,robust_utility,0.72429,0.03983,10,192
overcorrection_bias,dagger_full_correction,task_success,0.55469,0.01363,10,192
overcorrection_bias,dagger_full_correction,correction_efficiency,0.94852,0.02751,10,192
overcorrection_bias,dagger_full_correction,damage,0.08177,0.01189,10,192
overcorrection_bias,dagger_full_correction,intervention_magnitude,0.43152,0.00700,10,192
overcorrection_bias,dagger_full_correction,boundary_error,0.37993,0.01372,10,192
overcorrection_bias,dagger_full_correction,intent_preservation,0.65552,0.00378,10,192
overcorrection_bias,dagger_full_correction,query_rate,1.00000,0.00000,10,192
overcorrection_bias,dagger_full_correction,human_time,0.70617,0.00448,10,192
overcorrection_bias,dagger_full_correction,unsafe_override,0.10052,0.01560,10,192
overcorrection_bias,dagger_full_correction,calibration_error,0.06404,0.00308,10,192
overcorrection_bias,dagger_full_correction,regret_to_oracle,0.10451,0.00432,10,192
overcorrection_bias,dagger_full_correction,intervention_sparsity,0.30033,0.01103,10,192
overcorrection_bias,dagger_full_correction,robust_utility,0.76115,0.01928,10,192
overcorrection_bias,full_demo_imitation,task_success,0.54688,0.01984,10,192
overcorrection_bias,full_demo_imitation,correction_efficiency,0.91353,0.03925,10,192
overcorrection_bias,full_demo_imitation,damage,0.10729,0.01380,10,192
overcorrection_bias,full_demo_imitation,intervention_magnitude,0.47833,0.00650,10,192
overcorrection_bias,full_demo_imitation,boundary_error,0.48916,0.01434,10,192
overcorrection_bias,full_demo_imitation,intent_preservation,0.66208,0.00433,10,192
overcorrection_bias,full_demo_imitation,query_rate,1.00000,0.00000,10,192
overcorrection_bias,full_demo_imitation,human_time,0.73613,0.00416,10,192
overcorrection_bias,full_demo_imitation,unsafe_override,0.13906,0.01801,10,192
overcorrection_bias,full_demo_imitation,calibration_error,0.07451,0.00325,10,192
overcorrection_bias,full_demo_imitation,regret_to_oracle,0.10632,0.00465,10,192
overcorrection_bias,full_demo_imitation,intervention_sparsity,0.23448,0.01180,10,192
overcorrection_bias,full_demo_imitation,robust_utility,0.71779,0.02668,10,192
overcorrection_bias,inverse_rl_correction_proxy,task_success,0.47865,0.02611,10,192
overcorrection_bias,inverse_rl_correction_proxy,correction_efficiency,0.70231,0.04403,10,192
overcorrection_bias,inverse_rl_correction_proxy,damage,0.04010,0.00806,10,192
overcorrection_bias,inverse_rl_correction_proxy,intervention_magnitude,0.32258,0.00417,10,192
overcorrection_bias,inverse_rl_correction_proxy,boundary_error,0.36746,0.01119,10,192
overcorrection_bias,inverse_rl_correction_proxy,intent_preservation,0.77560,0.00454,10,192
overcorrection_bias,inverse_rl_correction_proxy,query_rate,1.00000,0.00000,10,192
overcorrection_bias,inverse_rl_correction_proxy,human_time,0.28645,0.00267,10,192
overcorrection_bias,inverse_rl_correction_proxy,unsafe_override,0.08021,0.01120,10,192
overcorrection_bias,inverse_rl_correction_proxy,calibration_error,0.11530,0.00204,10,192
overcorrection_bias,inverse_rl_correction_proxy,regret_to_oracle,0.16192,0.00402,10,192
overcorrection_bias,inverse_rl_correction_proxy,intervention_sparsity,0.45601,0.00483,10,192
overcorrection_bias,inverse_rl_correction_proxy,robust_utility,0.70058,0.03667,10,192
overcorrection_bias,minimum_intervention_boundary_learner_v5,task_success,0.58802,0.03083,10,192
overcorrection_bias,minimum_intervention_boundary_learner_v5,correction_efficiency,1.10134,0.05732,10,192
overcorrection_bias,minimum_intervention_boundary_learner_v5,damage,0.03333,0.00794,10,192
overcorrection_bias,minimum_intervention_boundary_learner_v5,intervention_magnitude,0.35397,0.00528,10,192
overcorrection_bias,minimum_intervention_boundary_learner_v5,boundary_error,0.17586,0.00795,10,192
overcorrection_bias,minimum_intervention_boundary_learner_v5,intent_preservation,0.66171,0.00401,10,192
overcorrection_bias,minimum_intervention_boundary_learner_v5,query_rate,0.12552,0.01897,10,192
overcorrection_bias,minimum_intervention_boundary_learner_v5,human_time,0.05603,0.00597,10,192
overcorrection_bias,minimum_intervention_boundary_learner_v5,unsafe_override,0.00000,0.00000,10,192
overcorrection_bias,minimum_intervention_boundary_learner_v5,calibration_error,0.16652,0.00355,10,192
overcorrection_bias,minimum_intervention_boundary_learner_v5,regret_to_oracle,0.05963,0.00190,10,192
overcorrection_bias,minimum_intervention_boundary_learner_v5,intervention_sparsity,0.43414,0.00308,10,192
overcorrection_bias,minimum_intervention_boundary_learner_v5,robust_utility,0.91819,0.04013,10,192
overcorrection_bias,minimum_intervention_learner_v4,task_success,0.57604,0.02658,10,192
overcorrection_bias,minimum_intervention_learner_v4,correction_efficiency,1.08484,0.05592,10,192
overcorrection_bias,minimum_intervention_learner_v4,damage,0.05521,0.01120,10,192
overcorrection_bias,minimum_intervention_learner_v4,intervention_magnitude,0.37466,0.00649,10,192
overcorrection_bias,minimum_intervention_learner_v4,boundary_error,0.17672,0.00470,10,192
overcorrection_bias,minimum_intervention_learner_v4,intent_preservation,0.65943,0.00410,10,192
overcorrection_bias,minimum_intervention_learner_v4,query_rate,1.00000,0.00000,10,192
overcorrection_bias,minimum_intervention_learner_v4,human_time,0.31978,0.00416,10,192
overcorrection_bias,minimum_intervention_learner_v4,unsafe_override,0.09635,0.00891,10,192
overcorrection_bias,minimum_intervention_learner_v4,calibration_error,0.03248,0.00158,10,192
overcorrection_bias,minimum_intervention_learner_v4,regret_to_oracle,0.06265,0.00229,10,192
overcorrection_bias,minimum_intervention_learner_v4,intervention_sparsity,0.40716,0.00341,10,192
overcorrection_bias,minimum_intervention_learner_v4,robust_utility,0.85071,0.03714,10,192
overcorrection_bias,no_human_baseline,task_success,0.20156,0.01199,10,192
overcorrection_bias,no_human_baseline,correction_efficiency,0.00000,0.00000,10,192
overcorrection_bias,no_human_baseline,damage,0.04531,0.00715,10,192
overcorrection_bias,no_human_baseline,intervention_magnitude,0.00000,0.00000,10,192
overcorrection_bias,no_human_baseline,boundary_error,1.00000,0.00000,10,192
overcorrection_bias,no_human_baseline,intent_preservation,0.62671,0.00117,10,192
overcorrection_bias,no_human_baseline,query_rate,0.00000,0.00000,10,192
overcorrection_bias,no_human_baseline,human_time,0.02000,0.00000,10,192
overcorrection_bias,no_human_baseline,unsafe_override,0.04636,0.01070,10,192
overcorrection_bias,no_human_baseline,calibration_error,0.08127,0.00241,10,192
overcorrection_bias,no_human_baseline,regret_to_oracle,0.43769,0.00448,10,192
overcorrection_bias,no_human_baseline,intervention_sparsity,1.00000,0.00000,10,192
overcorrection_bias,no_human_baseline,robust_utility,0.29559,0.01260,10,192
overcorrection_bias,oracle_minimal_correction,task_success,0.60625,0.01730,10,192
overcorrection_bias,oracle_minimal_correction,correction_efficiency,1.13104,0.03861,10,192
overcorrection_bias,oracle_minimal_correction,damage,0.02969,0.00901,10,192
overcorrection_bias,oracle_minimal_correction,intervention_magnitude,0.33219,0.00512,10,192
overcorrection_bias,oracle_minimal_correction,boundary_error,0.15508,0.00744,10,192
overcorrection_bias,oracle_minimal_correction,intent_preservation,0.64842,0.00415,10,192
overcorrection_bias,oracle_minimal_correction,query_rate,1.00000,0.00000,10,192
overcorrection_bias,oracle_minimal_correction,human_time,0.29260,0.00328,10,192
overcorrection_bias,oracle_minimal_correction,unsafe_override,0.00000,0.00000,10,192
overcorrection_bias,oracle_minimal_correction,calibration_error,0.33619,0.00455,10,192
overcorrection_bias,oracle_minimal_correction,regret_to_oracle,0.02700,0.00023,10,192
overcorrection_bias,oracle_minimal_correction,intervention_sparsity,0.47062,0.00265,10,192
overcorrection_bias,oracle_minimal_correction,robust_utility,0.93430,0.02651,10,192
overcorrection_bias,preference_only_ranker,task_success,0.55365,0.01395,10,192
overcorrection_bias,preference_only_ranker,correction_efficiency,1.03159,0.02835,10,192
overcorrection_bias,preference_only_ranker,damage,0.03438,0.00749,10,192
overcorrection_bias,preference_only_ranker,intervention_magnitude,0.30271,0.00520,10,192
overcorrection_bias,preference_only_ranker,boundary_error,0.17613,0.00502,10,192
overcorrection_bias,preference_only_ranker,intent_preservation,0.62094,0.00394,10,192
overcorrection_bias,preference_only_ranker,query_rate,0.55573,0.01077,10,192
overcorrection_bias,preference_only_ranker,human_time,0.16097,0.00262,10,192
overcorrection_bias,preference_only_ranker,unsafe_override,0.08385,0.00853,10,192
overcorrection_bias,preference_only_ranker,calibration_error,0.05661,0.00214,10,192
overcorrection_bias,preference_only_ranker,regret_to_oracle,0.10445,0.00326,10,192
overcorrection_bias,preference_only_ranker,intervention_sparsity,0.51361,0.00313,10,192
overcorrection_bias,preference_only_ranker,robust_utility,0.83840,0.02064,10,192
overcorrection_bias,residual_correction_learner,task_success,0.53750,0.02292,10,192
overcorrection_bias,residual_correction_learner,correction_efficiency,0.94883,0.04079,10,192
overcorrection_bias,residual_correction_learner,damage,0.06875,0.00677,10,192
overcorrection_bias,residual_correction_learner,intervention_magnitude,0.40399,0.00572,10,192
overcorrection_bias,residual_correction_learner,boundary_error,0.41001,0.01277,10,192
overcorrection_bias,residual_correction_learner,intent_preservation,0.61696,0.00636,10,192
overcorrection_bias,residual_correction_learner,query_rate,1.00000,0.00000,10,192
overcorrection_bias,residual_correction_learner,human_time,0.33855,0.00366,10,192
overcorrection_bias,residual_correction_learner,unsafe_override,0.09479,0.01262,10,192
overcorrection_bias,residual_correction_learner,calibration_error,0.07672,0.00382,10,192
overcorrection_bias,residual_correction_learner,regret_to_oracle,0.11806,0.00537,10,192
overcorrection_bias,residual_correction_learner,intervention_sparsity,0.34556,0.01107,10,192
overcorrection_bias,residual_correction_learner,robust_utility,0.76620,0.03131,10,192
overcorrection_bias,robust_mpc_correction,task_success,0.59375,0.03066,10,192
overcorrection_bias,robust_mpc_correction,correction_efficiency,1.17564,0.06636,10,192
overcorrection_bias,robust_mpc_correction,damage,0.04583,0.00858,10,192
overcorrection_bias,robust_mpc_correction,intervention_magnitude,0.36796,0.00518,10,192
overcorrection_bias,robust_mpc_correction,boundary_error,0.13520,0.00453,10,192
overcorrection_bias,robust_mpc_correction,intent_preservation,0.62151,0.00418,10,192
overcorrection_bias,robust_mpc_correction,query_rate,1.00000,0.00000,10,192
overcorrection_bias,robust_mpc_correction,human_time,0.31550,0.00332,10,192
overcorrection_bias,robust_mpc_correction,unsafe_override,0.00156,0.00156,10,192
overcorrection_bias,robust_mpc_correction,calibration_error,0.03546,0.00192,10,192
overcorrection_bias,robust_mpc_correction,regret_to_oracle,0.04583,0.00164,10,192
overcorrection_bias,robust_mpc_correction,intervention_sparsity,0.41269,0.00156,10,192
overcorrection_bias,robust_mpc_correction,robust_utility,0.91535,0.04471,10,192
overcorrection_bias,safety_filtered_residual,task_success,0.56146,0.02366,10,192
overcorrection_bias,safety_filtered_residual,correction_efficiency,1.05375,0.04913,10,192
overcorrection_bias,safety_filtered_residual,damage,0.03385,0.00864,10,192
overcorrection_bias,safety_filtered_residual,intervention_magnitude,0.32848,0.00517,10,192
overcorrection_bias,safety_filtered_residual,boundary_error,0.22736,0.00850,10,192
overcorrection_bias,safety_filtered_residual,intent_preservation,0.60405,0.00418,10,192
overcorrection_bias,safety_filtered_residual,query_rate,1.00000,0.00000,10,192
overcorrection_bias,safety_filtered_residual,human_time,0.29022,0.00331,10,192
overcorrection_bias,safety_filtered_residual,unsafe_override,0.00104,0.00136,10,192
overcorrection_bias,safety_filtered_residual,calibration_error,0.08508,0.00409,10,192
overcorrection_bias,safety_filtered_residual,regret_to_oracle,0.09135,0.00403,10,192
overcorrection_bias,safety_filtered_residual,intervention_sparsity,0.48353,0.00434,10,192
overcorrection_bias,safety_filtered_residual,robust_utility,0.86503,0.03326,10,192
overcorrection_bias,uncertainty_query_policy,task_success,0.44792,0.02645,10,192
overcorrection_bias,uncertainty_query_policy,correction_efficiency,0.74256,0.04463,10,192
overcorrection_bias,uncertainty_query_policy,damage,0.05313,0.00802,10,192
overcorrection_bias,uncertainty_query_policy,intervention_magnitude,0.26783,0.00660,10,192
overcorrection_bias,uncertainty_query_policy,boundary_error,0.38446,0.00786,10,192
overcorrection_bias,uncertainty_query_policy,intent_preservation,0.61345,0.00511,10,192
overcorrection_bias,uncertainty_query_policy,query_rate,0.32552,0.01717,10,192
overcorrection_bias,uncertainty_query_policy,human_time,0.12389,0.00677,10,192
overcorrection_bias,uncertainty_query_policy,unsafe_override,0.08958,0.01351,10,192
overcorrection_bias,uncertainty_query_policy,calibration_error,0.14669,0.00307,10,192
overcorrection_bias,uncertainty_query_policy,regret_to_oracle,0.18958,0.00492,10,192
overcorrection_bias,uncertainty_query_policy,intervention_sparsity,0.56732,0.00537,10,192
overcorrection_bias,uncertainty_query_policy,robust_utility,0.66111,0.03578,10,192
sparse_corrections,active_entropy_query_policy,task_success,0.42396,0.01485,10,192
sparse_corrections,active_entropy_query_policy,correction_efficiency,0.64499,0.02793,10,192
sparse_corrections,active_entropy_query_policy,damage,0.03229,0.00872,10,192
sparse_corrections,active_entropy_query_policy,intervention_magnitude,0.25514,0.00403,10,192
sparse_corrections,active_entropy_query_policy,boundary_error,0.36255,0.00680,10,192
sparse_corrections,active_entropy_query_policy,intent_preservation,0.56472,0.00774,10,192
sparse_corrections,active_entropy_query_policy,query_rate,0.06302,0.01092,10,192
sparse_corrections,active_entropy_query_policy,human_time,0.03404,0.00256,10,192
sparse_corrections,active_entropy_query_policy,unsafe_override,0.06406,0.01735,10,192
sparse_corrections,active_entropy_query_policy,calibration_error,0.18979,0.00453,10,192
sparse_corrections,active_entropy_query_policy,regret_to_oracle,0.22816,0.00584,10,192
sparse_corrections,active_entropy_query_policy,intervention_sparsity,0.64096,0.00400,10,192
sparse_corrections,active_entropy_query_policy,robust_utility,0.63506,0.02211,10,192
sparse_corrections,dagger_full_correction,task_success,0.36250,0.02049,10,192
sparse_corrections,dagger_full_correction,correction_efficiency,0.46438,0.02834,10,192
sparse_corrections,dagger_full_correction,damage,0.04375,0.00890,10,192
sparse_corrections,dagger_full_correction,intervention_magnitude,0.29115,0.00528,10,192
sparse_corrections,dagger_full_correction,boundary_error,0.51172,0.01796,10,192
sparse_corrections,dagger_full_correction,intent_preservation,0.57439,0.00798,10,192
sparse_corrections,dagger_full_correction,query_rate,1.00000,0.00000,10,192
sparse_corrections,dagger_full_correction,human_time,0.61633,0.00338,10,192
sparse_corrections,dagger_full_correction,unsafe_override,0.07604,0.01067,10,192
sparse_corrections,dagger_full_correction,calibration_error,0.22046,0.00723,10,192
sparse_corrections,dagger_full_correction,regret_to_oracle,0.27664,0.00902,10,192
sparse_corrections,dagger_full_correction,intervention_sparsity,0.56383,0.00923,10,192
sparse_corrections,dagger_full_correction,robust_utility,0.49575,0.02752,10,192
sparse_corrections,full_demo_imitation,task_success,0.37708,0.02329,10,192
sparse_corrections,full_demo_imitation,correction_efficiency,0.47501,0.03453,10,192
sparse_corrections,full_demo_imitation,damage,0.05521,0.01275,10,192
sparse_corrections,full_demo_imitation,intervention_magnitude,0.29355,0.00614,10,192
sparse_corrections,full_demo_imitation,boundary_error,0.53865,0.01741,10,192
sparse_corrections,full_demo_imitation,intent_preservation,0.58263,0.00532,10,192
sparse_corrections,full_demo_imitation,query_rate,1.00000,0.00000,10,192
sparse_corrections,full_demo_imitation,human_time,0.61787,0.00393,10,192
sparse_corrections,full_demo_imitation,unsafe_override,0.08646,0.01248,10,192
sparse_corrections,full_demo_imitation,calibration_error,0.19021,0.00545,10,192
sparse_corrections,full_demo_imitation,regret_to_oracle,0.27955,0.00905,10,192
sparse_corrections,full_demo_imitation,intervention_sparsity,0.56231,0.00826,10,192
sparse_corrections,full_demo_imitation,robust_utility,0.50472,0.02969,10,192
sparse_corrections,inverse_rl_correction_proxy,task_success,0.46302,0.02580,10,192
sparse_corrections,inverse_rl_correction_proxy,correction_efficiency,0.68153,0.04495,10,192
sparse_corrections,inverse_rl_correction_proxy,damage,0.04688,0.00697,10,192
sparse_corrections,inverse_rl_correction_proxy,intervention_magnitude,0.33211,0.00592,10,192
sparse_corrections,inverse_rl_correction_proxy,boundary_error,0.33121,0.01314,10,192
sparse_corrections,inverse_rl_correction_proxy,intent_preservation,0.66877,0.00571,10,192
sparse_corrections,inverse_rl_correction_proxy,query_rate,1.00000,0.00000,10,192
sparse_corrections,inverse_rl_correction_proxy,human_time,0.29255,0.00379,10,192
sparse_corrections,inverse_rl_correction_proxy,unsafe_override,0.07500,0.00749,10,192
sparse_corrections,inverse_rl_correction_proxy,calibration_error,0.12533,0.00362,10,192
sparse_corrections,inverse_rl_correction_proxy,regret_to_oracle,0.18309,0.00559,10,192
sparse_corrections,inverse_rl_correction_proxy,intervention_sparsity,0.51526,0.00561,10,192
sparse_corrections,inverse_rl_correction_proxy,robust_utility,0.66712,0.03541,10,192
sparse_corrections,minimum_intervention_boundary_learner_v5,task_success,0.54427,0.02446,10,192
sparse_corrections,minimum_intervention_boundary_learner_v5,correction_efficiency,0.93329,0.04622,10,192
sparse_corrections,minimum_intervention_boundary_learner_v5,damage,0.04531,0.01119,10,192
sparse_corrections,minimum_intervention_boundary_learner_v5,intervention_magnitude,0.35927,0.00607,10,192
sparse_corrections,minimum_intervention_boundary_learner_v5,boundary_error,0.19311,0.00856,10,192
sparse_corrections,minimum_intervention_boundary_learner_v5,intent_preservation,0.58145,0.00788,10,192
sparse_corrections,minimum_intervention_boundary_learner_v5,query_rate,0.65521,0.01875,10,192
sparse_corrections,minimum_intervention_boundary_learner_v5,human_time,0.20545,0.00743,10,192
sparse_corrections,minimum_intervention_boundary_learner_v5,unsafe_override,0.00000,0.00000,10,192
sparse_corrections,minimum_intervention_boundary_learner_v5,calibration_error,0.14382,0.00422,10,192
sparse_corrections,minimum_intervention_boundary_learner_v5,regret_to_oracle,0.10410,0.00327,10,192
sparse_corrections,minimum_intervention_boundary_learner_v5,intervention_sparsity,0.48967,0.00400,10,192
sparse_corrections,minimum_intervention_boundary_learner_v5,robust_utility,0.81686,0.03317,10,192
sparse_corrections,minimum_intervention_learner_v4,task_success,0.57344,0.02456,10,192
sparse_corrections,minimum_intervention_learner_v4,correction_efficiency,0.99179,0.05039,10,192
sparse_corrections,minimum_intervention_learner_v4,damage,0.05104,0.00885,10,192
sparse_corrections,minimum_intervention_learner_v4,intervention_magnitude,0.39521,0.00527,10,192
sparse_corrections,minimum_intervention_learner_v4,boundary_error,0.18601,0.00717,10,192
sparse_corrections,minimum_intervention_learner_v4,intent_preservation,0.57889,0.00745,10,192
sparse_corrections,minimum_intervention_learner_v4,query_rate,1.00000,0.00000,10,192
sparse_corrections,minimum_intervention_learner_v4,human_time,0.33293,0.00338,10,192
sparse_corrections,minimum_intervention_learner_v4,unsafe_override,0.08333,0.00834,10,192
sparse_corrections,minimum_intervention_learner_v4,calibration_error,0.05263,0.00290,10,192
sparse_corrections,minimum_intervention_learner_v4,regret_to_oracle,0.09225,0.00409,10,192
sparse_corrections,minimum_intervention_learner_v4,intervention_sparsity,0.44898,0.00416,10,192
sparse_corrections,minimum_intervention_learner_v4,robust_utility,0.82448,0.03336,10,192
sparse_corrections,no_human_baseline,task_success,0.15625,0.01522,10,192
sparse_corrections,no_human_baseline,correction_efficiency,0.00000,0.00000,10,192
sparse_corrections,no_human_baseline,damage,0.04271,0.01074,10,192
sparse_corrections,no_human_baseline,intervention_magnitude,0.00000,0.00000,10,192
sparse_corrections,no_human_baseline,boundary_error,1.00000,0.00000,10,192
sparse_corrections,no_human_baseline,intent_preservation,0.56810,0.00227,10,192
sparse_corrections,no_human_baseline,query_rate,0.00000,0.00000,10,192
sparse_corrections,no_human_baseline,human_time,0.02000,0.00000,10,192
sparse_corrections,no_human_baseline,unsafe_override,0.05156,0.00705,10,192
sparse_corrections,no_human_baseline,calibration_error,0.08693,0.00152,10,192
sparse_corrections,no_human_baseline,regret_to_oracle,0.47081,0.00657,10,192
sparse_corrections,no_human_baseline,intervention_sparsity,1.00000,0.00000,10,192
sparse_corrections,no_human_baseline,robust_utility,0.24256,0.01802,10,192
sparse_corrections,oracle_minimal_correction,task_success,0.60000,0.01844,10,192
sparse_corrections,oracle_minimal_correction,correction_efficiency,1.04192,0.03092,10,192
sparse_corrections,oracle_minimal_correction,damage,0.03958,0.01110,10,192
sparse_corrections,oracle_minimal_correction,intervention_magnitude,0.37829,0.00645,10,192
sparse_corrections,oracle_minimal_correction,boundary_error,0.13971,0.00739,10,192
sparse_corrections,oracle_minimal_correction,intent_preservation,0.57123,0.00783,10,192
sparse_corrections,oracle_minimal_correction,query_rate,1.00000,0.00000,10,192
sparse_corrections,oracle_minimal_correction,human_time,0.32210,0.00413,10,192
sparse_corrections,oracle_minimal_correction,unsafe_override,0.00000,0.00000,10,192
sparse_corrections,oracle_minimal_correction,calibration_error,0.34510,0.00448,10,192
sparse_corrections,oracle_minimal_correction,regret_to_oracle,0.03500,0.00031,10,192
sparse_corrections,oracle_minimal_correction,intervention_sparsity,0.46871,0.00256,10,192
sparse_corrections,oracle_minimal_correction,robust_utility,0.89184,0.02106,10,192
sparse_corrections,preference_only_ranker,task_success,0.52031,0.02901,10,192
sparse_corrections,preference_only_ranker,correction_efficiency,0.87298,0.05606,10,192
sparse_corrections,preference_only_ranker,damage,0.04844,0.00746,10,192
sparse_corrections,preference_only_ranker,intervention_magnitude,0.33290,0.00468,10,192
sparse_corrections,preference_only_ranker,boundary_error,0.21562,0.00517,10,192
sparse_corrections,preference_only_ranker,intent_preservation,0.54830,0.00756,10,192
sparse_corrections,preference_only_ranker,query_rate,0.48438,0.02875,10,192
sparse_corrections,preference_only_ranker,human_time,0.15107,0.00942,10,192
sparse_corrections,preference_only_ranker,unsafe_override,0.07865,0.00867,10,192
sparse_corrections,preference_only_ranker,calibration_error,0.07552,0.00167,10,192
sparse_corrections,preference_only_ranker,regret_to_oracle,0.13961,0.00473,10,192
sparse_corrections,preference_only_ranker,intervention_sparsity,0.53133,0.00573,10,192
sparse_corrections,preference_only_ranker,robust_utility,0.75621,0.04241,10,192
sparse_corrections,residual_correction_learner,task_success,0.35938,0.01618,10,192
sparse_corrections,residual_correction_learner,correction_efficiency,0.46377,0.02329,10,192
sparse_corrections,residual_correction_learner,damage,0.05625,0.01206,10,192
sparse_corrections,residual_correction_learner,intervention_magnitude,0.25647,0.00335,10,192
sparse_corrections,residual_correction_learner,boundary_error,0.57221,0.01846,10,192
sparse_corrections,residual_correction_learner,intent_preservation,0.54726,0.00675,10,192
sparse_corrections,residual_correction_learner,query_rate,1.00000,0.00000,10,192
sparse_corrections,residual_correction_learner,human_time,0.24414,0.00214,10,192
sparse_corrections,residual_correction_learner,unsafe_override,0.06927,0.00806,10,192
sparse_corrections,residual_correction_learner,calibration_error,0.23347,0.00709,10,192
sparse_corrections,residual_correction_learner,regret_to_oracle,0.30316,0.00904,10,192
sparse_corrections,residual_correction_learner,intervention_sparsity,0.61415,0.00652,10,192
sparse_corrections,residual_correction_learner,robust_utility,0.50362,0.01822,10,192
sparse_corrections,robust_mpc_correction,task_success,0.60938,0.02430,10,192
sparse_corrections,robust_mpc_correction,correction_efficiency,1.11265,0.03860,10,192
sparse_corrections,robust_mpc_correction,damage,0.04583,0.00773,10,192
sparse_corrections,robust_mpc_correction,intervention_magnitude,0.41744,0.00634,10,192
sparse_corrections,robust_mpc_correction,boundary_error,0.12380,0.00396,10,192
sparse_corrections,robust_mpc_correction,intent_preservation,0.54571,0.00845,10,192
sparse_corrections,robust_mpc_correction,query_rate,1.00000,0.00000,10,192
sparse_corrections,robust_mpc_correction,human_time,0.34716,0.00406,10,192
sparse_corrections,robust_mpc_correction,unsafe_override,0.00156,0.00218,10,192
sparse_corrections,robust_mpc_correction,calibration_error,0.03387,0.00262,10,192
sparse_corrections,robust_mpc_correction,regret_to_oracle,0.05331,0.00150,10,192
sparse_corrections,robust_mpc_correction,intervention_sparsity,0.41240,0.00218,10,192
sparse_corrections,robust_mpc_correction,robust_utility,0.90583,0.03005,10,192
sparse_corrections,safety_filtered_residual,task_success,0.37136,0.02174,10,192
sparse_corrections,safety_filtered_residual,correction_efficiency,0.54238,0.03082,10,192
sparse_corrections,safety_filtered_residual,damage,0.04375,0.00667,10,192
sparse_corrections,safety_filtered_residual,intervention_magnitude,0.22696,0.00443,10,192
sparse_corrections,safety_filtered_residual,boundary_error,0.45646,0.01160,10,192
sparse_corrections,safety_filtered_residual,intent_preservation,0.53419,0.00867,10,192
sparse_corrections,safety_filtered_residual,query_rate,1.00000,0.00000,10,192
sparse_corrections,safety_filtered_residual,human_time,0.22525,0.00283,10,192
sparse_corrections,safety_filtered_residual,unsafe_override,0.00052,0.00102,10,192
sparse_corrections,safety_filtered_residual,calibration_error,0.19811,0.00595,10,192
sparse_corrections,safety_filtered_residual,regret_to_oracle,0.26072,0.00735,10,192
sparse_corrections,safety_filtered_residual,intervention_sparsity,0.68348,0.00598,10,192
sparse_corrections,safety_filtered_residual,robust_utility,0.56127,0.03026,10,192
sparse_corrections,uncertainty_query_policy,task_success,0.39844,0.02975,10,192
sparse_corrections,uncertainty_query_policy,correction_efficiency,0.56565,0.04232,10,192
sparse_corrections,uncertainty_query_policy,damage,0.04063,0.00425,10,192
sparse_corrections,uncertainty_query_policy,intervention_magnitude,0.28205,0.00695,10,192
sparse_corrections,uncertainty_query_policy,boundary_error,0.40991,0.01930,10,192
sparse_corrections,uncertainty_query_policy,intent_preservation,0.55761,0.00706,10,192
sparse_corrections,uncertainty_query_policy,query_rate,0.86719,0.01554,10,192
sparse_corrections,uncertainty_query_policy,human_time,0.23275,0.00656,10,192
sparse_corrections,uncertainty_query_policy,unsafe_override,0.09115,0.01462,10,192
sparse_corrections,uncertainty_query_policy,calibration_error,0.21358,0.00850,10,192
sparse_corrections,uncertainty_query_policy,regret_to_oracle,0.24305,0.00869,10,192
sparse_corrections,uncertainty_query_policy,intervention_sparsity,0.58667,0.00965,10,192
sparse_corrections,uncertainty_query_policy,robust_utility,0.56758,0.03541,10,192
