split,method,seed,rows,task_success,correction_efficiency,damage,intervention_magnitude,boundary_error,intent_preservation,query_rate,human_time,unsafe_override,calibration_error,regret_to_oracle,intervention_sparsity,robust_utility
adversarial_helpfulness,active_entropy_query_policy,0,192,0.41146,0.61392,0.05208,0.29539,0.33332,0.59603,0.60417,0.17563,0.07292,0.20719,0.21053,0.60997,0.59910
adversarial_helpfulness,active_entropy_query_policy,1,192,0.45312,0.67017,0.04688,0.29196,0.36244,0.56811,0.67708,0.19017,0.06250,0.24050,0.22166,0.62567,0.65527
adversarial_helpfulness,active_entropy_query_policy,2,192,0.43229,0.67159,0.05208,0.28024,0.35146,0.58119,0.66146,0.17613,0.10417,0.22743,0.22066,0.62440,0.62264
adversarial_helpfulness,active_entropy_query_policy,3,192,0.41667,0.62436,0.05208,0.28584,0.35778,0.59217,0.56250,0.15963,0.10938,0.22101,0.22632,0.62617,0.59742
adversarial_helpfulness,active_entropy_query_policy,4,192,0.42188,0.63252,0.05208,0.29237,0.34409,0.59515,0.64583,0.18720,0.10417,0.21824,0.22289,0.62381,0.60492
adversarial_helpfulness,active_entropy_query_policy,5,192,0.39062,0.59326,0.02604,0.29489,0.32927,0.56760,0.58854,0.17244,0.08854,0.21606,0.21632,0.61551,0.57961
adversarial_helpfulness,active_entropy_query_policy,6,192,0.46354,0.67664,0.05208,0.27456,0.35573,0.57884,0.66146,0.18057,0.09896,0.22710,0.22709,0.63184,0.65633
adversarial_helpfulness,active_entropy_query_policy,7,192,0.34896,0.52383,0.03125,0.29289,0.36324,0.56966,0.63542,0.18053,0.06250,0.23878,0.22921,0.62492,0.52763
adversarial_helpfulness,active_entropy_query_policy,8,192,0.34375,0.50581,0.04688,0.29455,0.33976,0.57243,0.61979,0.18231,0.07292,0.22599,0.22120,0.61792,0.50734
adversarial_helpfulness,active_entropy_query_policy,9,192,0.47396,0.69380,0.04688,0.28776,0.35415,0.58340,0.65625,0.19007,0.08854,0.22128,0.21432,0.62493,0.67596
adversarial_helpfulness,dagger_full_correction,0,192,0.39062,0.45275,0.02604,0.34317,0.55765,0.61462,1.00000,0.64963,0.07812,0.24630,0.30418,0.52402,0.53168
adversarial_helpfulness,dagger_full_correction,1,192,0.35417,0.42044,0.05208,0.32805,0.56225,0.58094,1.00000,0.63995,0.11458,0.26737,0.31068,0.55616,0.46203
adversarial_helpfulness,dagger_full_correction,2,192,0.37500,0.38819,0.05729,0.33007,0.62998,0.59464,1.00000,0.64124,0.07812,0.27835,0.33013,0.53406,0.48388
adversarial_helpfulness,dagger_full_correction,3,192,0.28125,0.34591,0.05208,0.33485,0.58729,0.59518,1.00000,0.64430,0.11979,0.25857,0.31404,0.53413,0.37181
adversarial_helpfulness,dagger_full_correction,4,192,0.33854,0.37988,0.04688,0.33235,0.54384,0.58715,1.00000,0.64270,0.11458,0.24531,0.30767,0.53593,0.43986
adversarial_helpfulness,dagger_full_correction,5,192,0.32292,0.37062,0.03646,0.33297,0.55301,0.58315,1.00000,0.64310,0.08854,0.25452,0.31073,0.53683,0.43441
adversarial_helpfulness,dagger_full_correction,6,192,0.26562,0.30807,0.04167,0.32180,0.61084,0.57104,1.00000,0.63595,0.09375,0.26951,0.33136,0.53198,0.35770
adversarial_helpfulness,dagger_full_correction,7,192,0.31771,0.37324,0.05729,0.33344,0.57799,0.58500,1.00000,0.64340,0.13542,0.26729,0.31748,0.54231,0.40632
adversarial_helpfulness,dagger_full_correction,8,192,0.32812,0.38964,0.03646,0.32689,0.59606,0.60033,1.00000,0.63921,0.13542,0.27059,0.32248,0.55074,0.43379
adversarial_helpfulness,dagger_full_correction,9,192,0.29167,0.34327,0.04167,0.32630,0.57184,0.59523,1.00000,0.63883,0.11979,0.25111,0.30512,0.53301,0.38726
adversarial_helpfulness,full_demo_imitation,0,192,0.28646,0.31058,0.05729,0.36407,0.58858,0.62379,1.00000,0.66301,0.11458,0.21328,0.30745,0.49540,0.36894
adversarial_helpfulness,full_demo_imitation,1,192,0.28125,0.27698,0.06250,0.35191,0.61386,0.59315,1.00000,0.65522,0.09375,0.23143,0.31606,0.52021,0.35707
adversarial_helpfulness,full_demo_imitation,2,192,0.29688,0.34236,0.06771,0.35799,0.65939,0.59988,1.00000,0.65911,0.07812,0.23534,0.33177,0.49722,0.38830
adversarial_helpfulness,full_demo_imitation,3,192,0.27604,0.31043,0.05208,0.35716,0.62942,0.58874,1.00000,0.65858,0.09896,0.22447,0.32208,0.50675,0.36178
adversarial_helpfulness,full_demo_imitation,4,192,0.30729,0.35513,0.05729,0.35209,0.60169,0.59288,1.00000,0.65534,0.11979,0.21975,0.32123,0.50857,0.39510
adversarial_helpfulness,full_demo_imitation,5,192,0.28125,0.32499,0.06771,0.35432,0.57716,0.58523,1.00000,0.65677,0.07812,0.21289,0.30989,0.51372,0.36788
adversarial_helpfulness,full_demo_imitation,6,192,0.29688,0.31387,0.07812,0.33955,0.66309,0.57173,1.00000,0.64731,0.13021,0.23175,0.34047,0.50795,0.35944
adversarial_helpfulness,full_demo_imitation,7,192,0.29688,0.33826,0.07812,0.35548,0.61751,0.58609,1.00000,0.65751,0.09896,0.22494,0.32339,0.51299,0.37521
adversarial_helpfulness,full_demo_imitation,8,192,0.31771,0.33923,0.04688,0.35493,0.63176,0.61193,1.00000,0.65715,0.08854,0.23072,0.32555,0.51522,0.41891
adversarial_helpfulness,full_demo_imitation,9,192,0.31771,0.33296,0.05729,0.34817,0.61410,0.59813,1.00000,0.65283,0.09375,0.21354,0.30960,0.50769,0.40868
adversarial_helpfulness,inverse_rl_correction_proxy,0,192,0.38542,0.55775,0.05729,0.34880,0.30608,0.67456,1.00000,0.30323,0.09375,0.11804,0.18383,0.53440,0.55285
adversarial_helpfulness,inverse_rl_correction_proxy,1,192,0.45312,0.64077,0.06771,0.34764,0.30212,0.63808,1.00000,0.30249,0.09375,0.12614,0.18172,0.55084,0.62952
adversarial_helpfulness,inverse_rl_correction_proxy,2,192,0.46354,0.69678,0.03125,0.34367,0.32272,0.65337,1.00000,0.29995,0.14062,0.12230,0.18524,0.52975,0.65914
adversarial_helpfulness,inverse_rl_correction_proxy,3,192,0.43229,0.61394,0.04688,0.34629,0.32271,0.66912,1.00000,0.30163,0.08854,0.12641,0.19154,0.54101,0.61865
adversarial_helpfulness,inverse_rl_correction_proxy,4,192,0.39583,0.58399,0.05729,0.34608,0.31608,0.66969,1.00000,0.30149,0.08854,0.11936,0.18837,0.54428,0.57043
adversarial_helpfulness,inverse_rl_correction_proxy,5,192,0.49479,0.68186,0.04167,0.34407,0.31993,0.64731,1.00000,0.30021,0.09375,0.12874,0.19284,0.54676,0.69486
adversarial_helpfulness,inverse_rl_correction_proxy,6,192,0.46354,0.67508,0.04688,0.33045,0.33109,0.66081,1.00000,0.29149,0.04167,0.12677,0.19657,0.54147,0.67588
adversarial_helpfulness,inverse_rl_correction_proxy,7,192,0.46354,0.63004,0.01562,0.34215,0.32666,0.64967,1.00000,0.29897,0.10938,0.12972,0.19890,0.55767,0.66229
adversarial_helpfulness,inverse_rl_correction_proxy,8,192,0.43229,0.62500,0.04167,0.34611,0.30546,0.65050,1.00000,0.30151,0.08854,0.13390,0.18997,0.54921,0.62179
adversarial_helpfulness,inverse_rl_correction_proxy,9,192,0.53125,0.75038,0.05208,0.34364,0.30957,0.66740,1.00000,0.29993,0.10417,0.11266,0.18103,0.54254,0.74048
adversarial_helpfulness,minimum_intervention_boundary_learner_v5,0,192,0.48438,0.75677,0.04688,0.36829,0.20788,0.60797,1.00000,0.31570,0.00000,0.12696,0.11916,0.51258,0.71695
adversarial_helpfulness,minimum_intervention_boundary_learner_v5,1,192,0.46875,0.74518,0.05729,0.36908,0.23074,0.57839,1.00000,0.31621,0.00000,0.14577,0.12495,0.52681,0.69020
adversarial_helpfulness,minimum_intervention_boundary_learner_v5,2,192,0.54688,0.91151,0.05208,0.36252,0.20808,0.58594,1.00000,0.31201,0.00000,0.12896,0.11788,0.51181,0.80805
adversarial_helpfulness,minimum_intervention_boundary_learner_v5,3,192,0.49479,0.78327,0.04688,0.36636,0.21642,0.60071,1.00000,0.31447,0.00000,0.13555,0.12718,0.51704,0.73253
adversarial_helpfulness,minimum_intervention_boundary_learner_v5,4,192,0.54167,0.87189,0.04167,0.37061,0.21115,0.60216,1.00000,0.31719,0.00000,0.12228,0.12505,0.51504,0.80157
adversarial_helpfulness,minimum_intervention_boundary_learner_v5,5,192,0.46875,0.76234,0.05208,0.37420,0.20469,0.57979,1.00000,0.31949,0.00000,0.13190,0.12106,0.50870,0.69581
adversarial_helpfulness,minimum_intervention_boundary_learner_v5,6,192,0.47396,0.78478,0.02604,0.35561,0.19918,0.58614,1.00000,0.30759,0.00521,0.12543,0.12544,0.51329,0.71963
adversarial_helpfulness,minimum_intervention_boundary_learner_v5,7,192,0.49479,0.76589,0.03125,0.37062,0.21526,0.57772,1.00000,0.31720,0.00000,0.14208,0.12645,0.52391,0.73406
adversarial_helpfulness,minimum_intervention_boundary_learner_v5,8,192,0.46354,0.73656,0.05729,0.36846,0.21858,0.58286,1.00000,0.31582,0.00521,0.14152,0.12907,0.52008,0.68190
adversarial_helpfulness,minimum_intervention_boundary_learner_v5,9,192,0.54167,0.85027,0.04688,0.36249,0.21721,0.58998,1.00000,0.31199,0.00521,0.13194,0.11873,0.52073,0.79159
adversarial_helpfulness,minimum_intervention_learner_v4,0,192,0.51042,0.86615,0.05729,0.41173,0.20424,0.60118,1.00000,0.34350,0.12500,0.06546,0.10611,0.46325,0.72204
adversarial_helpfulness,minimum_intervention_learner_v4,1,192,0.54167,0.88595,0.07292,0.43024,0.16748,0.56704,1.00000,0.35536,0.10938,0.06001,0.09243,0.45507,0.74851
adversarial_helpfulness,minimum_intervention_learner_v4,2,192,0.53125,0.89265,0.02604,0.41412,0.17722,0.58012,1.00000,0.34504,0.09896,0.05653,0.09487,0.45282,0.76891
adversarial_helpfulness,minimum_intervention_learner_v4,3,192,0.52083,0.86987,0.03646,0.41452,0.20200,0.59523,1.00000,0.34529,0.08854,0.06732,0.10689,0.46422,0.75351
adversarial_helpfulness,minimum_intervention_learner_v4,4,192,0.57812,0.96116,0.04688,0.41735,0.20975,0.60076,1.00000,0.34711,0.10938,0.06471,0.10632,0.46699,0.82041
adversarial_helpfulness,minimum_intervention_learner_v4,5,192,0.57292,0.92722,0.03125,0.42173,0.19319,0.57309,1.00000,0.34991,0.08333,0.06528,0.10358,0.45713,0.81893
adversarial_helpfulness,minimum_intervention_learner_v4,6,192,0.57812,0.94815,0.06250,0.39738,0.20419,0.58350,1.00000,0.33432,0.06250,0.06778,0.10892,0.46987,0.82102
adversarial_helpfulness,minimum_intervention_learner_v4,7,192,0.55208,0.89243,0.05208,0.42401,0.17918,0.57168,1.00000,0.35137,0.11979,0.06544,0.10022,0.46626,0.76961
adversarial_helpfulness,minimum_intervention_learner_v4,8,192,0.59896,0.96784,0.05729,0.42408,0.18320,0.57552,1.00000,0.35141,0.11979,0.06562,0.09862,0.45505,0.83031
adversarial_helpfulness,minimum_intervention_learner_v4,9,192,0.57292,0.96019,0.02604,0.41368,0.19292,0.59232,1.00000,0.34476,0.08333,0.05814,0.09804,0.46538,0.83204
adversarial_helpfulness,no_human_baseline,0,192,0.11458,0.00000,0.03125,0.00000,1.00000,0.61302,0.00000,0.02000,0.04167,0.08254,0.48270,1.00000,0.21546
adversarial_helpfulness,no_human_baseline,1,192,0.13021,0.00000,0.02083,0.00000,1.00000,0.60052,0.00000,0.02000,0.06771,0.08374,0.47218,1.00000,0.22758
adversarial_helpfulness,no_human_baseline,2,192,0.18229,0.00000,0.07812,0.00000,1.00000,0.60886,0.00000,0.02000,0.08854,0.08806,0.47273,1.00000,0.24513
adversarial_helpfulness,no_human_baseline,3,192,0.09375,0.00000,0.02604,0.00000,1.00000,0.61042,0.00000,0.02000,0.05208,0.08702,0.48021,1.00000,0.19408
adversarial_helpfulness,no_human_baseline,4,192,0.14062,0.00000,0.04688,0.00000,1.00000,0.60521,0.00000,0.02000,0.05208,0.08697,0.48457,1.00000,0.22944
adversarial_helpfulness,no_human_baseline,5,192,0.20312,0.00000,0.03125,0.00000,1.00000,0.60625,0.00000,0.02000,0.07292,0.08505,0.48165,1.00000,0.29437
adversarial_helpfulness,no_human_baseline,6,192,0.19271,0.00000,0.06771,0.00000,1.00000,0.60417,0.00000,0.02000,0.03125,0.08877,0.47544,1.00000,0.27639
adversarial_helpfulness,no_human_baseline,7,192,0.16667,0.00000,0.03646,0.00000,1.00000,0.60886,0.00000,0.02000,0.07292,0.09039,0.47400,1.00000,0.25554
adversarial_helpfulness,no_human_baseline,8,192,0.14583,0.00000,0.04688,0.00000,1.00000,0.61094,0.00000,0.02000,0.06771,0.08641,0.47913,1.00000,0.23102
adversarial_helpfulness,no_human_baseline,9,192,0.14062,0.00000,0.04688,0.00000,1.00000,0.60469,0.00000,0.02000,0.04688,0.08440,0.46917,1.00000,0.23083
adversarial_helpfulness,oracle_minimal_correction,0,192,0.62500,1.01698,0.01562,0.40407,0.13406,0.60262,1.00000,0.33861,0.00000,0.34256,0.02996,0.47115,0.92727
adversarial_helpfulness,oracle_minimal_correction,1,192,0.65104,1.00707,0.02604,0.41081,0.15730,0.57685,1.00000,0.34292,0.00000,0.36361,0.03151,0.47979,0.94260
adversarial_helpfulness,oracle_minimal_correction,2,192,0.59896,1.01722,0.02604,0.39795,0.13912,0.58251,1.00000,0.33469,0.00000,0.35068,0.03051,0.47145,0.89344
adversarial_helpfulness,oracle_minimal_correction,3,192,0.63021,1.02555,0.03125,0.40816,0.12790,0.59641,1.00000,0.34122,0.00000,0.34424,0.02944,0.46991,0.92525
adversarial_helpfulness,oracle_minimal_correction,4,192,0.54688,0.90277,0.03125,0.41106,0.12632,0.59763,1.00000,0.34308,0.00000,0.33966,0.03008,0.46792,0.81489
adversarial_helpfulness,oracle_minimal_correction,5,192,0.60417,0.94680,0.03125,0.41120,0.12978,0.57637,1.00000,0.34317,0.00000,0.34753,0.03085,0.46834,0.87912
adversarial_helpfulness,oracle_minimal_correction,6,192,0.55729,0.95578,0.04688,0.39944,0.12764,0.58181,1.00000,0.33564,0.00000,0.34279,0.03090,0.46616,0.82703
adversarial_helpfulness,oracle_minimal_correction,7,192,0.61979,0.97379,0.05208,0.41602,0.14097,0.57403,1.00000,0.34625,0.00000,0.35491,0.03045,0.47097,0.88953
adversarial_helpfulness,oracle_minimal_correction,8,192,0.58854,0.94463,0.04167,0.41189,0.13273,0.57842,1.00000,0.34361,0.00000,0.35104,0.03051,0.47230,0.85804
adversarial_helpfulness,oracle_minimal_correction,9,192,0.61458,1.02569,0.03646,0.40159,0.14531,0.58566,1.00000,0.33702,0.00000,0.35264,0.03095,0.47565,0.90603
adversarial_helpfulness,preference_only_ranker,0,192,0.51042,0.80165,0.07292,0.35130,0.24433,0.57584,0.55729,0.18159,0.11979,0.09085,0.15735,0.53646,0.70883
adversarial_helpfulness,preference_only_ranker,1,192,0.46875,0.70282,0.06771,0.35897,0.23051,0.54841,0.55729,0.17968,0.06771,0.09227,0.15298,0.54077,0.65945
adversarial_helpfulness,preference_only_ranker,2,192,0.52083,0.86246,0.01562,0.35309,0.24046,0.55953,0.55729,0.18032,0.08333,0.08446,0.15036,0.52852,0.77017
adversarial_helpfulness,preference_only_ranker,3,192,0.51042,0.81559,0.05208,0.35040,0.24722,0.57208,0.57812,0.18548,0.07292,0.09239,0.16072,0.54229,0.73548
adversarial_helpfulness,preference_only_ranker,4,192,0.44792,0.68150,0.04167,0.34698,0.24271,0.57493,0.51042,0.16312,0.09896,0.09328,0.16203,0.55049,0.64340
adversarial_helpfulness,preference_only_ranker,5,192,0.47917,0.76481,0.06250,0.35490,0.23069,0.55059,0.57812,0.19044,0.08333,0.09364,0.15493,0.53607,0.68140
adversarial_helpfulness,preference_only_ranker,6,192,0.48958,0.77998,0.03646,0.33404,0.26199,0.55753,0.54167,0.16726,0.09896,0.09642,0.16650,0.54948,0.70694
adversarial_helpfulness,preference_only_ranker,7,192,0.55208,0.85661,0.05208,0.35604,0.24077,0.54760,0.51562,0.16981,0.06771,0.09544,0.15978,0.54485,0.78528
adversarial_helpfulness,preference_only_ranker,8,192,0.47917,0.75190,0.07812,0.35680,0.23410,0.55367,0.56250,0.18153,0.09375,0.09111,0.15534,0.53701,0.66837
adversarial_helpfulness,preference_only_ranker,9,192,0.50521,0.80604,0.04688,0.34412,0.24596,0.56466,0.55208,0.17853,0.08333,0.08808,0.15521,0.55029,0.72771
adversarial_helpfulness,residual_correction_learner,0,192,0.31771,0.38755,0.06250,0.25633,0.58493,0.60624,1.00000,0.24405,0.07292,0.25229,0.32100,0.64126,0.44994
adversarial_helpfulness,residual_correction_learner,1,192,0.29688,0.33191,0.06250,0.24391,0.63036,0.57581,1.00000,0.23610,0.06250,0.28080,0.33745,0.67197,0.41772
adversarial_helpfulness,residual_correction_learner,2,192,0.28125,0.35348,0.04167,0.23498,0.64258,0.57750,1.00000,0.23039,0.06250,0.27732,0.34165,0.66446,0.41778
adversarial_helpfulness,residual_correction_learner,3,192,0.31771,0.42854,0.05208,0.24728,0.61482,0.57164,1.00000,0.23826,0.10938,0.26011,0.33188,0.64993,0.45037
adversarial_helpfulness,residual_correction_learner,4,192,0.29688,0.36073,0.02083,0.25543,0.59741,0.57568,1.00000,0.24348,0.10417,0.25669,0.33199,0.64210,0.43222
adversarial_helpfulness,residual_correction_learner,5,192,0.35417,0.40309,0.04167,0.25433,0.58912,0.56180,1.00000,0.24277,0.06771,0.26271,0.33042,0.64579,0.49662
adversarial_helpfulness,residual_correction_learner,6,192,0.28125,0.32200,0.03646,0.22924,0.65814,0.55713,1.00000,0.22672,0.10417,0.27726,0.35365,0.65943,0.39916
adversarial_helpfulness,residual_correction_learner,7,192,0.32292,0.37136,0.06250,0.25815,0.61692,0.56340,1.00000,0.24522,0.07292,0.26806,0.33418,0.64697,0.44625
adversarial_helpfulness,residual_correction_learner,8,192,0.34896,0.40177,0.02083,0.24624,0.62809,0.57990,1.00000,0.23759,0.11458,0.27157,0.34219,0.65956,0.49210
adversarial_helpfulness,residual_correction_learner,9,192,0.29688,0.34569,0.06250,0.25119,0.59679,0.58602,1.00000,0.24076,0.07812,0.25231,0.31949,0.64732,0.41627
adversarial_helpfulness,robust_mpc_correction,0,192,0.59375,1.00245,0.04167,0.43902,0.12822,0.57792,1.00000,0.36097,0.01042,0.03803,0.05427,0.42363,0.86977
adversarial_helpfulness,robust_mpc_correction,1,192,0.63021,1.05157,0.05208,0.45633,0.12296,0.55139,1.00000,0.37205,0.01042,0.04206,0.04768,0.41931,0.90746
adversarial_helpfulness,robust_mpc_correction,2,192,0.60417,1.05066,0.04688,0.44154,0.12129,0.55800,1.00000,0.36258,0.00521,0.03562,0.04955,0.41305,0.88635
adversarial_helpfulness,robust_mpc_correction,3,192,0.58333,0.99415,0.03646,0.44634,0.11335,0.57241,1.00000,0.36566,0.01042,0.03364,0.05177,0.41789,0.85902
adversarial_helpfulness,robust_mpc_correction,4,192,0.66146,1.14782,0.02083,0.44818,0.12150,0.57306,1.00000,0.36684,0.01042,0.03228,0.05331,0.42039,0.97924
adversarial_helpfulness,robust_mpc_correction,5,192,0.57292,0.97254,0.06250,0.44751,0.11588,0.55129,1.00000,0.36640,0.00521,0.03779,0.05203,0.42017,0.82911
adversarial_helpfulness,robust_mpc_correction,6,192,0.60417,1.05366,0.04688,0.43297,0.10716,0.55532,1.00000,0.35710,0.00521,0.03360,0.05305,0.41978,0.88725
adversarial_helpfulness,robust_mpc_correction,7,192,0.61979,1.04749,0.05729,0.45490,0.12113,0.54847,1.00000,0.37114,0.01042,0.04178,0.05105,0.42163,0.89321
adversarial_helpfulness,robust_mpc_correction,8,192,0.51562,0.87348,0.06250,0.45103,0.11955,0.55282,1.00000,0.36866,0.01042,0.03838,0.05110,0.42026,0.74866
adversarial_helpfulness,robust_mpc_correction,9,192,0.60938,1.04119,0.03646,0.44141,0.12769,0.55970,1.00000,0.36250,0.00521,0.03834,0.05324,0.42186,0.89556
adversarial_helpfulness,safety_filtered_residual,0,192,0.38021,0.50263,0.02604,0.22586,0.48314,0.57199,1.00000,0.22455,0.01562,0.21774,0.28321,0.70182,0.57222
adversarial_helpfulness,safety_filtered_residual,1,192,0.31771,0.40696,0.04167,0.21687,0.51741,0.54607,1.00000,0.21880,0.00521,0.24812,0.29489,0.72125,0.48132
adversarial_helpfulness,safety_filtered_residual,2,192,0.27604,0.39466,0.02083,0.20599,0.52314,0.54947,1.00000,0.21184,0.00521,0.23981,0.29890,0.72366,0.44866
adversarial_helpfulness,safety_filtered_residual,3,192,0.35417,0.50912,0.04167,0.21931,0.49612,0.56272,1.00000,0.22036,0.00521,0.22738,0.29211,0.71010,0.54179
adversarial_helpfulness,safety_filtered_residual,4,192,0.31250,0.44014,0.02083,0.21975,0.49001,0.56149,1.00000,0.22064,0.00521,0.22175,0.29346,0.71373,0.49579
adversarial_helpfulness,safety_filtered_residual,5,192,0.31250,0.43167,0.03646,0.22875,0.47851,0.54049,1.00000,0.22640,0.00000,0.22247,0.28692,0.69931,0.48355
adversarial_helpfulness,safety_filtered_residual,6,192,0.27604,0.37995,0.02083,0.20096,0.52222,0.54497,1.00000,0.20861,0.00000,0.23293,0.30643,0.72619,0.44657
adversarial_helpfulness,safety_filtered_residual,7,192,0.32292,0.40831,0.03125,0.22318,0.50389,0.54063,1.00000,0.22284,0.00521,0.23762,0.29602,0.71261,0.49092
adversarial_helpfulness,safety_filtered_residual,8,192,0.28125,0.36793,0.05208,0.21646,0.50643,0.54517,1.00000,0.21853,0.00000,0.23628,0.29827,0.71744,0.43202
adversarial_helpfulness,safety_filtered_residual,9,192,0.35938,0.47139,0.04688,0.21818,0.50063,0.55213,1.00000,0.21964,0.00000,0.22423,0.28440,0.71261,0.53623
adversarial_helpfulness,uncertainty_query_policy,0,192,0.40625,0.52819,0.04688,0.34119,0.43358,0.59845,0.98958,0.29621,0.06771,0.22490,0.25354,0.53183,0.57018
adversarial_helpfulness,uncertainty_query_policy,1,192,0.37500,0.46158,0.03646,0.32731,0.45084,0.57208,1.00000,0.28948,0.07292,0.25347,0.26435,0.56312,0.52667
adversarial_helpfulness,uncertainty_query_policy,2,192,0.38021,0.46527,0.06250,0.32395,0.46612,0.58014,0.99479,0.28580,0.13542,0.24988,0.26880,0.54620,0.50202
adversarial_helpfulness,uncertainty_query_policy,3,192,0.37500,0.48082,0.06250,0.32681,0.46134,0.57728,1.00000,0.28916,0.10417,0.24747,0.27149,0.55211,0.50875
adversarial_helpfulness,uncertainty_query_policy,4,192,0.42188,0.53220,0.03646,0.32334,0.43640,0.58046,1.00000,0.28694,0.11979,0.24061,0.26831,0.55946,0.57698
adversarial_helpfulness,uncertainty_query_policy,5,192,0.34896,0.47808,0.08333,0.33147,0.40974,0.57358,0.99479,0.29128,0.09375,0.23426,0.25528,0.54805,0.47341
adversarial_helpfulness,uncertainty_query_policy,6,192,0.32292,0.38672,0.06250,0.30878,0.48189,0.56148,0.99479,0.27663,0.08854,0.25850,0.28470,0.55650,0.43907
adversarial_helpfulness,uncertainty_query_policy,7,192,0.32812,0.40797,0.06771,0.33617,0.44832,0.57701,0.99479,0.29424,0.08333,0.24724,0.26524,0.54574,0.44839
adversarial_helpfulness,uncertainty_query_policy,8,192,0.28646,0.37079,0.04167,0.32416,0.45164,0.58545,0.98438,0.28276,0.11979,0.25217,0.27366,0.56027,0.40422
adversarial_helpfulness,uncertainty_query_policy,9,192,0.35938,0.45039,0.06771,0.32464,0.44473,0.58015,1.00000,0.28777,0.09375,0.23519,0.25294,0.55065,0.48701
ambiguous_intent,active_entropy_query_policy,0,192,0.57292,0.98919,0.05208,0.29593,0.28079,0.53447,0.92708,0.25431,0.06250,0.16638,0.14996,0.55471,0.83173
ambiguous_intent,active_entropy_query_policy,1,192,0.41667,0.71504,0.06250,0.32064,0.25573,0.54311,0.95312,0.27396,0.08854,0.17158,0.14945,0.54727,0.60232
ambiguous_intent,active_entropy_query_policy,2,192,0.52083,0.88157,0.03125,0.31973,0.25915,0.52621,0.94792,0.27259,0.06771,0.17223,0.15355,0.55203,0.76331
ambiguous_intent,active_entropy_query_policy,3,192,0.48958,0.80077,0.07292,0.32382,0.25398,0.53141,0.95833,0.27840,0.04688,0.17514,0.14450,0.54885,0.69871
ambiguous_intent,active_entropy_query_policy,4,192,0.47917,0.79617,0.07292,0.30769,0.26597,0.54388,0.96875,0.26939,0.07812,0.16740,0.14506,0.55113,0.68067
ambiguous_intent,active_entropy_query_policy,5,192,0.50000,0.82783,0.04688,0.28613,0.28072,0.53283,0.97396,0.25644,0.05208,0.18511,0.16888,0.57761,0.72977
ambiguous_intent,active_entropy_query_policy,6,192,0.47396,0.76926,0.03125,0.29944,0.26605,0.53034,0.93750,0.25794,0.06771,0.17864,0.15548,0.56735,0.69369
ambiguous_intent,active_entropy_query_policy,7,192,0.45833,0.79295,0.05208,0.31145,0.26554,0.53738,0.95312,0.26934,0.08333,0.16753,0.14665,0.55034,0.66762
ambiguous_intent,active_entropy_query_policy,8,192,0.43750,0.75765,0.03125,0.30106,0.26980,0.52938,0.94271,0.26213,0.06250,0.17076,0.15018,0.55891,0.65540
ambiguous_intent,active_entropy_query_policy,9,192,0.49479,0.85628,0.04688,0.30482,0.27487,0.54039,0.95312,0.26414,0.05729,0.17127,0.16081,0.55839,0.72904
ambiguous_intent,dagger_full_correction,0,192,0.44271,0.63980,0.07292,0.34593,0.41504,0.56604,1.00000,0.65139,0.05208,0.14732,0.20194,0.44455,0.59747
ambiguous_intent,dagger_full_correction,1,192,0.44271,0.62524,0.05729,0.37328,0.39556,0.58682,1.00000,0.66890,0.05729,0.15926,0.20608,0.45028,0.60313
ambiguous_intent,dagger_full_correction,2,192,0.43229,0.62501,0.04167,0.35444,0.41002,0.56590,1.00000,0.65684,0.04688,0.16947,0.21504,0.47910,0.60297
ambiguous_intent,dagger_full_correction,3,192,0.41667,0.55015,0.04167,0.36147,0.39512,0.56934,1.00000,0.66134,0.09375,0.16536,0.20977,0.47569,0.55782
ambiguous_intent,dagger_full_correction,4,192,0.42188,0.58351,0.05729,0.35080,0.43535,0.57596,1.00000,0.65451,0.11458,0.16267,0.21279,0.46058,0.55682
ambiguous_intent,dagger_full_correction,5,192,0.37500,0.51129,0.06771,0.32073,0.51757,0.58183,1.00000,0.63527,0.11979,0.20221,0.26007,0.50155,0.49086
ambiguous_intent,dagger_full_correction,6,192,0.39062,0.53642,0.07812,0.36075,0.39920,0.58105,1.00000,0.66088,0.06771,0.15929,0.20806,0.44604,0.51715
ambiguous_intent,dagger_full_correction,7,192,0.37500,0.49818,0.06771,0.35410,0.44735,0.57713,1.00000,0.65663,0.11458,0.16710,0.21603,0.45223,0.48540
ambiguous_intent,dagger_full_correction,8,192,0.45833,0.62222,0.05208,0.34955,0.46205,0.57545,1.00000,0.65371,0.10938,0.17640,0.22565,0.45057,0.60543
ambiguous_intent,dagger_full_correction,9,192,0.38021,0.50424,0.03125,0.34265,0.47338,0.58145,1.00000,0.64929,0.07812,0.17644,0.23836,0.47238,0.52301
ambiguous_intent,full_demo_imitation,0,192,0.44271,0.62634,0.05729,0.36338,0.46982,0.58186,1.00000,0.66256,0.09375,0.14079,0.20666,0.42447,0.59151
ambiguous_intent,full_demo_imitation,1,192,0.43750,0.61559,0.07292,0.39566,0.43982,0.59095,1.00000,0.68322,0.08333,0.15317,0.20717,0.42238,0.57888
ambiguous_intent,full_demo_imitation,2,192,0.48438,0.67719,0.04688,0.38006,0.44108,0.57814,1.00000,0.67324,0.07812,0.14965,0.20953,0.44177,0.65406
ambiguous_intent,full_demo_imitation,3,192,0.43750,0.60580,0.06771,0.38438,0.43521,0.57972,1.00000,0.67600,0.08333,0.15133,0.20836,0.44779,0.57957
ambiguous_intent,full_demo_imitation,4,192,0.42188,0.57482,0.08854,0.36612,0.47330,0.57576,1.00000,0.66432,0.07812,0.15530,0.22273,0.44315,0.54753
ambiguous_intent,full_demo_imitation,5,192,0.36458,0.46866,0.04688,0.34638,0.51887,0.59067,1.00000,0.65168,0.06250,0.17124,0.24897,0.46717,0.49663
ambiguous_intent,full_demo_imitation,6,192,0.42708,0.58911,0.08854,0.37664,0.43481,0.59056,1.00000,0.67105,0.10938,0.14808,0.20855,0.42357,0.54777
ambiguous_intent,full_demo_imitation,7,192,0.42188,0.57827,0.06250,0.36636,0.48338,0.59060,1.00000,0.66447,0.08333,0.15551,0.21783,0.43807,0.56204
ambiguous_intent,full_demo_imitation,8,192,0.46875,0.61396,0.08333,0.37007,0.48603,0.58352,1.00000,0.66684,0.12500,0.15380,0.22129,0.42624,0.59265
ambiguous_intent,full_demo_imitation,9,192,0.36979,0.45464,0.07812,0.36518,0.51100,0.58533,1.00000,0.66372,0.11979,0.16071,0.23724,0.44469,0.46411
ambiguous_intent,inverse_rl_correction_proxy,0,192,0.46354,0.74312,0.06771,0.28440,0.30596,0.59447,1.00000,0.26201,0.07292,0.10240,0.17297,0.56195,0.66499
ambiguous_intent,inverse_rl_correction_proxy,1,192,0.44792,0.69937,0.06250,0.29998,0.29239,0.59950,1.00000,0.27199,0.06250,0.09477,0.17956,0.57075,0.64601
ambiguous_intent,inverse_rl_correction_proxy,2,192,0.45312,0.69937,0.05208,0.29809,0.29524,0.57900,1.00000,0.27078,0.06771,0.10032,0.18377,0.57636,0.65285
ambiguous_intent,inverse_rl_correction_proxy,3,192,0.46354,0.72768,0.05208,0.31277,0.26579,0.58159,1.00000,0.28018,0.08333,0.09369,0.16640,0.56154,0.66429
ambiguous_intent,inverse_rl_correction_proxy,4,192,0.44792,0.74300,0.02083,0.30578,0.26535,0.59517,1.00000,0.27570,0.05729,0.09071,0.15188,0.54570,0.67675
ambiguous_intent,inverse_rl_correction_proxy,5,192,0.44271,0.73718,0.03125,0.28872,0.28149,0.59016,1.00000,0.26478,0.04688,0.09669,0.17646,0.56525,0.66858
ambiguous_intent,inverse_rl_correction_proxy,6,192,0.45312,0.69461,0.03125,0.29083,0.32365,0.59190,1.00000,0.26613,0.10417,0.10327,0.18688,0.57515,0.65425
ambiguous_intent,inverse_rl_correction_proxy,7,192,0.47396,0.77163,0.05208,0.30013,0.29858,0.59261,1.00000,0.27208,0.08854,0.09926,0.16764,0.55070,0.68417
ambiguous_intent,inverse_rl_correction_proxy,8,192,0.45312,0.70805,0.05208,0.28955,0.31931,0.58795,1.00000,0.26531,0.06250,0.09539,0.18137,0.56240,0.65693
ambiguous_intent,inverse_rl_correction_proxy,9,192,0.45833,0.73269,0.03646,0.29358,0.29054,0.59852,1.00000,0.26789,0.04167,0.09062,0.17856,0.56477,0.68289
ambiguous_intent,minimum_intervention_boundary_learner_v5,0,192,0.58854,1.07695,0.07292,0.34461,0.18305,0.53492,1.00000,0.30055,0.00000,0.07714,0.08555,0.47690,0.86741
ambiguous_intent,minimum_intervention_boundary_learner_v5,1,192,0.59896,1.04290,0.03125,0.36617,0.17589,0.54608,1.00000,0.31435,0.00000,0.07873,0.08872,0.48090,0.89304
ambiguous_intent,minimum_intervention_boundary_learner_v5,2,192,0.53125,0.92795,0.04688,0.37350,0.17252,0.53244,1.00000,0.31904,0.00000,0.06795,0.08771,0.47129,0.78945
ambiguous_intent,minimum_intervention_boundary_learner_v5,3,192,0.54688,0.92977,0.04167,0.37206,0.18127,0.53790,1.00000,0.31812,0.00000,0.08474,0.08422,0.47743,0.80924
ambiguous_intent,minimum_intervention_boundary_learner_v5,4,192,0.59375,1.08089,0.02604,0.35738,0.18246,0.54706,1.00000,0.30872,0.00000,0.07207,0.08067,0.47130,0.89879
ambiguous_intent,minimum_intervention_boundary_learner_v5,5,192,0.52604,0.92345,0.02604,0.34725,0.17230,0.53546,1.00000,0.30224,0.00000,0.07506,0.09272,0.48197,0.79577
ambiguous_intent,minimum_intervention_boundary_learner_v5,6,192,0.60938,1.09123,0.03646,0.35666,0.17530,0.53508,1.00000,0.30826,0.00000,0.07481,0.08552,0.47910,0.91013
ambiguous_intent,minimum_intervention_boundary_learner_v5,7,192,0.58854,1.04822,0.01042,0.36132,0.18717,0.54406,1.00000,0.31124,0.00000,0.07568,0.08561,0.47146,0.89403
ambiguous_intent,minimum_intervention_boundary_learner_v5,8,192,0.52083,0.94927,0.04167,0.35343,0.17348,0.53382,1.00000,0.30620,0.00000,0.07326,0.08198,0.47345,0.78730
ambiguous_intent,minimum_intervention_boundary_learner_v5,9,192,0.50521,0.88533,0.03646,0.36025,0.16446,0.54157,1.00000,0.31056,0.00000,0.06925,0.09122,0.46952,0.76093
ambiguous_intent,minimum_intervention_learner_v4,0,192,0.61979,1.15290,0.02604,0.36418,0.18528,0.53620,1.00000,0.31308,0.05729,0.04999,0.09065,0.45678,0.92230
ambiguous_intent,minimum_intervention_learner_v4,1,192,0.52083,0.91096,0.03646,0.39167,0.16484,0.54653,1.00000,0.33067,0.10417,0.04902,0.08712,0.45327,0.75195
ambiguous_intent,minimum_intervention_learner_v4,2,192,0.52083,0.91163,0.07812,0.39343,0.17236,0.52766,1.00000,0.33180,0.07812,0.04830,0.08753,0.45121,0.73512
ambiguous_intent,minimum_intervention_learner_v4,3,192,0.57292,1.00496,0.03646,0.40361,0.16604,0.53116,1.00000,0.33831,0.07292,0.04737,0.08419,0.44405,0.83066
ambiguous_intent,minimum_intervention_learner_v4,4,192,0.56250,1.01979,0.02083,0.39066,0.17899,0.54364,1.00000,0.33002,0.06250,0.04014,0.07856,0.43158,0.83592
ambiguous_intent,minimum_intervention_learner_v4,5,192,0.55208,0.99896,0.05208,0.36677,0.17099,0.53411,1.00000,0.31473,0.03646,0.05110,0.09540,0.45894,0.81278
ambiguous_intent,minimum_intervention_learner_v4,6,192,0.56771,1.00546,0.05208,0.37735,0.18132,0.53336,1.00000,0.32150,0.07292,0.04998,0.08852,0.46296,0.81943
ambiguous_intent,minimum_intervention_learner_v4,7,192,0.60417,1.10522,0.05729,0.38396,0.18900,0.53765,1.00000,0.32573,0.09896,0.04894,0.08723,0.44810,0.86746
ambiguous_intent,minimum_intervention_learner_v4,8,192,0.55208,0.99683,0.02604,0.37763,0.17453,0.53132,1.00000,0.32168,0.09375,0.04215,0.08381,0.44703,0.80854
ambiguous_intent,minimum_intervention_learner_v4,9,192,0.54688,0.96198,0.04688,0.38329,0.18952,0.54362,1.00000,0.32530,0.08854,0.04479,0.08964,0.44919,0.78784
ambiguous_intent,no_human_baseline,0,192,0.21354,0.00000,0.05208,0.00000,1.00000,0.61526,0.00000,0.02000,0.01562,0.07880,0.44452,1.00000,0.31117
ambiguous_intent,no_human_baseline,1,192,0.23438,0.00000,0.04688,0.00000,1.00000,0.62099,0.00000,0.02000,0.03125,0.07975,0.45883,1.00000,0.33108
ambiguous_intent,no_human_baseline,2,192,0.16667,0.00000,0.06250,0.00000,1.00000,0.61734,0.00000,0.02000,0.06250,0.07871,0.46514,1.00000,0.24602
ambiguous_intent,no_human_baseline,3,192,0.15625,0.00000,0.03125,0.00000,1.00000,0.61682,0.00000,0.02000,0.04688,0.08066,0.45580,1.00000,0.25616
ambiguous_intent,no_human_baseline,4,192,0.20312,0.00000,0.04688,0.00000,1.00000,0.61682,0.00000,0.02000,0.05729,0.07954,0.44589,1.00000,0.29200
ambiguous_intent,no_human_baseline,5,192,0.18750,0.00000,0.06250,0.00000,1.00000,0.61265,0.00000,0.02000,0.03646,0.07547,0.45630,1.00000,0.27354
ambiguous_intent,no_human_baseline,6,192,0.18750,0.00000,0.01042,0.00000,1.00000,0.61890,0.00000,0.02000,0.05208,0.07985,0.45049,1.00000,0.29706
ambiguous_intent,no_human_baseline,7,192,0.17708,0.00000,0.03125,0.00000,1.00000,0.61474,0.00000,0.02000,0.03125,0.08243,0.45167,1.00000,0.28110
ambiguous_intent,no_human_baseline,8,192,0.16667,0.00000,0.06250,0.00000,1.00000,0.61526,0.00000,0.02000,0.06771,0.08093,0.44757,1.00000,0.24429
ambiguous_intent,no_human_baseline,9,192,0.18750,0.00000,0.03646,0.00000,1.00000,0.61682,0.00000,0.02000,0.04167,0.08602,0.46079,1.00000,0.28616
ambiguous_intent,oracle_minimal_correction,0,192,0.51562,0.89423,0.03125,0.35004,0.14873,0.55332,1.00000,0.30403,0.00000,0.34917,0.03276,0.47169,0.77794
ambiguous_intent,oracle_minimal_correction,1,192,0.64062,1.06798,0.03125,0.37606,0.14419,0.56222,1.00000,0.32068,0.00000,0.35139,0.03182,0.47308,0.94164
ambiguous_intent,oracle_minimal_correction,2,192,0.56771,0.97352,0.03646,0.37943,0.13660,0.54823,1.00000,0.32284,0.00000,0.34681,0.03233,0.46617,0.84298
ambiguous_intent,oracle_minimal_correction,3,192,0.54688,0.91299,0.02604,0.37563,0.15151,0.55332,1.00000,0.32040,0.00000,0.36152,0.03263,0.47752,0.81558
ambiguous_intent,oracle_minimal_correction,4,192,0.58333,1.02265,0.07812,0.35804,0.15144,0.56643,1.00000,0.30914,0.00000,0.35508,0.03198,0.47498,0.85116
ambiguous_intent,oracle_minimal_correction,5,192,0.64583,1.13969,0.02604,0.35857,0.13433,0.55113,1.00000,0.30949,0.00000,0.34592,0.03263,0.46969,0.96423
ambiguous_intent,oracle_minimal_correction,6,192,0.60938,1.02108,0.02604,0.36430,0.15425,0.54990,1.00000,0.31315,0.00000,0.35308,0.03285,0.47353,0.90154
ambiguous_intent,oracle_minimal_correction,7,192,0.60417,1.05114,0.04167,0.36678,0.15184,0.56321,1.00000,0.31474,0.00000,0.34920,0.03272,0.46919,0.89626
ambiguous_intent,oracle_minimal_correction,8,192,0.55208,0.95908,0.04688,0.35837,0.15369,0.54956,1.00000,0.30936,0.00000,0.35135,0.03252,0.47111,0.81978
ambiguous_intent,oracle_minimal_correction,9,192,0.58333,1.04809,0.03125,0.36911,0.11976,0.55807,1.00000,0.31623,0.00000,0.33625,0.03196,0.46107,0.87903
ambiguous_intent,preference_only_ranker,0,192,0.47917,0.85117,0.04167,0.28632,0.26427,0.51947,0.56250,0.15701,0.04688,0.08291,0.16030,0.56237,0.72022
ambiguous_intent,preference_only_ranker,1,192,0.47917,0.77512,0.06771,0.30300,0.25460,0.53100,0.57812,0.17081,0.05208,0.08156,0.16623,0.56691,0.68959
ambiguous_intent,preference_only_ranker,2,192,0.50000,0.81363,0.05208,0.30569,0.24628,0.51420,0.53125,0.15791,0.09375,0.07427,0.16331,0.56535,0.71367
ambiguous_intent,preference_only_ranker,3,192,0.44792,0.71894,0.08854,0.32095,0.21949,0.51836,0.50521,0.15340,0.10417,0.07527,0.14754,0.55167,0.61894
ambiguous_intent,preference_only_ranker,4,192,0.44792,0.76587,0.03646,0.30991,0.22803,0.53107,0.52083,0.15646,0.07292,0.07403,0.13977,0.53605,0.66583
ambiguous_intent,preference_only_ranker,5,192,0.51562,0.88556,0.05208,0.29298,0.22540,0.51884,0.51042,0.14170,0.05208,0.07573,0.15735,0.56459,0.75808
ambiguous_intent,preference_only_ranker,6,192,0.42708,0.70473,0.06771,0.29534,0.25931,0.51432,0.59375,0.16662,0.07292,0.07514,0.16436,0.57836,0.61478
ambiguous_intent,preference_only_ranker,7,192,0.48438,0.88217,0.06250,0.30186,0.24537,0.52313,0.64583,0.18279,0.07292,0.08141,0.15423,0.54646,0.71264
ambiguous_intent,preference_only_ranker,8,192,0.54167,0.90695,0.05208,0.29487,0.25036,0.51633,0.51042,0.14415,0.08854,0.07824,0.15863,0.55898,0.77791
ambiguous_intent,preference_only_ranker,9,192,0.46875,0.77749,0.03646,0.30008,0.23823,0.52248,0.57812,0.16282,0.06250,0.07452,0.15973,0.56020,0.69194
ambiguous_intent,residual_correction_learner,0,192,0.40104,0.57763,0.04167,0.29449,0.47941,0.53866,1.00000,0.26847,0.05729,0.16803,0.23043,0.53070,0.57489
ambiguous_intent,residual_correction_learner,1,192,0.38021,0.51604,0.05208,0.30355,0.47156,0.56506,1.00000,0.27427,0.08854,0.17981,0.23721,0.54573,0.53026
ambiguous_intent,residual_correction_learner,2,192,0.38542,0.53545,0.04688,0.30529,0.49772,0.54065,1.00000,0.27538,0.09375,0.18489,0.24625,0.55074,0.53802
ambiguous_intent,residual_correction_learner,3,192,0.38021,0.54335,0.02083,0.30298,0.47260,0.54490,1.00000,0.27391,0.06250,0.18883,0.23980,0.56612,0.55823
ambiguous_intent,residual_correction_learner,4,192,0.37500,0.50639,0.05729,0.29150,0.50651,0.55577,1.00000,0.26656,0.07292,0.18391,0.24197,0.55726,0.52432
ambiguous_intent,residual_correction_learner,5,192,0.33854,0.46914,0.05729,0.27124,0.54987,0.55726,1.00000,0.25359,0.09375,0.20432,0.27332,0.57707,0.47560
ambiguous_intent,residual_correction_learner,6,192,0.41146,0.61379,0.07812,0.28542,0.47472,0.54439,1.00000,0.26267,0.10417,0.18306,0.24446,0.55241,0.56327
ambiguous_intent,residual_correction_learner,7,192,0.40625,0.54738,0.03646,0.29316,0.48331,0.55922,1.00000,0.26762,0.06771,0.18351,0.24441,0.54758,0.57679
ambiguous_intent,residual_correction_learner,8,192,0.35417,0.48388,0.01562,0.29906,0.52766,0.56296,1.00000,0.27140,0.09896,0.18081,0.24153,0.53637,0.51258
ambiguous_intent,residual_correction_learner,9,192,0.37500,0.56976,0.06250,0.28152,0.51829,0.56343,1.00000,0.26017,0.09375,0.19026,0.26000,0.55695,0.53098
ambiguous_intent,robust_mpc_correction,0,192,0.59896,1.15627,0.04688,0.38602,0.14104,0.51788,1.00000,0.32706,0.00521,0.03821,0.05389,0.41727,0.90097
ambiguous_intent,robust_mpc_correction,1,192,0.53125,0.97085,0.04167,0.41506,0.12126,0.53068,1.00000,0.34564,0.00521,0.03632,0.05038,0.41710,0.79600
ambiguous_intent,robust_mpc_correction,2,192,0.63021,1.15418,0.05729,0.41770,0.12590,0.51709,1.00000,0.34733,0.00000,0.03375,0.05233,0.41057,0.92646
ambiguous_intent,robust_mpc_correction,3,192,0.56250,0.99754,0.01042,0.41833,0.12289,0.52174,1.00000,0.34773,0.00000,0.04098,0.04800,0.41769,0.84961
ambiguous_intent,robust_mpc_correction,4,192,0.61979,1.16878,0.03646,0.40013,0.12880,0.53155,1.00000,0.33609,0.00000,0.03490,0.04977,0.41372,0.93263
ambiguous_intent,robust_mpc_correction,5,192,0.56250,1.02169,0.03125,0.39935,0.11577,0.51826,1.00000,0.33558,0.01042,0.02845,0.05256,0.40830,0.84079
ambiguous_intent,robust_mpc_correction,6,192,0.53125,0.97085,0.04688,0.40270,0.12799,0.51688,1.00000,0.33773,0.00000,0.03849,0.05014,0.41548,0.79323
ambiguous_intent,robust_mpc_correction,7,192,0.55208,1.07994,0.02604,0.40393,0.13752,0.52723,1.00000,0.33852,0.00000,0.03637,0.05221,0.41288,0.85008
ambiguous_intent,robust_mpc_correction,8,192,0.56250,1.03645,0.03125,0.39652,0.12230,0.51656,1.00000,0.33377,0.00000,0.03292,0.05034,0.41269,0.84704
ambiguous_intent,robust_mpc_correction,9,192,0.59896,1.11780,0.04167,0.40578,0.11869,0.52453,1.00000,0.33970,0.00000,0.02675,0.05302,0.40706,0.89646
ambiguous_intent,safety_filtered_residual,0,192,0.49479,0.77684,0.02604,0.24939,0.37930,0.51829,1.00000,0.23961,0.00000,0.14905,0.19626,0.62758,0.74013
ambiguous_intent,safety_filtered_residual,1,192,0.40104,0.61089,0.06250,0.26483,0.36803,0.53102,1.00000,0.24949,0.00000,0.16262,0.20366,0.62442,0.59196
ambiguous_intent,safety_filtered_residual,2,192,0.47396,0.73372,0.04688,0.26793,0.36304,0.51556,1.00000,0.25148,0.00000,0.15633,0.20752,0.62568,0.69799
ambiguous_intent,safety_filtered_residual,3,192,0.42708,0.64989,0.01562,0.26345,0.37173,0.52200,1.00000,0.24861,0.00000,0.16487,0.20401,0.63307,0.65026
ambiguous_intent,safety_filtered_residual,4,192,0.40625,0.62889,0.02083,0.24505,0.39690,0.52949,1.00000,0.23683,0.00000,0.16222,0.20736,0.64538,0.62422
ambiguous_intent,safety_filtered_residual,5,192,0.49479,0.72885,0.01562,0.22470,0.42790,0.51974,1.00000,0.22381,0.00000,0.17438,0.23560,0.67027,0.73802
ambiguous_intent,safety_filtered_residual,6,192,0.42708,0.67393,0.05208,0.24789,0.38986,0.51927,1.00000,0.23865,0.00000,0.15815,0.20928,0.64096,0.63708
ambiguous_intent,safety_filtered_residual,7,192,0.46354,0.70419,0.04688,0.25702,0.38006,0.52777,1.00000,0.24449,0.00521,0.15418,0.20384,0.63724,0.68210
ambiguous_intent,safety_filtered_residual,8,192,0.36458,0.57067,0.04688,0.24794,0.39524,0.51731,1.00000,0.23868,0.00521,0.16079,0.20970,0.63917,0.55276
ambiguous_intent,safety_filtered_residual,9,192,0.41667,0.63642,0.04688,0.24629,0.40116,0.53094,1.00000,0.23763,0.01042,0.16112,0.22358,0.64576,0.62001
ambiguous_intent,uncertainty_query_policy,0,192,0.45833,0.71085,0.03125,0.33409,0.34065,0.55890,1.00000,0.29382,0.12500,0.14283,0.17513,0.47216,0.64651
ambiguous_intent,uncertainty_query_policy,1,192,0.47917,0.72304,0.03125,0.36123,0.33450,0.56517,1.00000,0.31119,0.10938,0.15295,0.17840,0.47498,0.67458
ambiguous_intent,uncertainty_query_policy,2,192,0.46354,0.68301,0.06250,0.35088,0.33414,0.55163,0.99479,0.30353,0.05208,0.15741,0.18084,0.48623,0.64909
ambiguous_intent,uncertainty_query_policy,3,192,0.42708,0.64396,0.05729,0.36133,0.32014,0.55204,1.00000,0.31125,0.09896,0.15534,0.17145,0.48268,0.59315
ambiguous_intent,uncertainty_query_policy,4,192,0.44792,0.67095,0.07812,0.34296,0.34508,0.55402,0.99479,0.29842,0.11458,0.15393,0.18048,0.47964,0.60539
ambiguous_intent,uncertainty_query_policy,5,192,0.42708,0.62264,0.04167,0.32482,0.37105,0.56175,1.00000,0.28789,0.09375,0.17237,0.20228,0.49948,0.60119
ambiguous_intent,uncertainty_query_policy,6,192,0.50000,0.74709,0.03646,0.34802,0.32783,0.55988,1.00000,0.30273,0.06250,0.15473,0.17900,0.47119,0.71062
ambiguous_intent,uncertainty_query_policy,7,192,0.50521,0.73660,0.08333,0.34339,0.34369,0.56335,1.00000,0.29977,0.06771,0.15160,0.17747,0.48378,0.68890
ambiguous_intent,uncertainty_query_policy,8,192,0.43750,0.67504,0.06771,0.33981,0.35938,0.55800,1.00000,0.29748,0.08854,0.16349,0.18734,0.47094,0.60871
ambiguous_intent,uncertainty_query_policy,9,192,0.40104,0.56874,0.07292,0.33752,0.37701,0.56143,1.00000,0.29602,0.08854,0.16570,0.19773,0.48169,0.54720
combined_hard_shift,active_entropy_query_policy,0,192,0.38542,0.49680,0.02604,0.41207,0.30898,0.51741,1.00000,0.34373,0.14062,0.24961,0.20952,0.57914,0.52255
combined_hard_shift,active_entropy_query_policy,1,192,0.38021,0.48962,0.04688,0.42738,0.30932,0.50492,1.00000,0.35352,0.06771,0.24850,0.22031,0.57739,0.52319
combined_hard_shift,active_entropy_query_policy,2,192,0.43750,0.58681,0.08854,0.43211,0.27341,0.52096,1.00000,0.35655,0.11979,0.21410,0.18076,0.55507,0.56645
combined_hard_shift,active_entropy_query_policy,3,192,0.42188,0.53680,0.02083,0.41713,0.29438,0.52728,1.00000,0.34696,0.08854,0.24029,0.21499,0.58408,0.58648
combined_hard_shift,active_entropy_query_policy,4,192,0.42188,0.54481,0.07812,0.42121,0.31029,0.50699,1.00000,0.34957,0.10417,0.23440,0.20590,0.56769,0.55051
combined_hard_shift,active_entropy_query_policy,5,192,0.42188,0.57186,0.05729,0.43721,0.28195,0.53107,1.00000,0.35981,0.09375,0.21480,0.20775,0.56118,0.57255
combined_hard_shift,active_entropy_query_policy,6,192,0.43229,0.56656,0.06250,0.40537,0.28951,0.50824,1.00000,0.33944,0.12500,0.23543,0.20342,0.57291,0.56888
combined_hard_shift,active_entropy_query_policy,7,192,0.40625,0.55813,0.06250,0.42609,0.27959,0.51258,1.00000,0.35270,0.10938,0.21624,0.18729,0.55178,0.54427
combined_hard_shift,active_entropy_query_policy,8,192,0.41667,0.57140,0.04688,0.39632,0.31302,0.52103,1.00000,0.33364,0.11979,0.24646,0.21628,0.58232,0.56630
combined_hard_shift,active_entropy_query_policy,9,192,0.41146,0.55262,0.04688,0.41881,0.29888,0.50811,1.00000,0.34804,0.12500,0.23373,0.20661,0.57164,0.55264
combined_hard_shift,dagger_full_correction,0,192,0.39583,0.38241,0.05208,0.45696,0.52964,0.55359,1.00000,0.72245,0.14583,0.26428,0.30893,0.51705,0.47735
combined_hard_shift,dagger_full_correction,1,192,0.31250,0.31336,0.06771,0.47943,0.51004,0.54130,1.00000,0.73683,0.11458,0.25601,0.30920,0.50683,0.37670
combined_hard_shift,dagger_full_correction,2,192,0.32812,0.34220,0.05208,0.50337,0.47928,0.55075,1.00000,0.75216,0.13542,0.22696,0.27338,0.46151,0.39924
combined_hard_shift,dagger_full_correction,3,192,0.29167,0.28283,0.05208,0.45846,0.51437,0.56029,1.00000,0.72342,0.12500,0.26347,0.32428,0.52333,0.35826
combined_hard_shift,dagger_full_correction,4,192,0.38542,0.38927,0.07292,0.48457,0.49129,0.54762,1.00000,0.74012,0.15625,0.22800,0.27330,0.48153,0.45135
combined_hard_shift,dagger_full_correction,5,192,0.34896,0.34541,0.07292,0.49495,0.49788,0.56127,1.00000,0.74677,0.15104,0.23989,0.30810,0.48540,0.40837
combined_hard_shift,dagger_full_correction,6,192,0.27083,0.25309,0.06771,0.46141,0.52311,0.55118,1.00000,0.72531,0.13021,0.26480,0.31358,0.49572,0.31865
combined_hard_shift,dagger_full_correction,7,192,0.38021,0.39186,0.04167,0.49125,0.45900,0.54893,1.00000,0.74440,0.15625,0.22110,0.27207,0.46643,0.46218
combined_hard_shift,dagger_full_correction,8,192,0.30729,0.29900,0.07812,0.44652,0.55786,0.56328,1.00000,0.71578,0.14062,0.26259,0.31171,0.50833,0.35950
combined_hard_shift,dagger_full_correction,9,192,0.31250,0.33811,0.06250,0.47048,0.48580,0.54148,1.00000,0.73111,0.16667,0.24527,0.29541,0.49450,0.36994
combined_hard_shift,full_demo_imitation,0,192,0.34375,0.33503,0.07292,0.50445,0.57080,0.56114,1.00000,0.75285,0.14062,0.22625,0.30853,0.47063,0.40277
combined_hard_shift,full_demo_imitation,1,192,0.28646,0.28464,0.07292,0.51657,0.54301,0.54461,1.00000,0.76060,0.17188,0.21793,0.30862,0.47322,0.32327
combined_hard_shift,full_demo_imitation,2,192,0.29688,0.30049,0.06771,0.54671,0.51855,0.55914,1.00000,0.77989,0.16146,0.20341,0.27343,0.42179,0.34125
combined_hard_shift,full_demo_imitation,3,192,0.35938,0.30623,0.05729,0.49552,0.55744,0.56565,1.00000,0.74713,0.16146,0.22645,0.32703,0.48420,0.41587
combined_hard_shift,full_demo_imitation,4,192,0.35417,0.36050,0.06250,0.52813,0.53872,0.56121,1.00000,0.76800,0.09375,0.20033,0.27954,0.44043,0.43515
combined_hard_shift,full_demo_imitation,5,192,0.29688,0.29432,0.06771,0.54578,0.53153,0.56903,1.00000,0.77930,0.10417,0.20836,0.30408,0.43455,0.35788
combined_hard_shift,full_demo_imitation,6,192,0.25521,0.26015,0.09896,0.51085,0.54833,0.56019,1.00000,0.75695,0.17188,0.21485,0.30717,0.45228,0.27423
combined_hard_shift,full_demo_imitation,7,192,0.31250,0.29895,0.09375,0.53579,0.50899,0.55088,1.00000,0.77290,0.17188,0.19806,0.27720,0.42182,0.33932
combined_hard_shift,full_demo_imitation,8,192,0.27083,0.26767,0.08854,0.48318,0.60532,0.56900,1.00000,0.73923,0.15104,0.23149,0.31954,0.47084,0.30563
combined_hard_shift,full_demo_imitation,9,192,0.29167,0.26801,0.04688,0.51353,0.52455,0.54937,1.00000,0.75866,0.14583,0.21068,0.29714,0.45482,0.34544
combined_hard_shift,inverse_rl_correction_proxy,0,192,0.36458,0.46293,0.04167,0.42722,0.28645,0.56047,1.00000,0.35342,0.11979,0.15275,0.20492,0.56073,0.49621
combined_hard_shift,inverse_rl_correction_proxy,1,192,0.36979,0.43593,0.03646,0.42415,0.30691,0.55007,1.00000,0.35146,0.13021,0.15740,0.23221,0.58015,0.49498
combined_hard_shift,inverse_rl_correction_proxy,2,192,0.43229,0.56292,0.07292,0.42233,0.27972,0.57056,1.00000,0.35029,0.12500,0.13885,0.19969,0.56181,0.56972
combined_hard_shift,inverse_rl_correction_proxy,3,192,0.45312,0.58461,0.05729,0.43183,0.27625,0.57201,1.00000,0.35637,0.11458,0.14890,0.20940,0.56169,0.60627
combined_hard_shift,inverse_rl_correction_proxy,4,192,0.41146,0.51748,0.05208,0.41071,0.30297,0.55049,1.00000,0.34285,0.09896,0.15663,0.22152,0.57521,0.55541
combined_hard_shift,inverse_rl_correction_proxy,5,192,0.42188,0.55589,0.04688,0.43247,0.29602,0.57694,1.00000,0.35678,0.14062,0.14712,0.21946,0.55995,0.56737
combined_hard_shift,inverse_rl_correction_proxy,6,192,0.40625,0.53656,0.05208,0.42136,0.27884,0.55198,1.00000,0.34967,0.11458,0.14330,0.19307,0.55300,0.54880
combined_hard_shift,inverse_rl_correction_proxy,7,192,0.39583,0.50126,0.03646,0.40853,0.29911,0.56257,1.00000,0.34146,0.16146,0.15393,0.21281,0.56705,0.52807
combined_hard_shift,inverse_rl_correction_proxy,8,192,0.40104,0.54473,0.04688,0.41515,0.28974,0.56279,1.00000,0.34569,0.11979,0.15097,0.21123,0.55881,0.54851
combined_hard_shift,inverse_rl_correction_proxy,9,192,0.40104,0.51169,0.06250,0.41425,0.31471,0.55940,1.00000,0.34512,0.16667,0.15566,0.22269,0.57154,0.52021
combined_hard_shift,minimum_intervention_boundary_learner_v5,0,192,0.50000,0.66206,0.05729,0.47750,0.20852,0.52195,1.00000,0.38560,0.01042,0.12269,0.12697,0.51152,0.68902
combined_hard_shift,minimum_intervention_boundary_learner_v5,1,192,0.44792,0.58060,0.02604,0.48917,0.19932,0.50601,1.00000,0.39307,0.02083,0.12332,0.13341,0.51008,0.62987
combined_hard_shift,minimum_intervention_boundary_learner_v5,2,192,0.55208,0.74600,0.03646,0.48362,0.19493,0.52792,1.00000,0.38952,0.00521,0.11257,0.11038,0.49719,0.77175
combined_hard_shift,minimum_intervention_boundary_learner_v5,3,192,0.51042,0.68465,0.05729,0.48756,0.19509,0.53225,1.00000,0.39204,0.01042,0.11402,0.12610,0.50884,0.70532
combined_hard_shift,minimum_intervention_boundary_learner_v5,4,192,0.46354,0.65721,0.04688,0.47604,0.20340,0.51047,1.00000,0.38466,0.02604,0.11483,0.13074,0.50692,0.65086
combined_hard_shift,minimum_intervention_boundary_learner_v5,5,192,0.43229,0.57592,0.05729,0.49613,0.18827,0.53502,1.00000,0.39752,0.01562,0.10627,0.12819,0.49737,0.60136
combined_hard_shift,minimum_intervention_boundary_learner_v5,6,192,0.45833,0.61494,0.02083,0.47411,0.18494,0.51177,1.00000,0.38343,0.01042,0.10853,0.11433,0.49848,0.65407
combined_hard_shift,minimum_intervention_boundary_learner_v5,7,192,0.47396,0.65410,0.04167,0.47682,0.19707,0.51731,1.00000,0.38517,0.02083,0.11245,0.11918,0.49483,0.66502
combined_hard_shift,minimum_intervention_boundary_learner_v5,8,192,0.45312,0.64807,0.05208,0.46498,0.20183,0.52682,1.00000,0.37758,0.00521,0.11769,0.13133,0.50736,0.64402
combined_hard_shift,minimum_intervention_boundary_learner_v5,9,192,0.46875,0.64527,0.04167,0.47793,0.19486,0.50895,1.00000,0.38588,0.01562,0.10780,0.12530,0.50513,0.65872
combined_hard_shift,minimum_intervention_learner_v4,0,192,0.51562,0.70340,0.08854,0.53803,0.18324,0.51605,1.00000,0.42434,0.12500,0.07877,0.11047,0.45509,0.66008
combined_hard_shift,minimum_intervention_learner_v4,1,192,0.52083,0.68560,0.06250,0.54215,0.18875,0.50750,1.00000,0.42698,0.13021,0.08540,0.12222,0.46440,0.67269
combined_hard_shift,minimum_intervention_learner_v4,2,192,0.46354,0.66906,0.06771,0.54229,0.16847,0.51868,1.00000,0.42706,0.15104,0.06369,0.09892,0.44152,0.60352
combined_hard_shift,minimum_intervention_learner_v4,3,192,0.50521,0.69316,0.04167,0.54739,0.19010,0.52832,1.00000,0.43033,0.13542,0.07529,0.11104,0.45521,0.67020
combined_hard_shift,minimum_intervention_learner_v4,4,192,0.52083,0.71787,0.06771,0.52239,0.20614,0.50759,1.00000,0.41433,0.15625,0.08506,0.12535,0.46655,0.67048
combined_hard_shift,minimum_intervention_learner_v4,5,192,0.49479,0.67916,0.06250,0.54677,0.19432,0.52895,1.00000,0.42993,0.17708,0.07184,0.11511,0.45082,0.63408
combined_hard_shift,minimum_intervention_learner_v4,6,192,0.50521,0.70914,0.06250,0.53063,0.18058,0.50572,1.00000,0.41960,0.15104,0.06887,0.10181,0.44497,0.65554
combined_hard_shift,minimum_intervention_learner_v4,7,192,0.50521,0.71375,0.05208,0.52486,0.18934,0.51641,1.00000,0.41591,0.20833,0.07617,0.10884,0.44877,0.64767
combined_hard_shift,minimum_intervention_learner_v4,8,192,0.54688,0.76477,0.04688,0.51106,0.18620,0.51815,1.00000,0.40708,0.17708,0.08444,0.12071,0.46467,0.71344
combined_hard_shift,minimum_intervention_learner_v4,9,192,0.48438,0.67033,0.05208,0.52391,0.20301,0.51406,1.00000,0.41530,0.11458,0.08409,0.11750,0.46533,0.64409
combined_hard_shift,no_human_baseline,0,192,0.08854,0.00000,0.05729,0.00000,1.00000,0.58356,0.00000,0.02000,0.08333,0.11375,0.48940,1.00000,0.16038
combined_hard_shift,no_human_baseline,1,192,0.05729,0.00000,0.04167,0.00000,1.00000,0.58304,0.00000,0.02000,0.05729,0.11426,0.50548,1.00000,0.14448
combined_hard_shift,no_human_baseline,2,192,0.09896,0.00000,0.04688,0.00000,1.00000,0.58773,0.00000,0.02000,0.10938,0.11116,0.49169,1.00000,0.16946
combined_hard_shift,no_human_baseline,3,192,0.09375,0.00000,0.03125,0.00000,1.00000,0.57991,0.00000,0.02000,0.06250,0.11331,0.50534,1.00000,0.18449
combined_hard_shift,no_human_baseline,4,192,0.10938,0.00000,0.03646,0.00000,1.00000,0.58200,0.00000,0.02000,0.04688,0.11229,0.49813,1.00000,0.20205
combined_hard_shift,no_human_baseline,5,192,0.12500,0.00000,0.06771,0.00000,1.00000,0.59033,0.00000,0.02000,0.11458,0.11214,0.51726,1.00000,0.18355
combined_hard_shift,no_human_baseline,6,192,0.11458,0.00000,0.05729,0.00000,1.00000,0.58200,0.00000,0.02000,0.06250,0.11003,0.49098,1.00000,0.19205
combined_hard_shift,no_human_baseline,7,192,0.06771,0.00000,0.03646,0.00000,1.00000,0.58356,0.00000,0.02000,0.07812,0.10965,0.49813,1.00000,0.15184
combined_hard_shift,no_human_baseline,8,192,0.09375,0.00000,0.04688,0.00000,1.00000,0.58252,0.00000,0.02000,0.05208,0.11051,0.49376,1.00000,0.17962
combined_hard_shift,no_human_baseline,9,192,0.09375,0.00000,0.04688,0.00000,1.00000,0.58200,0.00000,0.02000,0.09375,0.11143,0.49816,1.00000,0.16788
combined_hard_shift,oracle_minimal_correction,0,192,0.57812,0.76813,0.02604,0.51559,0.14263,0.52740,1.00000,0.40998,0.00521,0.38589,0.03304,0.47738,0.80610
combined_hard_shift,oracle_minimal_correction,1,192,0.61458,0.81446,0.06771,0.52750,0.11758,0.50881,1.00000,0.41760,0.00521,0.37342,0.03473,0.47142,0.82802
combined_hard_shift,oracle_minimal_correction,2,192,0.58854,0.80375,0.04688,0.50318,0.14030,0.53443,1.00000,0.40203,0.01562,0.38069,0.03344,0.47776,0.81189
combined_hard_shift,oracle_minimal_correction,3,192,0.61458,0.82767,0.03646,0.52650,0.13074,0.53655,1.00000,0.41696,0.00000,0.36991,0.03435,0.47344,0.85237
combined_hard_shift,oracle_minimal_correction,4,192,0.55208,0.75761,0.05729,0.51178,0.13109,0.51661,1.00000,0.40754,0.00521,0.37466,0.03413,0.47071,0.75986
combined_hard_shift,oracle_minimal_correction,5,192,0.64583,0.88467,0.03646,0.52762,0.10931,0.54101,1.00000,0.41768,0.00521,0.35644,0.03337,0.46652,0.89491
combined_hard_shift,oracle_minimal_correction,6,192,0.54167,0.72843,0.04167,0.50028,0.13483,0.51860,1.00000,0.40018,0.01042,0.38187,0.03370,0.47414,0.75045
combined_hard_shift,oracle_minimal_correction,7,192,0.57292,0.80603,0.05208,0.50391,0.12538,0.52320,1.00000,0.40250,0.00521,0.37310,0.03337,0.47154,0.79518
combined_hard_shift,oracle_minimal_correction,8,192,0.56771,0.76256,0.04167,0.50579,0.13580,0.53340,1.00000,0.40371,0.00521,0.37723,0.03358,0.47412,0.78723
combined_hard_shift,oracle_minimal_correction,9,192,0.56250,0.75244,0.06771,0.51125,0.12526,0.51389,1.00000,0.40720,0.01562,0.37497,0.03387,0.47196,0.76053
combined_hard_shift,preference_only_ranker,0,192,0.50521,0.67259,0.05208,0.43763,0.25746,0.50450,0.59896,0.22731,0.09896,0.13171,0.18773,0.54797,0.68114
combined_hard_shift,preference_only_ranker,1,192,0.38542,0.49620,0.07292,0.43575,0.26558,0.49433,0.57292,0.21365,0.11458,0.13186,0.21037,0.56575,0.50752
combined_hard_shift,preference_only_ranker,2,192,0.41146,0.54710,0.04688,0.42881,0.24382,0.50709,0.55208,0.20306,0.09375,0.12219,0.18493,0.55355,0.56566
combined_hard_shift,preference_only_ranker,3,192,0.51562,0.67192,0.03125,0.43435,0.26414,0.51435,0.52604,0.19991,0.15104,0.12878,0.20284,0.55840,0.69070
combined_hard_shift,preference_only_ranker,4,192,0.44271,0.54429,0.05729,0.41704,0.27260,0.49603,0.58854,0.21356,0.15104,0.13774,0.20768,0.57131,0.57381
combined_hard_shift,preference_only_ranker,5,192,0.45312,0.60652,0.05208,0.43814,0.27267,0.51838,0.55208,0.21093,0.16146,0.13095,0.20903,0.55423,0.59988
combined_hard_shift,preference_only_ranker,6,192,0.44271,0.63630,0.04167,0.43183,0.24837,0.49417,0.57292,0.21211,0.11979,0.11826,0.17818,0.54157,0.60926
combined_hard_shift,preference_only_ranker,7,192,0.41667,0.57657,0.05208,0.41848,0.26525,0.50368,0.52083,0.19075,0.12500,0.12733,0.19613,0.55703,0.56617
combined_hard_shift,preference_only_ranker,8,192,0.40104,0.57023,0.05208,0.42087,0.27372,0.50581,0.55729,0.19944,0.14062,0.13209,0.20199,0.55150,0.54439
combined_hard_shift,preference_only_ranker,9,192,0.48958,0.63649,0.04688,0.42452,0.27356,0.49781,0.57292,0.20929,0.19792,0.13463,0.20448,0.56178,0.63321
combined_hard_shift,residual_correction_learner,0,192,0.28646,0.32512,0.06250,0.35091,0.55367,0.52784,1.00000,0.30458,0.09375,0.27234,0.32246,0.63020,0.38566
combined_hard_shift,residual_correction_learner,1,192,0.29688,0.33538,0.04688,0.36638,0.54055,0.52913,1.00000,0.31448,0.15625,0.26868,0.33127,0.62595,0.38847
combined_hard_shift,residual_correction_learner,2,192,0.35417,0.38692,0.05208,0.38562,0.51695,0.52307,1.00000,0.32680,0.09375,0.24357,0.29463,0.59279,0.46889
combined_hard_shift,residual_correction_learner,3,192,0.27083,0.27843,0.02083,0.34628,0.55180,0.53523,1.00000,0.30162,0.15104,0.27337,0.34157,0.64753,0.36735
combined_hard_shift,residual_correction_learner,4,192,0.33854,0.40307,0.07812,0.37782,0.52758,0.52428,1.00000,0.32181,0.10417,0.24530,0.29523,0.59739,0.44097
combined_hard_shift,residual_correction_learner,5,192,0.24479,0.26766,0.05208,0.36869,0.53122,0.52454,1.00000,0.31596,0.16146,0.25715,0.33300,0.61809,0.31626
combined_hard_shift,residual_correction_learner,6,192,0.30208,0.31433,0.05729,0.33488,0.55816,0.51261,1.00000,0.29432,0.15104,0.27755,0.32892,0.63611,0.38435
combined_hard_shift,residual_correction_learner,7,192,0.32812,0.38622,0.07292,0.37542,0.49697,0.52537,1.00000,0.32027,0.14583,0.24167,0.29688,0.59499,0.41798
combined_hard_shift,residual_correction_learner,8,192,0.31771,0.36574,0.06250,0.32677,0.58603,0.55242,1.00000,0.28913,0.17188,0.28018,0.33670,0.64709,0.40871
combined_hard_shift,residual_correction_learner,9,192,0.32812,0.37034,0.06250,0.36426,0.51929,0.51519,1.00000,0.31313,0.14062,0.25935,0.31498,0.61564,0.42139
combined_hard_shift,robust_mpc_correction,0,192,0.59896,0.83132,0.05729,0.56531,0.10795,0.50699,1.00000,0.44180,0.01562,0.05094,0.05296,0.42533,0.81498
combined_hard_shift,robust_mpc_correction,1,192,0.48958,0.66444,0.05208,0.57640,0.10968,0.49197,1.00000,0.44890,0.03125,0.05024,0.05936,0.42386,0.66487
combined_hard_shift,robust_mpc_correction,2,192,0.52604,0.72938,0.06250,0.55543,0.11367,0.51110,1.00000,0.43547,0.01042,0.04958,0.05356,0.42265,0.71907
combined_hard_shift,robust_mpc_correction,3,192,0.58854,0.81943,0.08854,0.57443,0.12410,0.51666,1.00000,0.44763,0.03646,0.04659,0.05891,0.42480,0.78083
combined_hard_shift,robust_mpc_correction,4,192,0.59896,0.85544,0.03125,0.55795,0.10604,0.49646,1.00000,0.43709,0.03125,0.04427,0.05696,0.42266,0.82816
combined_hard_shift,robust_mpc_correction,5,192,0.61979,0.88546,0.07812,0.57153,0.11203,0.51971,1.00000,0.44578,0.03646,0.03898,0.06376,0.42109,0.83232
combined_hard_shift,robust_mpc_correction,6,192,0.57292,0.82401,0.04167,0.55388,0.09663,0.49631,1.00000,0.43449,0.04167,0.04071,0.05064,0.41725,0.78670
combined_hard_shift,robust_mpc_correction,7,192,0.55208,0.82143,0.02604,0.54883,0.10826,0.50191,1.00000,0.43125,0.03125,0.04656,0.05891,0.42233,0.77747
combined_hard_shift,robust_mpc_correction,8,192,0.57292,0.80977,0.05208,0.55294,0.10100,0.51105,1.00000,0.43388,0.04688,0.04234,0.05457,0.42188,0.77886
combined_hard_shift,robust_mpc_correction,9,192,0.53125,0.76364,0.04688,0.56077,0.10743,0.49411,1.00000,0.43889,0.02604,0.04458,0.05574,0.42067,0.73310
combined_hard_shift,safety_filtered_residual,0,192,0.29688,0.35566,0.03646,0.31056,0.47064,0.50695,1.00000,0.27876,0.00000,0.26265,0.29409,0.68363,0.44370
combined_hard_shift,safety_filtered_residual,1,192,0.36979,0.43393,0.08333,0.33307,0.44112,0.48906,1.00000,0.29316,0.01562,0.24839,0.29321,0.67088,0.50148
combined_hard_shift,safety_filtered_residual,2,192,0.33854,0.41031,0.06250,0.33782,0.41892,0.51241,1.00000,0.29620,0.01562,0.22561,0.26135,0.65340,0.47789
combined_hard_shift,safety_filtered_residual,3,192,0.29688,0.33503,0.04167,0.31532,0.46609,0.51801,1.00000,0.28180,0.00521,0.25144,0.30579,0.68973,0.43660
combined_hard_shift,safety_filtered_residual,4,192,0.36979,0.46340,0.04167,0.33593,0.43414,0.49650,1.00000,0.29499,0.03646,0.23323,0.26990,0.65576,0.52392
combined_hard_shift,safety_filtered_residual,5,192,0.33854,0.43394,0.09375,0.34069,0.41318,0.51917,1.00000,0.29804,0.02604,0.22793,0.28657,0.65963,0.46503
combined_hard_shift,safety_filtered_residual,6,192,0.27604,0.33557,0.10417,0.30591,0.45382,0.49810,1.00000,0.27578,0.01042,0.25039,0.29147,0.67820,0.37904
combined_hard_shift,safety_filtered_residual,7,192,0.34896,0.45443,0.03125,0.34024,0.40538,0.50023,1.00000,0.29775,0.00521,0.22166,0.25965,0.64315,0.51501
combined_hard_shift,safety_filtered_residual,8,192,0.31771,0.39408,0.05208,0.29797,0.47158,0.51230,1.00000,0.27070,0.02083,0.25589,0.29735,0.68804,0.46031
combined_hard_shift,safety_filtered_residual,9,192,0.36979,0.45397,0.04167,0.32729,0.43750,0.49430,1.00000,0.28946,0.01042,0.24045,0.28428,0.66755,0.52969
combined_hard_shift,uncertainty_query_policy,0,192,0.35938,0.40778,0.05729,0.46171,0.39941,0.52976,1.00000,0.37549,0.16146,0.24439,0.25841,0.51609,0.45186
combined_hard_shift,uncertainty_query_policy,1,192,0.39583,0.42758,0.03646,0.46974,0.39237,0.52334,1.00000,0.38064,0.12500,0.24003,0.26344,0.52568,0.51313
combined_hard_shift,uncertainty_query_policy,2,192,0.40104,0.45094,0.03125,0.48961,0.36593,0.54351,1.00000,0.39335,0.12500,0.21187,0.22860,0.48050,0.52598
combined_hard_shift,uncertainty_query_policy,3,192,0.34375,0.36599,0.07812,0.45354,0.39173,0.54837,1.00000,0.37026,0.13021,0.24625,0.27288,0.53190,0.42841
combined_hard_shift,uncertainty_query_policy,4,192,0.31771,0.36442,0.07812,0.47322,0.39197,0.53142,1.00000,0.38286,0.10938,0.22110,0.24335,0.49870,0.40342
combined_hard_shift,uncertainty_query_policy,5,192,0.43229,0.49243,0.05208,0.48828,0.38669,0.54854,1.00000,0.39250,0.13542,0.22127,0.25969,0.49415,0.55398
combined_hard_shift,uncertainty_query_policy,6,192,0.36458,0.42564,0.07812,0.45825,0.39391,0.53432,1.00000,0.37328,0.15104,0.24134,0.25904,0.50322,0.45313
combined_hard_shift,uncertainty_query_policy,7,192,0.45312,0.53596,0.05729,0.47816,0.35775,0.52864,1.00000,0.38602,0.16667,0.20688,0.22954,0.48105,0.56998
combined_hard_shift,uncertainty_query_policy,8,192,0.34896,0.40348,0.07812,0.44044,0.42642,0.54577,1.00000,0.36188,0.11458,0.24901,0.26764,0.51969,0.44567
combined_hard_shift,uncertainty_query_policy,9,192,0.42188,0.49430,0.04688,0.47185,0.37306,0.52914,1.00000,0.38198,0.13021,0.22272,0.24552,0.49928,0.54635
delayed_feedback,active_entropy_query_policy,0,192,0.45312,0.76191,0.05729,0.27458,0.34852,0.60691,0.27083,0.09550,0.10938,0.17747,0.19613,0.61114,0.66549
delayed_feedback,active_entropy_query_policy,1,192,0.46354,0.70820,0.03125,0.27100,0.35931,0.61999,0.24479,0.08228,0.04688,0.17861,0.21252,0.62140,0.69794
delayed_feedback,active_entropy_query_policy,2,192,0.53646,0.85715,0.04167,0.26383,0.34665,0.61899,0.20312,0.07207,0.07292,0.16759,0.19679,0.61610,0.79098
delayed_feedback,active_entropy_query_policy,3,192,0.43229,0.67272,0.04688,0.26996,0.36023,0.60695,0.24479,0.08711,0.06250,0.18334,0.20600,0.61947,0.64437
delayed_feedback,active_entropy_query_policy,4,192,0.45833,0.71456,0.03646,0.28317,0.33931,0.61424,0.21354,0.08493,0.05208,0.16596,0.20456,0.61084,0.68857
delayed_feedback,active_entropy_query_policy,5,192,0.48438,0.72359,0.05729,0.26814,0.36907,0.63473,0.23958,0.08714,0.06771,0.18399,0.21435,0.63553,0.70518
delayed_feedback,active_entropy_query_policy,6,192,0.40104,0.64868,0.05729,0.27923,0.33829,0.60572,0.23438,0.08634,0.08333,0.17120,0.19841,0.60956,0.59596
delayed_feedback,active_entropy_query_policy,7,192,0.44792,0.66870,0.02604,0.25597,0.38483,0.61718,0.21354,0.07854,0.07292,0.18789,0.22189,0.63615,0.66958
delayed_feedback,active_entropy_query_policy,8,192,0.41667,0.66210,0.04167,0.28209,0.33654,0.58854,0.26042,0.08385,0.08854,0.18798,0.20404,0.61069,0.61914
delayed_feedback,active_entropy_query_policy,9,192,0.47396,0.72873,0.05208,0.28108,0.35265,0.60596,0.25521,0.09434,0.10938,0.17309,0.20321,0.60610,0.68141
delayed_feedback,dagger_full_correction,0,192,0.47396,0.65861,0.06250,0.43037,0.35600,0.59718,1.00000,0.70544,0.11979,0.11815,0.17262,0.37047,0.61722
delayed_feedback,dagger_full_correction,1,192,0.48438,0.70049,0.04167,0.43212,0.40421,0.61928,1.00000,0.70656,0.09896,0.13279,0.18714,0.36264,0.65595
delayed_feedback,dagger_full_correction,2,192,0.53125,0.72854,0.08854,0.41807,0.39509,0.61047,1.00000,0.69757,0.10938,0.11861,0.17044,0.37463,0.68156
delayed_feedback,dagger_full_correction,3,192,0.52604,0.71368,0.05729,0.41283,0.37118,0.60798,1.00000,0.69421,0.10938,0.12992,0.18168,0.39647,0.69026
delayed_feedback,dagger_full_correction,4,192,0.45312,0.64319,0.06250,0.44925,0.35917,0.60649,1.00000,0.71752,0.08333,0.11038,0.16723,0.35819,0.60326
delayed_feedback,dagger_full_correction,5,192,0.53125,0.74797,0.06250,0.44774,0.37814,0.62920,1.00000,0.71655,0.08333,0.11284,0.15470,0.36111,0.70758
delayed_feedback,dagger_full_correction,6,192,0.50521,0.70347,0.06250,0.42245,0.37134,0.61302,1.00000,0.70037,0.09896,0.12749,0.17552,0.38887,0.66738
delayed_feedback,dagger_full_correction,7,192,0.46354,0.66724,0.06771,0.42040,0.38316,0.61372,1.00000,0.69906,0.08854,0.11911,0.17135,0.37342,0.61733
delayed_feedback,dagger_full_correction,8,192,0.43229,0.59374,0.04688,0.42118,0.37114,0.59406,1.00000,0.69956,0.09896,0.13130,0.17790,0.40822,0.57699
delayed_feedback,dagger_full_correction,9,192,0.50000,0.65959,0.08854,0.43693,0.38227,0.60610,1.00000,0.70963,0.06771,0.11760,0.17008,0.36721,0.64533
delayed_feedback,full_demo_imitation,0,192,0.44792,0.61528,0.06250,0.46859,0.38288,0.60301,1.00000,0.72990,0.06771,0.12133,0.16822,0.32423,0.59358
delayed_feedback,full_demo_imitation,1,192,0.41146,0.54568,0.11458,0.47038,0.46186,0.62566,1.00000,0.73105,0.07812,0.12794,0.18528,0.32090,0.51453
delayed_feedback,full_demo_imitation,2,192,0.48958,0.68506,0.09896,0.44894,0.41155,0.61825,1.00000,0.71732,0.09896,0.11843,0.16430,0.33722,0.62608
delayed_feedback,full_demo_imitation,3,192,0.48438,0.68689,0.07812,0.45099,0.39955,0.61718,1.00000,0.71864,0.11979,0.12164,0.17559,0.35278,0.62686
delayed_feedback,full_demo_imitation,4,192,0.43750,0.59807,0.08333,0.49048,0.41466,0.61207,1.00000,0.74391,0.14583,0.11513,0.16449,0.30961,0.54648
delayed_feedback,full_demo_imitation,5,192,0.50521,0.72107,0.10417,0.48925,0.42344,0.62915,1.00000,0.74312,0.08854,0.12239,0.15389,0.31869,0.64917
delayed_feedback,full_demo_imitation,6,192,0.42188,0.58266,0.08854,0.44673,0.42450,0.61846,1.00000,0.71591,0.10938,0.12362,0.17971,0.36265,0.53971
delayed_feedback,full_demo_imitation,7,192,0.46875,0.64724,0.13021,0.46656,0.43380,0.61659,1.00000,0.72860,0.16667,0.11682,0.16579,0.31541,0.55991
delayed_feedback,full_demo_imitation,8,192,0.51042,0.69023,0.10417,0.45664,0.41135,0.59986,1.00000,0.72225,0.14583,0.11875,0.16961,0.36682,0.63109
delayed_feedback,full_demo_imitation,9,192,0.51042,0.69367,0.05729,0.48137,0.43463,0.61628,1.00000,0.73808,0.10938,0.11599,0.16451,0.31694,0.66536
delayed_feedback,inverse_rl_correction_proxy,0,192,0.48958,0.75057,0.05208,0.34759,0.35813,0.71796,1.00000,0.30246,0.09896,0.12957,0.17731,0.47939,0.70361
delayed_feedback,inverse_rl_correction_proxy,1,192,0.41667,0.59305,0.04167,0.34910,0.40055,0.73362,1.00000,0.30342,0.12500,0.13977,0.19178,0.48598,0.59649
delayed_feedback,inverse_rl_correction_proxy,2,192,0.50000,0.74233,0.04688,0.35263,0.35242,0.72430,1.00000,0.30569,0.06250,0.11697,0.16359,0.46600,0.72514
delayed_feedback,inverse_rl_correction_proxy,3,192,0.43750,0.63439,0.03646,0.34828,0.35638,0.72526,1.00000,0.30290,0.10938,0.13036,0.17688,0.49189,0.63273
delayed_feedback,inverse_rl_correction_proxy,4,192,0.44792,0.68344,0.06250,0.35940,0.32156,0.71717,1.00000,0.31001,0.06771,0.12066,0.17220,0.47760,0.64998
delayed_feedback,inverse_rl_correction_proxy,5,192,0.52604,0.72919,0.03125,0.35696,0.36802,0.74366,1.00000,0.30845,0.05729,0.12823,0.18026,0.49023,0.76148
delayed_feedback,inverse_rl_correction_proxy,6,192,0.44792,0.67129,0.03125,0.36193,0.33200,0.71536,1.00000,0.31164,0.05729,0.12193,0.16457,0.47140,0.66585
delayed_feedback,inverse_rl_correction_proxy,7,192,0.46354,0.62473,0.05208,0.33462,0.39040,0.73616,1.00000,0.29415,0.09375,0.13949,0.19991,0.49666,0.65495
delayed_feedback,inverse_rl_correction_proxy,8,192,0.44792,0.63946,0.04688,0.35345,0.34364,0.69268,1.00000,0.30621,0.08333,0.13697,0.17951,0.50372,0.64234
delayed_feedback,inverse_rl_correction_proxy,9,192,0.47396,0.66291,0.06250,0.34629,0.37558,0.72086,1.00000,0.30163,0.07292,0.13690,0.18918,0.49532,0.67179
delayed_feedback,minimum_intervention_boundary_learner_v5,0,192,0.53125,0.90738,0.02604,0.37872,0.19039,0.62082,0.88542,0.29310,0.00000,0.14700,0.08024,0.46447,0.80807
delayed_feedback,minimum_intervention_boundary_learner_v5,1,192,0.58333,0.96954,0.04167,0.38235,0.19483,0.62562,0.88021,0.28761,0.00000,0.14069,0.08852,0.46558,0.86663
delayed_feedback,minimum_intervention_boundary_learner_v5,2,192,0.54167,0.96065,0.04167,0.37561,0.17392,0.62913,0.86979,0.28088,0.00521,0.13375,0.07292,0.45523,0.82179
delayed_feedback,minimum_intervention_boundary_learner_v5,3,192,0.65104,1.08245,0.03125,0.37618,0.19385,0.61863,0.85417,0.27180,0.00000,0.14987,0.08708,0.46814,0.96453
delayed_feedback,minimum_intervention_boundary_learner_v5,4,192,0.57292,1.00321,0.05729,0.39549,0.17881,0.62504,0.85417,0.29148,0.00000,0.12926,0.07942,0.45192,0.85457
delayed_feedback,minimum_intervention_boundary_learner_v5,5,192,0.52604,0.87575,0.02604,0.39020,0.20269,0.64082,0.89062,0.29592,0.00000,0.13813,0.08090,0.46514,0.79841
delayed_feedback,minimum_intervention_boundary_learner_v5,6,192,0.52083,0.91329,0.05208,0.38775,0.18288,0.61664,0.86458,0.28521,0.00000,0.13764,0.07824,0.45815,0.78491
delayed_feedback,minimum_intervention_boundary_learner_v5,7,192,0.56250,0.97016,0.04688,0.37125,0.18682,0.62654,0.88021,0.28314,0.00000,0.14206,0.08611,0.46838,0.84369
delayed_feedback,minimum_intervention_boundary_learner_v5,8,192,0.56771,0.94851,0.08854,0.39033,0.18983,0.59953,0.86458,0.29019,0.00000,0.15489,0.08384,0.46648,0.81854
delayed_feedback,minimum_intervention_boundary_learner_v5,9,192,0.58333,1.00366,0.03646,0.38649,0.18485,0.61152,0.87500,0.28811,0.00521,0.13861,0.08177,0.45859,0.87318
delayed_feedback,minimum_intervention_learner_v4,0,192,0.60938,1.07217,0.05208,0.39430,0.20714,0.61860,1.00000,0.33235,0.07812,0.05845,0.09493,0.44761,0.88414
delayed_feedback,minimum_intervention_learner_v4,1,192,0.57292,0.97316,0.06771,0.39026,0.24010,0.63092,1.00000,0.32976,0.15104,0.06865,0.10673,0.46154,0.79977
delayed_feedback,minimum_intervention_learner_v4,2,192,0.54167,0.93549,0.03125,0.38487,0.22206,0.63119,1.00000,0.32632,0.06250,0.05551,0.09454,0.45167,0.80368
delayed_feedback,minimum_intervention_learner_v4,3,192,0.60938,1.02376,0.04688,0.38712,0.22765,0.62382,1.00000,0.32776,0.12500,0.06424,0.10039,0.46108,0.86463
delayed_feedback,minimum_intervention_learner_v4,4,192,0.61979,1.04120,0.04167,0.40752,0.22119,0.62874,1.00000,0.34082,0.09896,0.05604,0.09547,0.43953,0.88786
delayed_feedback,minimum_intervention_learner_v4,5,192,0.57812,0.97645,0.05729,0.39611,0.24008,0.65053,1.00000,0.33351,0.10417,0.06477,0.10158,0.46730,0.82691
delayed_feedback,minimum_intervention_learner_v4,6,192,0.55729,0.97011,0.07812,0.40397,0.19488,0.61669,1.00000,0.33854,0.06250,0.05896,0.09158,0.43843,0.79945
delayed_feedback,minimum_intervention_learner_v4,7,192,0.51042,0.86871,0.05208,0.37297,0.23318,0.63493,1.00000,0.31870,0.10417,0.06816,0.11010,0.47746,0.73736
delayed_feedback,minimum_intervention_learner_v4,8,192,0.47917,0.84097,0.03125,0.41515,0.19720,0.59853,1.00000,0.34570,0.09896,0.05664,0.09022,0.43831,0.70439
delayed_feedback,minimum_intervention_learner_v4,9,192,0.53125,0.91855,0.02604,0.39932,0.19862,0.61879,1.00000,0.33556,0.10938,0.05424,0.09017,0.44448,0.77673
delayed_feedback,no_human_baseline,0,192,0.13021,0.00000,0.01042,0.00000,1.00000,0.58798,0.00000,0.02000,0.04688,0.08878,0.45749,1.00000,0.23720
delayed_feedback,no_human_baseline,1,192,0.12500,0.00000,0.04688,0.00000,1.00000,0.58955,0.00000,0.02000,0.03125,0.08759,0.47373,1.00000,0.21762
delayed_feedback,no_human_baseline,2,192,0.19792,0.00000,0.03646,0.00000,1.00000,0.59007,0.00000,0.02000,0.04167,0.07886,0.46132,1.00000,0.29310
delayed_feedback,no_human_baseline,3,192,0.14583,0.00000,0.02604,0.00000,1.00000,0.58746,0.00000,0.02000,0.07812,0.07920,0.47030,1.00000,0.23589
delayed_feedback,no_human_baseline,4,192,0.20312,0.00000,0.05729,0.00000,1.00000,0.59059,0.00000,0.02000,0.03646,0.08249,0.47835,1.00000,0.28900
delayed_feedback,no_human_baseline,5,192,0.17708,0.00000,0.04688,0.00000,1.00000,0.59215,0.00000,0.02000,0.05208,0.08561,0.46971,1.00000,0.26420
delayed_feedback,no_human_baseline,6,192,0.09896,0.00000,0.03125,0.00000,1.00000,0.58486,0.00000,0.02000,0.07292,0.08447,0.46726,1.00000,0.18742
delayed_feedback,no_human_baseline,7,192,0.16146,0.00000,0.03125,0.00000,1.00000,0.59007,0.00000,0.02000,0.02604,0.08049,0.46461,1.00000,0.26373
delayed_feedback,no_human_baseline,8,192,0.18229,0.00000,0.05729,0.00000,1.00000,0.58590,0.00000,0.02000,0.03646,0.08612,0.47060,1.00000,0.26756
delayed_feedback,no_human_baseline,9,192,0.16146,0.00000,0.03125,0.00000,1.00000,0.59007,0.00000,0.02000,0.05729,0.08111,0.47112,1.00000,0.25498
delayed_feedback,oracle_minimal_correction,0,192,0.58854,0.99914,0.02604,0.37045,0.14849,0.60746,1.00000,0.31709,0.00000,0.35200,0.03225,0.47666,0.88334
delayed_feedback,oracle_minimal_correction,1,192,0.57292,1.00930,0.05208,0.37983,0.12819,0.60811,1.00000,0.32309,0.00000,0.33643,0.03229,0.46918,0.85585
delayed_feedback,oracle_minimal_correction,2,192,0.68750,1.22245,0.06771,0.36418,0.14860,0.61497,1.00000,0.31308,0.00000,0.34242,0.03187,0.47195,1.01069
delayed_feedback,oracle_minimal_correction,3,192,0.66146,1.09959,0.04167,0.37308,0.14410,0.60381,1.00000,0.31877,0.00000,0.34680,0.03210,0.47301,0.96950
delayed_feedback,oracle_minimal_correction,4,192,0.70312,1.20041,0.03125,0.38348,0.12737,0.61317,1.00000,0.32543,0.00000,0.33386,0.03203,0.46825,1.03945
delayed_feedback,oracle_minimal_correction,5,192,0.60938,1.01704,0.01042,0.38213,0.14948,0.62662,1.00000,0.32457,0.00000,0.34033,0.03126,0.47239,0.91818
delayed_feedback,oracle_minimal_correction,6,192,0.55729,0.92987,0.04167,0.37774,0.14679,0.60910,1.00000,0.32175,0.00000,0.34642,0.03247,0.47384,0.82859
delayed_feedback,oracle_minimal_correction,7,192,0.64583,1.11878,0.01562,0.37127,0.13682,0.60975,1.00000,0.31761,0.00000,0.33900,0.03197,0.46859,0.97224
delayed_feedback,oracle_minimal_correction,8,192,0.61458,0.99408,0.03125,0.38642,0.14484,0.58842,1.00000,0.32731,0.00000,0.35363,0.03272,0.47254,0.90242
delayed_feedback,oracle_minimal_correction,9,192,0.61458,1.03928,0.04167,0.37783,0.14231,0.59671,1.00000,0.32181,0.00000,0.34153,0.03220,0.46929,0.90811
delayed_feedback,preference_only_ranker,0,192,0.46875,0.80279,0.04167,0.33765,0.29769,0.58382,0.50521,0.15149,0.08333,0.09814,0.14720,0.51904,0.69539
delayed_feedback,preference_only_ranker,1,192,0.50000,0.82013,0.02604,0.33132,0.29935,0.59634,0.57812,0.17424,0.08333,0.10188,0.15680,0.53946,0.74021
delayed_feedback,preference_only_ranker,2,192,0.46354,0.81697,0.04167,0.33416,0.27768,0.59687,0.54167,0.16733,0.08333,0.08409,0.13931,0.51876,0.69428
delayed_feedback,preference_only_ranker,3,192,0.51042,0.83646,0.05208,0.33384,0.28454,0.58630,0.55208,0.17308,0.07812,0.09338,0.14746,0.52640,0.74023
delayed_feedback,preference_only_ranker,4,192,0.56771,0.97847,0.04167,0.34965,0.26522,0.59181,0.50000,0.16088,0.11458,0.09047,0.14284,0.51416,0.82463
delayed_feedback,preference_only_ranker,5,192,0.54167,0.86956,0.06250,0.32727,0.28405,0.61520,0.58333,0.17702,0.08333,0.09397,0.15637,0.55336,0.77681
delayed_feedback,preference_only_ranker,6,192,0.50521,0.85248,0.03646,0.35177,0.25683,0.58665,0.54688,0.17183,0.07292,0.08610,0.13560,0.50334,0.74708
delayed_feedback,preference_only_ranker,7,192,0.52083,0.84612,0.02604,0.31345,0.30858,0.59284,0.51562,0.14907,0.07292,0.10013,0.16799,0.55646,0.77121
delayed_feedback,preference_only_ranker,8,192,0.54167,0.87954,0.05208,0.35522,0.24802,0.56980,0.58333,0.18572,0.08333,0.08952,0.13858,0.51304,0.77612
delayed_feedback,preference_only_ranker,9,192,0.53125,0.84894,0.04167,0.33355,0.28433,0.58649,0.50000,0.16384,0.06250,0.08567,0.15143,0.52706,0.77407
delayed_feedback,residual_correction_learner,0,192,0.45833,0.69733,0.03125,0.35395,0.36959,0.57548,1.00000,0.30653,0.09375,0.13108,0.18802,0.48943,0.65474
delayed_feedback,residual_correction_learner,1,192,0.48958,0.72725,0.05208,0.34700,0.43960,0.57864,1.00000,0.30208,0.08854,0.14663,0.21140,0.48909,0.68379
delayed_feedback,residual_correction_learner,2,192,0.46875,0.68801,0.04688,0.34313,0.41932,0.58816,1.00000,0.29960,0.08333,0.13572,0.19109,0.48468,0.65962
delayed_feedback,residual_correction_learner,3,192,0.39062,0.57243,0.06250,0.33927,0.43743,0.57896,1.00000,0.29713,0.08333,0.15387,0.21193,0.50828,0.54803
delayed_feedback,residual_correction_learner,4,192,0.45833,0.67721,0.05208,0.37021,0.39072,0.58404,1.00000,0.31694,0.07292,0.12261,0.18790,0.46650,0.64481
delayed_feedback,residual_correction_learner,5,192,0.47396,0.73174,0.04688,0.36991,0.42325,0.60474,1.00000,0.31674,0.09896,0.13867,0.18404,0.47403,0.67092
delayed_feedback,residual_correction_learner,6,192,0.41667,0.60669,0.03646,0.33390,0.46904,0.59391,1.00000,0.29370,0.08333,0.16198,0.21998,0.51278,0.59748
delayed_feedback,residual_correction_learner,7,192,0.39583,0.56438,0.04688,0.34803,0.45034,0.58211,1.00000,0.30274,0.07812,0.14147,0.20162,0.48049,0.55982
delayed_feedback,residual_correction_learner,8,192,0.41667,0.61563,0.09896,0.35653,0.42875,0.55711,1.00000,0.30818,0.08854,0.15035,0.19999,0.49848,0.55934
delayed_feedback,residual_correction_learner,9,192,0.44271,0.67834,0.05208,0.37352,0.39784,0.57782,1.00000,0.31905,0.06771,0.12538,0.18293,0.46259,0.62979
delayed_feedback,robust_mpc_correction,0,192,0.65104,1.18854,0.03646,0.40027,0.13690,0.58298,1.00000,0.33617,0.00521,0.04661,0.05755,0.43520,0.97452
delayed_feedback,robust_mpc_correction,1,192,0.59896,1.06673,0.06771,0.40830,0.13811,0.58580,1.00000,0.34131,0.00521,0.03922,0.06121,0.42854,0.87919
delayed_feedback,robust_mpc_correction,2,192,0.65104,1.21900,0.06250,0.39632,0.13077,0.59077,1.00000,0.33364,0.00000,0.03675,0.05363,0.42468,0.96974
delayed_feedback,robust_mpc_correction,3,192,0.57812,1.02168,0.03646,0.40594,0.12506,0.58218,1.00000,0.33980,0.01042,0.03702,0.05488,0.42564,0.86269
delayed_feedback,robust_mpc_correction,4,192,0.60417,1.06162,0.04167,0.41558,0.13242,0.58880,1.00000,0.34597,0.00000,0.03444,0.05861,0.42296,0.89818
delayed_feedback,robust_mpc_correction,5,192,0.55729,1.03353,0.04688,0.41319,0.13977,0.60608,1.00000,0.34444,0.00000,0.03894,0.05673,0.43026,0.84510
delayed_feedback,robust_mpc_correction,6,192,0.59896,1.10988,0.03125,0.41531,0.13538,0.58368,1.00000,0.34580,0.00521,0.03883,0.05429,0.41939,0.90671
delayed_feedback,robust_mpc_correction,7,192,0.59375,1.07648,0.03125,0.39704,0.12591,0.58545,1.00000,0.33411,0.00000,0.03800,0.05981,0.43134,0.89697
delayed_feedback,robust_mpc_correction,8,192,0.58854,1.04916,0.03125,0.42454,0.12765,0.56854,1.00000,0.35171,0.00521,0.04098,0.05293,0.42145,0.88080
delayed_feedback,robust_mpc_correction,9,192,0.65625,1.18738,0.02604,0.41015,0.13107,0.57789,1.00000,0.34249,0.00000,0.03819,0.05607,0.42344,0.98482
delayed_feedback,safety_filtered_residual,0,192,0.43229,0.69080,0.04167,0.30209,0.31042,0.57032,1.00000,0.27334,0.00000,0.12648,0.16106,0.58463,0.65367
delayed_feedback,safety_filtered_residual,1,192,0.51042,0.78279,0.02083,0.30436,0.30854,0.57837,1.00000,0.27479,0.00521,0.13207,0.17182,0.57772,0.76205
delayed_feedback,safety_filtered_residual,2,192,0.52604,0.84647,0.03646,0.29869,0.29730,0.57685,1.00000,0.27116,0.00000,0.11711,0.15524,0.57574,0.78488
delayed_feedback,safety_filtered_residual,3,192,0.44792,0.71032,0.08333,0.29532,0.32361,0.56793,1.00000,0.26900,0.00000,0.13484,0.17385,0.58864,0.65201
delayed_feedback,safety_filtered_residual,4,192,0.50000,0.80260,0.04167,0.32362,0.28040,0.57923,1.00000,0.28711,0.00000,0.11448,0.15286,0.55982,0.74528
delayed_feedback,safety_filtered_residual,5,192,0.47917,0.78664,0.04688,0.32445,0.29801,0.59175,1.00000,0.28765,0.00521,0.11875,0.14712,0.56589,0.71867
delayed_feedback,safety_filtered_residual,6,192,0.47396,0.79060,0.05208,0.29833,0.31876,0.57136,1.00000,0.27093,0.00000,0.13487,0.17239,0.58739,0.71226
delayed_feedback,safety_filtered_residual,7,192,0.47917,0.77794,0.04688,0.29765,0.30719,0.57454,1.00000,0.27049,0.00000,0.12266,0.16420,0.57992,0.71745
delayed_feedback,safety_filtered_residual,8,192,0.48438,0.77246,0.03646,0.31063,0.31166,0.55626,1.00000,0.27880,0.00000,0.13714,0.16722,0.57767,0.72401
delayed_feedback,safety_filtered_residual,9,192,0.50000,0.81022,0.04167,0.31831,0.28630,0.56434,1.00000,0.28372,0.00000,0.11522,0.15164,0.56343,0.74535
delayed_feedback,uncertainty_query_policy,0,192,0.54167,0.81588,0.06771,0.41282,0.28314,0.59028,0.98958,0.34285,0.10417,0.10764,0.14294,0.39854,0.73802
delayed_feedback,uncertainty_query_policy,1,192,0.47917,0.72183,0.07812,0.41456,0.32944,0.61296,0.99479,0.34441,0.09896,0.11717,0.15357,0.39470,0.65356
delayed_feedback,uncertainty_query_policy,2,192,0.49479,0.78759,0.07292,0.39664,0.29325,0.60462,1.00000,0.33385,0.08854,0.10430,0.13867,0.40859,0.68936
delayed_feedback,uncertainty_query_policy,3,192,0.53646,0.78855,0.05208,0.39922,0.31648,0.60221,0.98958,0.33316,0.16667,0.12248,0.15439,0.42138,0.72055
delayed_feedback,uncertainty_query_policy,4,192,0.56771,0.83679,0.07812,0.43074,0.30226,0.60023,1.00000,0.35567,0.08333,0.10076,0.13870,0.38521,0.76913
delayed_feedback,uncertainty_query_policy,5,192,0.55729,0.82080,0.08333,0.42353,0.28627,0.61867,1.00000,0.35106,0.13021,0.09951,0.13137,0.40111,0.74276
delayed_feedback,uncertainty_query_policy,6,192,0.47917,0.71905,0.03646,0.40269,0.30663,0.59609,0.99479,0.33654,0.07292,0.11959,0.14781,0.42299,0.68148
delayed_feedback,uncertainty_query_policy,7,192,0.48438,0.72563,0.08854,0.40310,0.32871,0.60196,0.98958,0.33520,0.12500,0.11789,0.15044,0.39942,0.64611
delayed_feedback,uncertainty_query_policy,8,192,0.46354,0.70185,0.03646,0.41557,0.31268,0.58304,0.98958,0.34330,0.12500,0.12017,0.14420,0.41836,0.64525
delayed_feedback,uncertainty_query_policy,9,192,0.49479,0.76676,0.05208,0.42146,0.31409,0.60253,1.00000,0.34974,0.11979,0.10515,0.13840,0.38940,0.68491
dynamics_mismatch,active_entropy_query_policy,0,192,0.48438,0.62387,0.06250,0.50841,0.20269,0.57467,1.00000,0.40538,0.07812,0.17894,0.16373,0.51768,0.64960
dynamics_mismatch,active_entropy_query_policy,1,192,0.46875,0.61095,0.03125,0.46608,0.24563,0.57000,1.00000,0.37829,0.11458,0.20965,0.18105,0.54683,0.63924
dynamics_mismatch,active_entropy_query_policy,2,192,0.48438,0.63138,0.05208,0.48843,0.21970,0.56312,1.00000,0.39259,0.09896,0.19088,0.16149,0.52511,0.65028
dynamics_mismatch,active_entropy_query_policy,3,192,0.45312,0.58268,0.03646,0.46248,0.26938,0.55672,1.00000,0.37599,0.11979,0.22347,0.19242,0.55487,0.61201
dynamics_mismatch,active_entropy_query_policy,4,192,0.47917,0.63028,0.03646,0.45269,0.24592,0.58831,0.99479,0.36857,0.14062,0.20643,0.18408,0.54826,0.64680
dynamics_mismatch,active_entropy_query_policy,5,192,0.43229,0.56650,0.04167,0.47677,0.24277,0.55921,1.00000,0.38513,0.11458,0.21084,0.18102,0.54050,0.58556
dynamics_mismatch,active_entropy_query_policy,6,192,0.44792,0.59349,0.03646,0.46442,0.24756,0.57411,1.00000,0.37723,0.10938,0.21148,0.18515,0.54781,0.61395
dynamics_mismatch,active_entropy_query_policy,7,192,0.47917,0.61449,0.04167,0.47016,0.23973,0.56391,1.00000,0.38090,0.09375,0.20124,0.16747,0.53455,0.64933
dynamics_mismatch,active_entropy_query_policy,8,192,0.42708,0.55546,0.06250,0.46369,0.25719,0.57354,1.00000,0.37676,0.08854,0.21623,0.18886,0.54963,0.57708
dynamics_mismatch,active_entropy_query_policy,9,192,0.42708,0.54334,0.02604,0.49452,0.23285,0.57294,1.00000,0.39649,0.13021,0.19846,0.16685,0.52993,0.57976
dynamics_mismatch,dagger_full_correction,0,192,0.38542,0.42618,0.05208,0.50680,0.34927,0.57616,1.00000,0.75435,0.19792,0.19904,0.25794,0.50738,0.46300
dynamics_mismatch,dagger_full_correction,1,192,0.35938,0.41501,0.05729,0.47899,0.38549,0.60455,1.00000,0.73655,0.10938,0.21041,0.26124,0.52167,0.46179
dynamics_mismatch,dagger_full_correction,2,192,0.41146,0.45302,0.05208,0.50719,0.35412,0.57592,1.00000,0.75460,0.16146,0.19198,0.23726,0.49002,0.50424
dynamics_mismatch,dagger_full_correction,3,192,0.35417,0.38740,0.07812,0.46776,0.43200,0.57687,1.00000,0.72937,0.14062,0.23035,0.27503,0.53738,0.42844
dynamics_mismatch,dagger_full_correction,4,192,0.38542,0.43007,0.02604,0.46469,0.41443,0.59995,1.00000,0.72740,0.13542,0.22027,0.27356,0.52626,0.50015
dynamics_mismatch,dagger_full_correction,5,192,0.37500,0.43294,0.03125,0.48030,0.37976,0.58549,1.00000,0.73740,0.14062,0.21242,0.25868,0.52649,0.48388
dynamics_mismatch,dagger_full_correction,6,192,0.38021,0.41452,0.05208,0.46117,0.39672,0.58382,1.00000,0.72515,0.13542,0.22077,0.27450,0.53650,0.47649
dynamics_mismatch,dagger_full_correction,7,192,0.31771,0.37072,0.06250,0.47763,0.36790,0.57895,1.00000,0.73568,0.10417,0.20146,0.24488,0.51452,0.40548
dynamics_mismatch,dagger_full_correction,8,192,0.38542,0.42969,0.06771,0.45751,0.40856,0.58732,1.00000,0.72281,0.13021,0.22464,0.27639,0.54159,0.47919
dynamics_mismatch,dagger_full_correction,9,192,0.36458,0.41978,0.03125,0.48433,0.39167,0.59204,1.00000,0.73997,0.13021,0.21248,0.25861,0.52906,0.47435
dynamics_mismatch,full_demo_imitation,0,192,0.39583,0.42609,0.06771,0.54873,0.37422,0.58331,1.00000,0.78119,0.14062,0.17097,0.24559,0.46559,0.47895
dynamics_mismatch,full_demo_imitation,1,192,0.36458,0.39693,0.07292,0.50444,0.42314,0.60650,1.00000,0.75284,0.12500,0.19480,0.26204,0.49655,0.44879
dynamics_mismatch,full_demo_imitation,2,192,0.35938,0.41698,0.08333,0.53983,0.37873,0.58170,1.00000,0.77549,0.14583,0.17442,0.23227,0.46019,0.43068
dynamics_mismatch,full_demo_imitation,3,192,0.34896,0.35384,0.04688,0.50585,0.45469,0.58330,1.00000,0.75374,0.15104,0.19099,0.26731,0.50007,0.42705
dynamics_mismatch,full_demo_imitation,4,192,0.34375,0.37788,0.05729,0.49747,0.44079,0.60045,1.00000,0.74838,0.16667,0.19203,0.26861,0.49350,0.41948
dynamics_mismatch,full_demo_imitation,5,192,0.35417,0.38377,0.06250,0.51247,0.41100,0.59689,1.00000,0.75798,0.14583,0.18976,0.25773,0.49690,0.43359
dynamics_mismatch,full_demo_imitation,6,192,0.35417,0.38077,0.06250,0.48669,0.41778,0.59083,1.00000,0.74148,0.11979,0.18728,0.26759,0.51296,0.44098
dynamics_mismatch,full_demo_imitation,7,192,0.42708,0.47516,0.08854,0.50978,0.39797,0.58621,1.00000,0.75626,0.13021,0.17756,0.23940,0.48427,0.51551
dynamics_mismatch,full_demo_imitation,8,192,0.31771,0.33419,0.06250,0.49035,0.43309,0.59331,1.00000,0.74383,0.11979,0.19588,0.27072,0.50855,0.39428
dynamics_mismatch,full_demo_imitation,9,192,0.42708,0.47842,0.06250,0.52255,0.40192,0.60075,1.00000,0.76443,0.18229,0.17980,0.24293,0.49301,0.51714
dynamics_mismatch,inverse_rl_correction_proxy,0,192,0.49479,0.59942,0.04167,0.47959,0.24265,0.62548,1.00000,0.38694,0.12500,0.13917,0.21040,0.54319,0.66106
dynamics_mismatch,inverse_rl_correction_proxy,1,192,0.44271,0.53407,0.05208,0.45272,0.26971,0.63436,1.00000,0.36974,0.14583,0.15671,0.21667,0.55336,0.58578
dynamics_mismatch,inverse_rl_correction_proxy,2,192,0.44271,0.55228,0.07292,0.45029,0.27564,0.62227,1.00000,0.36818,0.13542,0.15804,0.22217,0.55867,0.58064
dynamics_mismatch,inverse_rl_correction_proxy,3,192,0.41667,0.50625,0.03125,0.44494,0.28827,0.61766,1.00000,0.36476,0.14062,0.16466,0.22984,0.56389,0.56449
dynamics_mismatch,inverse_rl_correction_proxy,4,192,0.42188,0.54700,0.05208,0.45437,0.26333,0.64731,1.00000,0.37080,0.12500,0.14500,0.20633,0.54039,0.57462
dynamics_mismatch,inverse_rl_correction_proxy,5,192,0.40104,0.50187,0.05208,0.45520,0.27317,0.61918,1.00000,0.37133,0.17708,0.15755,0.22127,0.55788,0.52647
dynamics_mismatch,inverse_rl_correction_proxy,6,192,0.45833,0.54964,0.02604,0.45700,0.26380,0.63582,1.00000,0.37248,0.13021,0.14626,0.21070,0.55044,0.62267
dynamics_mismatch,inverse_rl_correction_proxy,7,192,0.41667,0.51698,0.01562,0.45094,0.27656,0.62482,1.00000,0.36860,0.14062,0.14789,0.20727,0.55123,0.57510
dynamics_mismatch,inverse_rl_correction_proxy,8,192,0.39062,0.47623,0.02604,0.45788,0.26696,0.63142,1.00000,0.37304,0.13021,0.14986,0.20669,0.55486,0.53844
dynamics_mismatch,inverse_rl_correction_proxy,9,192,0.40625,0.49797,0.04167,0.47975,0.23950,0.63075,1.00000,0.38704,0.11979,0.14305,0.19759,0.54041,0.55220
dynamics_mismatch,minimum_intervention_boundary_learner_v5,0,192,0.48958,0.63451,0.04688,0.56518,0.13544,0.58241,1.00000,0.44172,0.01042,0.08432,0.09153,0.46243,0.68084
dynamics_mismatch,minimum_intervention_boundary_learner_v5,1,192,0.51042,0.68793,0.06250,0.52700,0.16115,0.57355,1.00000,0.41728,0.02083,0.10592,0.10101,0.48337,0.70338
dynamics_mismatch,minimum_intervention_boundary_learner_v5,2,192,0.47917,0.64949,0.06771,0.53739,0.16001,0.57028,1.00000,0.42393,0.02083,0.10387,0.09839,0.47286,0.65972
dynamics_mismatch,minimum_intervention_boundary_learner_v5,3,192,0.48438,0.64560,0.03125,0.52032,0.17659,0.56119,1.00000,0.41300,0.04688,0.11771,0.11584,0.49306,0.67605
dynamics_mismatch,minimum_intervention_boundary_learner_v5,4,192,0.46354,0.63857,0.04688,0.51571,0.16058,0.59242,1.00000,0.41005,0.01562,0.10482,0.10703,0.48126,0.65790
dynamics_mismatch,minimum_intervention_boundary_learner_v5,5,192,0.47917,0.61842,0.06771,0.53459,0.15998,0.56357,1.00000,0.42214,0.00000,0.11152,0.10684,0.48092,0.65832
dynamics_mismatch,minimum_intervention_boundary_learner_v5,6,192,0.50521,0.65241,0.04688,0.52369,0.17352,0.57895,1.00000,0.41516,0.00521,0.10887,0.11067,0.48836,0.70391
dynamics_mismatch,minimum_intervention_boundary_learner_v5,7,192,0.52083,0.69164,0.03125,0.52103,0.16286,0.56807,1.00000,0.41346,0.04167,0.10675,0.09595,0.48130,0.72439
dynamics_mismatch,minimum_intervention_boundary_learner_v5,8,192,0.56250,0.72651,0.04167,0.52847,0.17484,0.57843,1.00000,0.41822,0.02604,0.11227,0.10804,0.48379,0.77394
dynamics_mismatch,minimum_intervention_boundary_learner_v5,9,192,0.45312,0.59042,0.06771,0.54514,0.17114,0.57719,1.00000,0.42889,0.03125,0.11139,0.10222,0.47828,0.61871
dynamics_mismatch,minimum_intervention_learner_v4,0,192,0.56250,0.74512,0.08333,0.61545,0.14059,0.57337,1.00000,0.47389,0.11458,0.04348,0.08150,0.41966,0.72521
dynamics_mismatch,minimum_intervention_learner_v4,1,192,0.54688,0.74647,0.06771,0.58529,0.14276,0.57232,1.00000,0.45459,0.07812,0.05066,0.08477,0.42986,0.72945
dynamics_mismatch,minimum_intervention_learner_v4,2,192,0.53125,0.69967,0.04688,0.58815,0.15762,0.56379,1.00000,0.45642,0.10938,0.05659,0.09172,0.43230,0.70455
dynamics_mismatch,minimum_intervention_learner_v4,3,192,0.57292,0.78008,0.05208,0.57452,0.15530,0.55684,1.00000,0.44769,0.10417,0.06190,0.09982,0.44489,0.76277
dynamics_mismatch,minimum_intervention_learner_v4,4,192,0.53646,0.73798,0.03125,0.57259,0.15970,0.58898,1.00000,0.44646,0.11458,0.05383,0.09349,0.43051,0.72848
dynamics_mismatch,minimum_intervention_learner_v4,5,192,0.59375,0.81447,0.04688,0.58396,0.15479,0.55996,1.00000,0.45373,0.13021,0.06206,0.09549,0.43634,0.78629
dynamics_mismatch,minimum_intervention_learner_v4,6,192,0.52604,0.74086,0.05208,0.57654,0.17448,0.57715,1.00000,0.44898,0.10938,0.06446,0.10282,0.44128,0.70821
dynamics_mismatch,minimum_intervention_learner_v4,7,192,0.59896,0.81724,0.05729,0.57651,0.15048,0.56583,1.00000,0.44897,0.09896,0.05207,0.08530,0.42753,0.79598
dynamics_mismatch,minimum_intervention_learner_v4,8,192,0.52083,0.69123,0.03125,0.58299,0.16081,0.57379,1.00000,0.45311,0.16667,0.05713,0.09463,0.43456,0.68592
dynamics_mismatch,minimum_intervention_learner_v4,9,192,0.51042,0.70908,0.03125,0.61165,0.14592,0.57460,1.00000,0.47146,0.15625,0.04672,0.08245,0.42188,0.68099
dynamics_mismatch,no_human_baseline,0,192,0.13021,0.00000,0.04688,0.00000,1.00000,0.59933,0.00000,0.02000,0.10417,0.11791,0.52830,1.00000,0.20368
dynamics_mismatch,no_human_baseline,1,192,0.08333,0.00000,0.04167,0.00000,1.00000,0.59933,0.00000,0.02000,0.09375,0.11745,0.51371,1.00000,0.16243
dynamics_mismatch,no_human_baseline,2,192,0.14062,0.00000,0.04167,0.00000,1.00000,0.60090,0.00000,0.02000,0.07812,0.11705,0.51111,1.00000,0.22430
dynamics_mismatch,no_human_baseline,3,192,0.12500,0.00000,0.04167,0.00000,1.00000,0.59360,0.00000,0.02000,0.11979,0.11532,0.51143,1.00000,0.19606
dynamics_mismatch,no_human_baseline,4,192,0.09896,0.00000,0.05208,0.00000,1.00000,0.59933,0.00000,0.02000,0.09375,0.11372,0.51661,1.00000,0.17264
dynamics_mismatch,no_human_baseline,5,192,0.12500,0.00000,0.02604,0.00000,1.00000,0.60090,0.00000,0.02000,0.11458,0.11669,0.51439,1.00000,0.20659
dynamics_mismatch,no_human_baseline,6,192,0.10417,0.00000,0.06250,0.00000,1.00000,0.59413,0.00000,0.02000,0.08854,0.11517,0.51194,1.00000,0.17321
dynamics_mismatch,no_human_baseline,7,192,0.09375,0.00000,0.05729,0.00000,1.00000,0.59933,0.00000,0.02000,0.08854,0.11500,0.50342,1.00000,0.16618
dynamics_mismatch,no_human_baseline,8,192,0.10938,0.00000,0.06771,0.00000,1.00000,0.59465,0.00000,0.02000,0.06250,0.11561,0.51424,1.00000,0.18307
dynamics_mismatch,no_human_baseline,9,192,0.08854,0.00000,0.06771,0.00000,1.00000,0.59621,0.00000,0.02000,0.09375,0.11965,0.51007,1.00000,0.15369
dynamics_mismatch,oracle_minimal_correction,0,192,0.63021,0.81673,0.05208,0.56674,0.10284,0.58175,1.00000,0.44271,0.01562,0.35055,0.03177,0.46365,0.85732
dynamics_mismatch,oracle_minimal_correction,1,192,0.57292,0.76725,0.06250,0.54121,0.11858,0.57029,1.00000,0.42637,0.02083,0.36333,0.03229,0.47196,0.78193
dynamics_mismatch,oracle_minimal_correction,2,192,0.55208,0.72135,0.02604,0.54658,0.11129,0.56862,1.00000,0.42981,0.01562,0.36167,0.03204,0.46731,0.77081
dynamics_mismatch,oracle_minimal_correction,3,192,0.58854,0.75923,0.04167,0.54392,0.11619,0.55865,1.00000,0.42811,0.01042,0.36623,0.03316,0.47136,0.80792
dynamics_mismatch,oracle_minimal_correction,4,192,0.57812,0.78681,0.03125,0.53085,0.10796,0.59008,1.00000,0.41974,0.02083,0.35612,0.03128,0.46950,0.81044
dynamics_mismatch,oracle_minimal_correction,5,192,0.55208,0.73428,0.04688,0.55264,0.10621,0.55938,1.00000,0.43369,0.02604,0.36297,0.03187,0.46627,0.75847
dynamics_mismatch,oracle_minimal_correction,6,192,0.56250,0.70194,0.05729,0.54359,0.12382,0.57686,1.00000,0.42790,0.00521,0.36357,0.03252,0.47319,0.76507
dynamics_mismatch,oracle_minimal_correction,7,192,0.57812,0.74708,0.03646,0.52972,0.12951,0.56419,1.00000,0.41902,0.02604,0.37265,0.03219,0.47472,0.79446
dynamics_mismatch,oracle_minimal_correction,8,192,0.56771,0.75715,0.03125,0.54332,0.12255,0.57685,1.00000,0.42772,0.01042,0.36364,0.03226,0.47080,0.79440
dynamics_mismatch,oracle_minimal_correction,9,192,0.58854,0.75120,0.02604,0.55349,0.12177,0.57504,1.00000,0.43423,0.00521,0.36966,0.03248,0.47518,0.81778
dynamics_mismatch,preference_only_ranker,0,192,0.46354,0.59590,0.04167,0.49093,0.18564,0.55972,0.54688,0.22737,0.09375,0.08902,0.17739,0.53277,0.63589
dynamics_mismatch,preference_only_ranker,1,192,0.38021,0.51062,0.04688,0.46456,0.20931,0.55626,0.50000,0.19754,0.11458,0.11018,0.18036,0.54293,0.52666
dynamics_mismatch,preference_only_ranker,2,192,0.46354,0.60540,0.08333,0.46450,0.21215,0.54847,0.58333,0.23279,0.13542,0.11520,0.18552,0.54763,0.60369
dynamics_mismatch,preference_only_ranker,3,192,0.40625,0.54548,0.03646,0.46005,0.22383,0.54016,0.53125,0.21218,0.10417,0.11581,0.19432,0.55119,0.56636
dynamics_mismatch,preference_only_ranker,4,192,0.52083,0.70240,0.06771,0.46024,0.20818,0.57280,0.65104,0.24960,0.09375,0.10243,0.18007,0.53639,0.70396
dynamics_mismatch,preference_only_ranker,5,192,0.39583,0.51849,0.04688,0.47552,0.20802,0.54405,0.53125,0.21247,0.14583,0.11136,0.18034,0.53855,0.53279
dynamics_mismatch,preference_only_ranker,6,192,0.44792,0.59819,0.03646,0.46376,0.21946,0.56068,0.57812,0.22565,0.11979,0.11426,0.18490,0.54576,0.61704
dynamics_mismatch,preference_only_ranker,7,192,0.50000,0.65917,0.06250,0.46320,0.21380,0.55094,0.54167,0.21467,0.14062,0.10687,0.17386,0.53635,0.66192
dynamics_mismatch,preference_only_ranker,8,192,0.46354,0.59974,0.03646,0.46863,0.20290,0.55851,0.59375,0.23690,0.14583,0.10411,0.17700,0.54353,0.62481
dynamics_mismatch,preference_only_ranker,9,192,0.47917,0.61213,0.06250,0.49223,0.19809,0.55983,0.52604,0.21321,0.13542,0.10648,0.16986,0.52943,0.63307
dynamics_mismatch,residual_correction_learner,0,192,0.36458,0.42800,0.04167,0.42624,0.41112,0.58013,1.00000,0.35280,0.16667,0.22140,0.28361,0.58792,0.47935
dynamics_mismatch,residual_correction_learner,1,192,0.33854,0.40692,0.05729,0.38791,0.44761,0.57017,1.00000,0.32826,0.11458,0.23887,0.29642,0.61475,0.45628
dynamics_mismatch,residual_correction_learner,2,192,0.32812,0.37883,0.05208,0.42107,0.42415,0.54703,1.00000,0.34949,0.15625,0.22247,0.27955,0.58335,0.42519
dynamics_mismatch,residual_correction_learner,3,192,0.28125,0.31138,0.09375,0.38615,0.49100,0.55657,1.00000,0.32714,0.12500,0.25443,0.31019,0.61887,0.35458
dynamics_mismatch,residual_correction_learner,4,192,0.29167,0.32995,0.04167,0.36810,0.47472,0.58923,1.00000,0.31558,0.11979,0.24558,0.30664,0.62750,0.40282
dynamics_mismatch,residual_correction_learner,5,192,0.38021,0.43555,0.05729,0.39276,0.45046,0.55431,1.00000,0.33137,0.13542,0.24078,0.29917,0.61591,0.49627
dynamics_mismatch,residual_correction_learner,6,192,0.30208,0.34601,0.08854,0.37883,0.46947,0.56175,1.00000,0.32245,0.12500,0.25007,0.31294,0.61874,0.38662
dynamics_mismatch,residual_correction_learner,7,192,0.38021,0.43777,0.04688,0.40884,0.42154,0.57012,1.00000,0.34166,0.18229,0.22311,0.26533,0.58812,0.48925
dynamics_mismatch,residual_correction_learner,8,192,0.37500,0.43751,0.03646,0.38270,0.45153,0.56222,1.00000,0.32493,0.12500,0.24258,0.30196,0.61901,0.50671
dynamics_mismatch,residual_correction_learner,9,192,0.30729,0.36614,0.05729,0.41638,0.43055,0.56609,1.00000,0.34648,0.10417,0.22673,0.27951,0.59834,0.41680
dynamics_mismatch,robust_mpc_correction,0,192,0.66667,0.88772,0.07292,0.62643,0.09431,0.56489,1.00000,0.48091,0.01562,0.02719,0.04795,0.40576,0.89176
dynamics_mismatch,robust_mpc_correction,1,192,0.60938,0.82153,0.04688,0.59820,0.10654,0.55394,1.00000,0.46285,0.03125,0.03830,0.04857,0.41496,0.82892
dynamics_mismatch,robust_mpc_correction,2,192,0.62500,0.87268,0.07292,0.59864,0.10490,0.55108,1.00000,0.46313,0.03125,0.04188,0.04914,0.41642,0.84194
dynamics_mismatch,robust_mpc_correction,3,192,0.60938,0.82777,0.01562,0.59925,0.10141,0.54064,1.00000,0.46352,0.00521,0.04081,0.04828,0.41663,0.85216
dynamics_mismatch,robust_mpc_correction,4,192,0.57292,0.78127,0.04167,0.58808,0.09657,0.57317,1.00000,0.45637,0.02083,0.03121,0.04787,0.41227,0.79189
dynamics_mismatch,robust_mpc_correction,5,192,0.55729,0.73694,0.06771,0.60743,0.09400,0.54398,1.00000,0.46875,0.03646,0.03603,0.04740,0.41319,0.74428
dynamics_mismatch,robust_mpc_correction,6,192,0.60417,0.81581,0.04167,0.59470,0.10736,0.55861,1.00000,0.46061,0.03125,0.03913,0.05319,0.42135,0.82619
dynamics_mismatch,robust_mpc_correction,7,192,0.64583,0.88325,0.07292,0.58956,0.09455,0.54957,1.00000,0.45732,0.02083,0.03576,0.04726,0.41423,0.86797
dynamics_mismatch,robust_mpc_correction,8,192,0.52083,0.69479,0.05729,0.60145,0.10832,0.55922,1.00000,0.46493,0.00521,0.03787,0.04977,0.41379,0.71490
dynamics_mismatch,robust_mpc_correction,9,192,0.64583,0.85331,0.08333,0.61299,0.10837,0.55841,1.00000,0.47231,0.03125,0.04372,0.04842,0.41790,0.85371
dynamics_mismatch,safety_filtered_residual,0,192,0.38021,0.46352,0.03125,0.41577,0.32857,0.56017,1.00000,0.34609,0.04167,0.19090,0.24404,0.60601,0.54181
dynamics_mismatch,safety_filtered_residual,1,192,0.36458,0.44140,0.03125,0.37338,0.38046,0.55125,1.00000,0.31896,0.02083,0.21837,0.26169,0.63886,0.52886
dynamics_mismatch,safety_filtered_residual,2,192,0.40104,0.51978,0.05729,0.40418,0.33270,0.54452,1.00000,0.33867,0.02083,0.19574,0.23613,0.60708,0.56567
dynamics_mismatch,safety_filtered_residual,3,192,0.37500,0.45504,0.04688,0.37294,0.39323,0.53640,1.00000,0.31868,0.02604,0.22356,0.26548,0.64356,0.53101
dynamics_mismatch,safety_filtered_residual,4,192,0.39062,0.46573,0.03646,0.35718,0.38602,0.56948,1.00000,0.30860,0.03125,0.21409,0.26570,0.64393,0.55772
dynamics_mismatch,safety_filtered_residual,5,192,0.36979,0.44904,0.05208,0.38484,0.36638,0.54059,1.00000,0.32630,0.00521,0.21384,0.25822,0.62940,0.52710
dynamics_mismatch,safety_filtered_residual,6,192,0.35938,0.43908,0.02083,0.36878,0.37820,0.55282,1.00000,0.31602,0.01562,0.21984,0.26672,0.64236,0.53053
dynamics_mismatch,safety_filtered_residual,7,192,0.36458,0.45037,0.02604,0.38153,0.36150,0.54457,1.00000,0.32418,0.02083,0.20780,0.24058,0.62262,0.53163
dynamics_mismatch,safety_filtered_residual,8,192,0.33333,0.39012,0.04688,0.36723,0.39084,0.55442,1.00000,0.31503,0.01562,0.22512,0.26686,0.64287,0.48045
dynamics_mismatch,safety_filtered_residual,9,192,0.37500,0.47240,0.05729,0.39594,0.36051,0.55367,1.00000,0.33340,0.01562,0.20969,0.24327,0.62434,0.53295
dynamics_mismatch,uncertainty_query_policy,0,192,0.39062,0.45678,0.05729,0.52025,0.26199,0.57188,1.00000,0.41296,0.13021,0.17909,0.21114,0.49804,0.50553
dynamics_mismatch,uncertainty_query_policy,1,192,0.37500,0.43899,0.04167,0.48142,0.30608,0.58709,1.00000,0.38811,0.14583,0.20048,0.22348,0.52400,0.49414
dynamics_mismatch,uncertainty_query_policy,2,192,0.44792,0.54612,0.02083,0.50924,0.27937,0.56591,1.00000,0.40591,0.13542,0.17971,0.20055,0.49528,0.59938
dynamics_mismatch,uncertainty_query_policy,3,192,0.41146,0.48600,0.06771,0.48413,0.32879,0.56147,1.00000,0.38984,0.11979,0.20791,0.22992,0.52482,0.53132
dynamics_mismatch,uncertainty_query_policy,4,192,0.36979,0.45052,0.04167,0.47091,0.31348,0.58660,1.00000,0.38139,0.12500,0.19995,0.22609,0.52495,0.49758
dynamics_mismatch,uncertainty_query_policy,5,192,0.36979,0.44377,0.07812,0.49259,0.30023,0.57441,1.00000,0.39526,0.12500,0.20096,0.21969,0.51947,0.47466
dynamics_mismatch,uncertainty_query_policy,6,192,0.44792,0.52757,0.04167,0.47988,0.30957,0.57424,1.00000,0.38712,0.09375,0.20300,0.22873,0.52299,0.59945
dynamics_mismatch,uncertainty_query_policy,7,192,0.45833,0.56123,0.10417,0.48971,0.29040,0.56963,1.00000,0.39341,0.17188,0.18578,0.20445,0.50611,0.56117
dynamics_mismatch,uncertainty_query_policy,8,192,0.36458,0.43791,0.05208,0.47873,0.31115,0.57790,1.00000,0.38639,0.13021,0.20451,0.22982,0.52676,0.48146
dynamics_mismatch,uncertainty_query_policy,9,192,0.49479,0.58847,0.07292,0.51120,0.27845,0.58058,1.00000,0.40717,0.11458,0.18072,0.20504,0.50671,0.63674
nominal_correction,active_entropy_query_policy,0,192,0.52083,0.96934,0.03125,0.21865,0.34902,0.68413,0.27604,0.08094,0.04167,0.15302,0.17394,0.61352,0.82214
nominal_correction,active_entropy_query_policy,1,192,0.47917,0.81921,0.03125,0.22775,0.33850,0.67005,0.19271,0.06716,0.03125,0.15625,0.16931,0.61597,0.74927
nominal_correction,active_entropy_query_policy,2,192,0.50521,0.87353,0.03125,0.20753,0.34604,0.67516,0.19792,0.06781,0.04688,0.14468,0.16537,0.61212,0.78333
nominal_correction,active_entropy_query_policy,3,192,0.45312,0.75721,0.03125,0.23443,0.34199,0.68224,0.15625,0.06427,0.03646,0.15458,0.17986,0.61936,0.71002
nominal_correction,active_entropy_query_policy,4,192,0.44792,0.79943,0.03646,0.21066,0.33605,0.67485,0.15104,0.05988,0.01042,0.14454,0.17050,0.62476,0.71819
nominal_correction,active_entropy_query_policy,5,192,0.49479,0.86922,0.04688,0.21417,0.34953,0.68037,0.14583,0.05566,0.04688,0.15354,0.17497,0.62763,0.76585
nominal_correction,active_entropy_query_policy,6,192,0.42188,0.71946,0.03125,0.22713,0.34042,0.66666,0.18229,0.06972,0.05208,0.15033,0.17338,0.61147,0.66342
nominal_correction,active_entropy_query_policy,7,192,0.40104,0.72496,0.02083,0.21828,0.33114,0.68342,0.18750,0.06279,0.03646,0.14304,0.17480,0.61257,0.65614
nominal_correction,active_entropy_query_policy,8,192,0.58333,1.10001,0.04167,0.21825,0.32433,0.68178,0.18750,0.06863,0.03125,0.13682,0.15949,0.60384,0.91065
nominal_correction,active_entropy_query_policy,9,192,0.46875,0.85662,0.04167,0.22977,0.31317,0.68602,0.25521,0.08614,0.03125,0.13986,0.16119,0.60303,0.74225
nominal_correction,dagger_full_correction,0,192,0.54167,0.98320,0.03646,0.30041,0.30590,0.67936,1.00000,0.62226,0.04167,0.09021,0.13109,0.44410,0.80986
nominal_correction,dagger_full_correction,1,192,0.54167,0.92503,0.07292,0.33154,0.26630,0.66970,1.00000,0.64219,0.06771,0.07543,0.10674,0.42566,0.76774
nominal_correction,dagger_full_correction,2,192,0.61458,1.15811,0.07292,0.29982,0.22399,0.66923,1.00000,0.62189,0.07812,0.06121,0.09795,0.42411,0.88980
nominal_correction,dagger_full_correction,3,192,0.61458,1.09279,0.03646,0.33960,0.23061,0.67995,1.00000,0.64734,0.06771,0.06547,0.10578,0.42826,0.89776
nominal_correction,dagger_full_correction,4,192,0.57812,1.03108,0.06250,0.29581,0.25758,0.66512,1.00000,0.61932,0.04688,0.07913,0.11945,0.44653,0.84026
nominal_correction,dagger_full_correction,5,192,0.59896,1.03472,0.04688,0.30733,0.27517,0.66683,1.00000,0.62669,0.08333,0.08128,0.12081,0.44768,0.85976
nominal_correction,dagger_full_correction,6,192,0.52604,0.95415,0.03125,0.31168,0.24904,0.65666,1.00000,0.62947,0.06250,0.07976,0.11779,0.43269,0.78088
nominal_correction,dagger_full_correction,7,192,0.52083,0.93989,0.03646,0.31385,0.27264,0.67165,1.00000,0.63086,0.04688,0.06966,0.11194,0.42487,0.77569
nominal_correction,dagger_full_correction,8,192,0.56771,1.05206,0.04167,0.30245,0.25834,0.67606,1.00000,0.62357,0.04167,0.07227,0.10954,0.43450,0.84738
nominal_correction,dagger_full_correction,9,192,0.52083,0.93595,0.02604,0.31002,0.26811,0.67498,1.00000,0.62842,0.06771,0.07338,0.11335,0.43946,0.77568
nominal_correction,full_demo_imitation,0,192,0.52083,0.92977,0.03125,0.31872,0.29688,0.69193,1.00000,0.63398,0.05208,0.08905,0.11404,0.41705,0.77682
nominal_correction,full_demo_imitation,1,192,0.58333,1.04185,0.05729,0.35059,0.27576,0.67590,1.00000,0.65438,0.03125,0.07339,0.09340,0.39785,0.85231
nominal_correction,full_demo_imitation,2,192,0.57292,1.12146,0.05208,0.32190,0.22999,0.68092,1.00000,0.63602,0.04167,0.06299,0.07931,0.38893,0.86023
nominal_correction,full_demo_imitation,3,192,0.57812,1.08089,0.05729,0.35664,0.21269,0.68069,1.00000,0.65825,0.05729,0.06891,0.09063,0.40588,0.84925
nominal_correction,full_demo_imitation,4,192,0.53125,0.98148,0.03646,0.31265,0.24158,0.67598,1.00000,0.63010,0.05208,0.07475,0.10283,0.42424,0.79437
nominal_correction,full_demo_imitation,5,192,0.63021,1.16381,0.03646,0.32648,0.27519,0.68407,1.00000,0.63895,0.04167,0.08104,0.10630,0.41800,0.93670
nominal_correction,full_demo_imitation,6,192,0.53646,1.02011,0.06250,0.32647,0.24697,0.66053,1.00000,0.63894,0.07812,0.07387,0.10209,0.41993,0.78462
nominal_correction,full_demo_imitation,7,192,0.59896,1.11863,0.03125,0.33194,0.27801,0.68272,1.00000,0.64244,0.06250,0.07087,0.09783,0.40414,0.89136
nominal_correction,full_demo_imitation,8,192,0.54688,1.03500,0.01562,0.31844,0.26409,0.68364,1.00000,0.63380,0.06250,0.07204,0.09642,0.40553,0.82958
nominal_correction,full_demo_imitation,9,192,0.55208,1.07355,0.05208,0.33384,0.24267,0.68713,1.00000,0.64366,0.05729,0.07286,0.09204,0.40025,0.82551
nominal_correction,inverse_rl_correction_proxy,0,192,0.50521,0.74158,0.05729,0.30670,0.40080,0.81652,1.00000,0.27629,0.05208,0.11272,0.16417,0.41381,0.73839
nominal_correction,inverse_rl_correction_proxy,1,192,0.51042,0.70170,0.03125,0.31512,0.41017,0.81537,1.00000,0.28168,0.05729,0.12322,0.15962,0.43451,0.74755
nominal_correction,inverse_rl_correction_proxy,2,192,0.48438,0.68230,0.05208,0.29572,0.43541,0.82881,1.00000,0.26926,0.06771,0.11693,0.16094,0.41324,0.70473
nominal_correction,inverse_rl_correction_proxy,3,192,0.50521,0.73507,0.05208,0.32512,0.37154,0.81783,1.00000,0.28807,0.05208,0.11789,0.16349,0.43448,0.74034
nominal_correction,inverse_rl_correction_proxy,4,192,0.48438,0.78699,0.05729,0.30227,0.38828,0.82148,1.00000,0.27345,0.05208,0.11360,0.15691,0.41584,0.72842
nominal_correction,inverse_rl_correction_proxy,5,192,0.49479,0.78038,0.04688,0.31295,0.40665,0.82720,1.00000,0.28029,0.04688,0.11155,0.15751,0.41903,0.74485
nominal_correction,inverse_rl_correction_proxy,6,192,0.45312,0.66380,0.02604,0.30693,0.44113,0.80823,1.00000,0.27643,0.06771,0.12533,0.17776,0.42079,0.68033
nominal_correction,inverse_rl_correction_proxy,7,192,0.55729,0.82045,0.04167,0.31374,0.41847,0.82629,1.00000,0.28080,0.08333,0.11432,0.16550,0.40323,0.80773
nominal_correction,inverse_rl_correction_proxy,8,192,0.48438,0.71496,0.05729,0.31041,0.40336,0.82662,1.00000,0.27866,0.07812,0.10959,0.15229,0.39324,0.70458
nominal_correction,inverse_rl_correction_proxy,9,192,0.54167,0.85164,0.06771,0.31528,0.38596,0.82109,1.00000,0.28178,0.11458,0.11345,0.15156,0.41233,0.77642
nominal_correction,minimum_intervention_boundary_learner_v5,0,192,0.58854,1.15988,0.02083,0.30923,0.20623,0.70598,0.07292,0.03953,0.00000,0.20251,0.07447,0.44887,0.94532
nominal_correction,minimum_intervention_boundary_learner_v5,1,192,0.64062,1.20245,0.02083,0.32692,0.20173,0.69576,0.13542,0.05727,0.00000,0.21190,0.06589,0.44592,1.00450
nominal_correction,minimum_intervention_boundary_learner_v5,2,192,0.56250,1.09447,0.01562,0.30108,0.18079,0.70083,0.13542,0.05707,0.00000,0.20046,0.06035,0.43903,0.90565
nominal_correction,minimum_intervention_boundary_learner_v5,3,192,0.57812,1.07776,0.04167,0.33967,0.18854,0.70954,0.12500,0.05834,0.00000,0.20732,0.06834,0.44260,0.90531
nominal_correction,minimum_intervention_boundary_learner_v5,4,192,0.54688,1.12083,0.03125,0.30616,0.19334,0.70229,0.11458,0.05080,0.00000,0.20231,0.06967,0.44450,0.88844
nominal_correction,minimum_intervention_boundary_learner_v5,5,192,0.59375,1.12334,0.02083,0.31518,0.19207,0.70572,0.13021,0.05604,0.00000,0.20551,0.06549,0.44811,0.94168
nominal_correction,minimum_intervention_boundary_learner_v5,6,192,0.63542,1.21370,0.04688,0.32166,0.19097,0.69245,0.11458,0.05199,0.00000,0.20576,0.07014,0.44224,0.98785
nominal_correction,minimum_intervention_boundary_learner_v5,7,192,0.54688,1.09656,0.02604,0.31855,0.18436,0.70746,0.11458,0.05242,0.00000,0.19957,0.06848,0.43739,0.88606
nominal_correction,minimum_intervention_boundary_learner_v5,8,192,0.68229,1.38832,0.02604,0.30845,0.19296,0.70847,0.09896,0.04955,0.00000,0.20252,0.06390,0.43615,1.08586
nominal_correction,minimum_intervention_boundary_learner_v5,9,192,0.63542,1.32659,0.02083,0.32250,0.18351,0.70974,0.12500,0.05512,0.00000,0.19641,0.06521,0.43592,1.02802
nominal_correction,minimum_intervention_learner_v4,0,192,0.59896,1.19950,0.03646,0.32788,0.19713,0.70273,1.00000,0.28984,0.07812,0.03623,0.07004,0.42642,0.92165
nominal_correction,minimum_intervention_learner_v4,1,192,0.57812,1.13033,0.03646,0.35067,0.17423,0.68825,1.00000,0.30443,0.03646,0.03134,0.06013,0.40984,0.89390
nominal_correction,minimum_intervention_learner_v4,2,192,0.53646,1.09333,0.03646,0.31181,0.17824,0.69463,1.00000,0.27956,0.06771,0.03609,0.06211,0.42214,0.83790
nominal_correction,minimum_intervention_learner_v4,3,192,0.61458,1.15043,0.06771,0.35915,0.17504,0.70054,1.00000,0.30986,0.02083,0.03253,0.06759,0.41690,0.92461
nominal_correction,minimum_intervention_learner_v4,4,192,0.62500,1.27436,0.05729,0.32233,0.18043,0.69367,1.00000,0.28629,0.08333,0.03615,0.06937,0.42407,0.95073
nominal_correction,minimum_intervention_learner_v4,5,192,0.60417,1.21676,0.03125,0.33668,0.17915,0.70054,1.00000,0.29547,0.06771,0.03225,0.06264,0.41968,0.93540
nominal_correction,minimum_intervention_learner_v4,6,192,0.62500,1.21848,0.04688,0.34176,0.18573,0.68664,1.00000,0.29873,0.04167,0.03469,0.06397,0.41300,0.95350
nominal_correction,minimum_intervention_learner_v4,7,192,0.58333,1.22186,0.02083,0.33237,0.19393,0.70477,1.00000,0.29271,0.04167,0.03464,0.06876,0.42141,0.92916
nominal_correction,minimum_intervention_learner_v4,8,192,0.59375,1.24186,0.03125,0.32725,0.19845,0.70172,1.00000,0.28944,0.04688,0.03246,0.06418,0.40712,0.93614
nominal_correction,minimum_intervention_learner_v4,9,192,0.65625,1.33362,0.03125,0.33707,0.18883,0.70337,1.00000,0.29572,0.08333,0.03610,0.06389,0.41705,1.00905
nominal_correction,no_human_baseline,0,192,0.25521,0.00000,0.03646,0.00000,1.00000,0.62770,0.00000,0.02000,0.04688,0.08647,0.42639,1.00000,0.35383
nominal_correction,no_human_baseline,1,192,0.21875,0.00000,0.03125,0.00000,1.00000,0.63291,0.00000,0.02000,0.02083,0.07819,0.42554,1.00000,0.32805
nominal_correction,no_human_baseline,2,192,0.26042,0.00000,0.02083,0.00000,1.00000,0.63187,0.00000,0.02000,0.01562,0.08192,0.41363,1.00000,0.37645
nominal_correction,no_human_baseline,3,192,0.20833,0.00000,0.01042,0.00000,1.00000,0.63291,0.00000,0.02000,0.03125,0.07654,0.44440,1.00000,0.32555
nominal_correction,no_human_baseline,4,192,0.24479,0.00000,0.02604,0.00000,1.00000,0.62770,0.00000,0.02000,0.01562,0.07921,0.42341,1.00000,0.35758
nominal_correction,no_human_baseline,5,192,0.23958,0.00000,0.05729,0.00000,1.00000,0.63083,0.00000,0.02000,0.02083,0.08700,0.42088,1.00000,0.33507
nominal_correction,no_human_baseline,6,192,0.25000,0.00000,0.04688,0.00000,1.00000,0.62979,0.00000,0.02000,0.04167,0.09115,0.42595,1.00000,0.34493
nominal_correction,no_human_baseline,7,192,0.22917,0.00000,0.04167,0.00000,1.00000,0.63135,0.00000,0.02000,0.04688,0.09051,0.42696,1.00000,0.32555
nominal_correction,no_human_baseline,8,192,0.25000,0.00000,0.04688,0.00000,1.00000,0.63187,0.00000,0.02000,0.03646,0.08752,0.41646,1.00000,0.34666
nominal_correction,no_human_baseline,9,192,0.21354,0.00000,0.02083,0.00000,1.00000,0.63135,0.00000,0.02000,0.02604,0.08592,0.42827,1.00000,0.32659
nominal_correction,oracle_minimal_correction,0,192,0.65104,1.31173,0.01562,0.30195,0.16243,0.68358,1.00000,0.27325,0.00000,0.32144,0.02808,0.46904,1.03152
nominal_correction,oracle_minimal_correction,1,192,0.59896,1.15364,0.00521,0.31215,0.16794,0.66904,1.00000,0.27978,0.00000,0.33509,0.02745,0.47340,0.94811
nominal_correction,oracle_minimal_correction,2,192,0.63542,1.25731,0.02604,0.28552,0.16725,0.67667,1.00000,0.26273,0.00000,0.32673,0.02706,0.47116,0.99819
nominal_correction,oracle_minimal_correction,3,192,0.64583,1.18505,0.03125,0.32545,0.14450,0.68381,1.00000,0.28829,0.00000,0.32405,0.02693,0.46824,0.98963
nominal_correction,oracle_minimal_correction,4,192,0.68229,1.39163,0.02604,0.29558,0.15514,0.67793,1.00000,0.26917,0.00000,0.32334,0.02775,0.46745,1.07430
nominal_correction,oracle_minimal_correction,5,192,0.56250,1.11923,0.02604,0.30437,0.16818,0.67991,1.00000,0.27480,0.00000,0.32930,0.02699,0.47051,0.89474
nominal_correction,oracle_minimal_correction,6,192,0.63021,1.21761,0.06771,0.31170,0.15330,0.66526,1.00000,0.27949,0.00000,0.32530,0.02752,0.46673,0.96012
nominal_correction,oracle_minimal_correction,7,192,0.57812,1.16630,0.01562,0.30589,0.14594,0.68251,1.00000,0.27577,0.00000,0.31616,0.02697,0.46380,0.92609
nominal_correction,oracle_minimal_correction,8,192,0.61979,1.23917,0.04167,0.29376,0.16308,0.68494,1.00000,0.26800,0.00000,0.32326,0.02686,0.46618,0.97103
nominal_correction,oracle_minimal_correction,9,192,0.65104,1.29213,0.03646,0.30844,0.14750,0.69115,1.00000,0.27740,0.00000,0.32014,0.02627,0.46465,1.01695
nominal_correction,preference_only_ranker,0,192,0.52604,1.05511,0.03125,0.26922,0.15973,0.64981,0.52083,0.13781,0.05729,0.05309,0.10239,0.53173,0.83074
nominal_correction,preference_only_ranker,1,192,0.62500,1.16291,0.05208,0.28912,0.14857,0.64038,0.54167,0.15470,0.03125,0.05133,0.09129,0.51283,0.94694
nominal_correction,preference_only_ranker,2,192,0.55208,1.10030,0.03646,0.25745,0.16176,0.64357,0.60417,0.15538,0.04688,0.05085,0.09257,0.51904,0.86469
nominal_correction,preference_only_ranker,3,192,0.60938,1.14524,0.05208,0.29551,0.14951,0.65288,0.58854,0.16538,0.04688,0.05144,0.10091,0.51972,0.92454
nominal_correction,preference_only_ranker,4,192,0.50521,1.03219,0.03646,0.26749,0.15864,0.64366,0.46354,0.12822,0.05729,0.05656,0.09891,0.52330,0.80136
nominal_correction,preference_only_ranker,5,192,0.60938,1.18292,0.03125,0.27658,0.16025,0.65176,0.56771,0.15787,0.04167,0.05055,0.09511,0.52217,0.94543
nominal_correction,preference_only_ranker,6,192,0.58333,1.14639,0.03646,0.28281,0.16122,0.63206,0.59896,0.16421,0.04688,0.05207,0.09627,0.51195,0.90383
nominal_correction,preference_only_ranker,7,192,0.59375,1.17602,0.03125,0.27500,0.15123,0.65256,0.55208,0.15230,0.04167,0.05604,0.09585,0.52093,0.92858
nominal_correction,preference_only_ranker,8,192,0.61458,1.26842,0.02604,0.27263,0.14634,0.65125,0.59375,0.15765,0.07292,0.05541,0.08768,0.50300,0.96240
nominal_correction,preference_only_ranker,9,192,0.54688,1.08763,0.03646,0.27843,0.15074,0.65660,0.52604,0.14697,0.06250,0.05421,0.09180,0.51785,0.85433
nominal_correction,residual_correction_learner,0,192,0.55208,0.95589,0.04167,0.28418,0.34316,0.64151,1.00000,0.26188,0.06250,0.10513,0.15480,0.46808,0.81823
nominal_correction,residual_correction_learner,1,192,0.50000,0.87236,0.05208,0.31311,0.30708,0.63229,1.00000,0.28039,0.04688,0.08650,0.12887,0.45269,0.74393
nominal_correction,residual_correction_learner,2,192,0.47396,0.90871,0.05208,0.29032,0.28329,0.62202,1.00000,0.26581,0.06771,0.07553,0.11914,0.43809,0.71864
nominal_correction,residual_correction_learner,3,192,0.55208,0.96058,0.05208,0.31494,0.28099,0.63717,1.00000,0.28156,0.03125,0.08569,0.13600,0.47202,0.82134
nominal_correction,residual_correction_learner,4,192,0.53125,0.92473,0.04167,0.28262,0.29408,0.62369,1.00000,0.26088,0.06250,0.09118,0.13985,0.47411,0.78857
nominal_correction,residual_correction_learner,5,192,0.49479,0.91263,0.03646,0.28798,0.32435,0.64119,1.00000,0.26430,0.07292,0.09639,0.14255,0.47639,0.75148
nominal_correction,residual_correction_learner,6,192,0.49479,0.88432,0.03646,0.28911,0.30955,0.61710,1.00000,0.26503,0.04688,0.09625,0.15095,0.46971,0.74904
nominal_correction,residual_correction_learner,7,192,0.54688,0.98047,0.02604,0.29900,0.33116,0.63601,1.00000,0.27136,0.03646,0.08637,0.13905,0.44864,0.83173
nominal_correction,residual_correction_learner,8,192,0.53125,0.96094,0.04688,0.28540,0.34029,0.64178,1.00000,0.26266,0.05729,0.09139,0.14026,0.46134,0.79692
nominal_correction,residual_correction_learner,9,192,0.51562,0.94132,0.05729,0.30320,0.29562,0.63652,1.00000,0.27405,0.06250,0.08225,0.12558,0.45467,0.76857
nominal_correction,robust_mpc_correction,0,192,0.67188,1.45491,0.01562,0.33360,0.16568,0.65301,1.00000,0.29350,0.00000,0.03252,0.05020,0.41205,1.07612
nominal_correction,robust_mpc_correction,1,192,0.63021,1.29843,0.04167,0.34778,0.14418,0.64084,1.00000,0.30258,0.00000,0.03683,0.04577,0.41246,0.98451
nominal_correction,robust_mpc_correction,2,192,0.52604,1.10211,0.03125,0.31624,0.13531,0.64576,1.00000,0.28239,0.00000,0.03162,0.04324,0.41078,0.84404
nominal_correction,robust_mpc_correction,3,192,0.57292,1.15361,0.02604,0.35947,0.14351,0.66038,1.00000,0.31006,0.00000,0.03251,0.04935,0.41206,0.90567
nominal_correction,robust_mpc_correction,4,192,0.60417,1.30656,0.03646,0.32711,0.15409,0.64835,1.00000,0.28935,0.00000,0.03350,0.05050,0.40943,0.96439
nominal_correction,robust_mpc_correction,5,192,0.60417,1.27665,0.04167,0.33701,0.14930,0.65263,1.00000,0.29569,0.00000,0.03360,0.04633,0.41370,0.95559
nominal_correction,robust_mpc_correction,6,192,0.65625,1.35986,0.05729,0.34471,0.13647,0.63469,1.00000,0.30061,0.00000,0.03150,0.04719,0.40605,1.01491
nominal_correction,robust_mpc_correction,7,192,0.65104,1.43198,0.04167,0.33663,0.14744,0.65392,1.00000,0.29544,0.00000,0.02790,0.05041,0.40942,1.03660
nominal_correction,robust_mpc_correction,8,192,0.52604,1.15005,0.03125,0.32513,0.16145,0.65444,1.00000,0.28808,0.00000,0.03181,0.04810,0.40842,0.85534
nominal_correction,robust_mpc_correction,9,192,0.54167,1.14517,0.05208,0.34119,0.14243,0.66166,1.00000,0.29836,0.00000,0.02836,0.04607,0.40719,0.85947
nominal_correction,safety_filtered_residual,0,192,0.52083,1.04646,0.02604,0.24996,0.26328,0.62922,1.00000,0.23997,0.00000,0.09301,0.12714,0.56853,0.83694
nominal_correction,safety_filtered_residual,1,192,0.50521,0.92444,0.03125,0.27549,0.24501,0.61496,1.00000,0.25631,0.00000,0.08403,0.10848,0.54775,0.78813
nominal_correction,safety_filtered_residual,2,192,0.57292,1.08572,0.02083,0.25343,0.20671,0.61885,1.00000,0.24220,0.00000,0.06558,0.09886,0.53811,0.89740
nominal_correction,safety_filtered_residual,3,192,0.55729,1.00961,0.04688,0.28585,0.22292,0.63567,1.00000,0.26294,0.00000,0.07883,0.11197,0.53976,0.85282
nominal_correction,safety_filtered_residual,4,192,0.51562,1.03560,0.02083,0.24922,0.23381,0.62267,1.00000,0.23950,0.00000,0.08201,0.11881,0.55757,0.83067
nominal_correction,safety_filtered_residual,5,192,0.54167,1.00488,0.04167,0.25591,0.25780,0.62677,1.00000,0.24378,0.00000,0.08792,0.12011,0.55814,0.83949
nominal_correction,safety_filtered_residual,6,192,0.50000,0.96417,0.03125,0.26512,0.24197,0.60952,1.00000,0.24968,0.00000,0.08130,0.12084,0.55265,0.79150
nominal_correction,safety_filtered_residual,7,192,0.60938,1.18918,0.02083,0.26590,0.22957,0.62798,1.00000,0.25017,0.00000,0.07581,0.11214,0.54355,0.95772
nominal_correction,safety_filtered_residual,8,192,0.55208,1.09483,0.03646,0.25459,0.24023,0.62836,1.00000,0.24294,0.00000,0.08061,0.11093,0.54293,0.87189
nominal_correction,safety_filtered_residual,9,192,0.57292,1.07318,0.04167,0.26922,0.22514,0.63769,1.00000,0.25230,0.00000,0.07878,0.10921,0.54058,0.88593
nominal_correction,uncertainty_query_policy,0,192,0.42188,0.73562,0.01562,0.21137,0.37809,0.63518,0.25521,0.08492,0.06250,0.14451,0.19781,0.62270,0.66797
nominal_correction,uncertainty_query_policy,1,192,0.53125,0.87280,0.04167,0.22861,0.37427,0.62447,0.24479,0.08846,0.04688,0.14674,0.18746,0.60672,0.79601
nominal_correction,uncertainty_query_policy,2,192,0.47917,0.85529,0.04167,0.20962,0.35412,0.62922,0.30729,0.09836,0.03646,0.13067,0.17361,0.60770,0.74321
nominal_correction,uncertainty_query_policy,3,192,0.51042,0.85286,0.04688,0.22877,0.36313,0.63778,0.25521,0.08923,0.02604,0.14867,0.20159,0.62340,0.77644
nominal_correction,uncertainty_query_policy,4,192,0.48958,0.86141,0.02604,0.21835,0.36834,0.63205,0.32812,0.10436,0.05208,0.13371,0.18186,0.60923,0.75890
nominal_correction,uncertainty_query_policy,5,192,0.48438,0.83692,0.04688,0.21954,0.35647,0.63206,0.30729,0.09722,0.05729,0.14058,0.18561,0.60629,0.73619
nominal_correction,uncertainty_query_policy,6,192,0.52083,0.92880,0.02083,0.23113,0.34434,0.61537,0.33854,0.10763,0.05729,0.13880,0.18454,0.59404,0.80315
nominal_correction,uncertainty_query_policy,7,192,0.52083,0.92054,0.02604,0.21964,0.36948,0.63621,0.30208,0.09805,0.03646,0.13405,0.18841,0.60795,0.80829
nominal_correction,uncertainty_query_policy,8,192,0.48438,0.88923,0.03125,0.21611,0.34971,0.63641,0.30729,0.09613,0.07292,0.12935,0.17508,0.59590,0.75154
nominal_correction,uncertainty_query_policy,9,192,0.48958,0.86389,0.03125,0.22237,0.34851,0.64472,0.31771,0.10046,0.05208,0.13559,0.18468,0.60154,0.75817
overcorrection_bias,active_entropy_query_policy,0,192,0.50521,0.84715,0.01562,0.25567,0.34162,0.64337,0.24479,0.09105,0.06771,0.16025,0.16983,0.59307,0.77369
overcorrection_bias,active_entropy_query_policy,1,192,0.40625,0.68163,0.03125,0.25390,0.33826,0.64805,0.18229,0.07318,0.08854,0.16333,0.18106,0.59961,0.62610
overcorrection_bias,active_entropy_query_policy,2,192,0.58854,0.98380,0.04167,0.25407,0.34290,0.64885,0.22917,0.08756,0.08854,0.15226,0.16964,0.59349,0.86860
overcorrection_bias,active_entropy_query_policy,3,192,0.42708,0.74384,0.04167,0.25425,0.32339,0.64577,0.18750,0.07614,0.06250,0.15180,0.18285,0.60078,0.66213
overcorrection_bias,active_entropy_query_policy,4,192,0.47396,0.82449,0.03125,0.24352,0.34078,0.65089,0.14062,0.06111,0.10938,0.15630,0.17696,0.60856,0.72076
overcorrection_bias,active_entropy_query_policy,5,192,0.46875,0.79325,0.04688,0.24169,0.34595,0.65130,0.16146,0.06847,0.06771,0.15871,0.17771,0.60822,0.71193
overcorrection_bias,active_entropy_query_policy,6,192,0.46875,0.75454,0.03646,0.26222,0.33054,0.64184,0.15625,0.06996,0.04688,0.15981,0.18458,0.59894,0.71290
overcorrection_bias,active_entropy_query_policy,7,192,0.47396,0.86112,0.03646,0.24384,0.33140,0.63492,0.19792,0.07651,0.09896,0.15142,0.17224,0.58809,0.72524
overcorrection_bias,active_entropy_query_policy,8,192,0.47917,0.77625,0.02083,0.25394,0.34918,0.63807,0.18229,0.07415,0.07812,0.16643,0.17162,0.60342,0.72702
overcorrection_bias,active_entropy_query_policy,9,192,0.46875,0.83831,0.05208,0.24670,0.33838,0.63288,0.19271,0.07505,0.07292,0.15756,0.17416,0.59889,0.71452
overcorrection_bias,dagger_full_correction,0,192,0.58854,0.98322,0.05729,0.41753,0.35875,0.64598,1.00000,0.69722,0.10938,0.06931,0.10770,0.32320,0.81320
overcorrection_bias,dagger_full_correction,1,192,0.52083,0.88453,0.08333,0.43434,0.39865,0.65509,1.00000,0.70798,0.09375,0.07081,0.11728,0.31799,0.71505
overcorrection_bias,dagger_full_correction,2,192,0.56771,0.98617,0.10417,0.43542,0.38730,0.65764,1.00000,0.70867,0.11458,0.06567,0.10373,0.27953,0.76600
overcorrection_bias,dagger_full_correction,3,192,0.52604,0.94601,0.05208,0.42390,0.37104,0.65391,1.00000,0.70130,0.06771,0.06032,0.10986,0.32177,0.75766
overcorrection_bias,dagger_full_correction,4,192,0.56771,0.98816,0.07292,0.43685,0.39951,0.66299,1.00000,0.70959,0.09375,0.06197,0.10417,0.28741,0.78957
overcorrection_bias,dagger_full_correction,5,192,0.56771,0.98704,0.08333,0.43130,0.39258,0.66647,1.00000,0.70603,0.10938,0.06000,0.09754,0.28275,0.77991
overcorrection_bias,dagger_full_correction,6,192,0.56250,0.90376,0.08854,0.45558,0.39364,0.65379,1.00000,0.72157,0.10417,0.05875,0.10520,0.29923,0.75360
overcorrection_bias,dagger_full_correction,7,192,0.54167,0.90456,0.10417,0.42754,0.39671,0.65825,1.00000,0.70363,0.08333,0.06528,0.10346,0.27730,0.73094
overcorrection_bias,dagger_full_correction,8,192,0.53646,0.90615,0.06771,0.43626,0.33134,0.65115,1.00000,0.70921,0.15625,0.05773,0.09092,0.30348,0.72476
overcorrection_bias,dagger_full_correction,9,192,0.56771,0.99560,0.10417,0.41646,0.36982,0.64988,1.00000,0.69654,0.07292,0.07056,0.10519,0.31063,0.78083
overcorrection_bias,full_demo_imitation,0,192,0.57812,0.97231,0.08854,0.46934,0.47315,0.65388,1.00000,0.73038,0.13021,0.07419,0.10634,0.24840,0.77409
overcorrection_bias,full_demo_imitation,1,192,0.54167,0.89395,0.12500,0.47473,0.47812,0.66490,1.00000,0.73383,0.13021,0.08087,0.11803,0.26284,0.70343
overcorrection_bias,full_demo_imitation,2,192,0.52083,0.89076,0.13021,0.47547,0.49694,0.66598,1.00000,0.73430,0.11458,0.08105,0.10942,0.22551,0.68182
overcorrection_bias,full_demo_imitation,3,192,0.57292,0.98726,0.10417,0.47341,0.49223,0.66186,1.00000,0.73298,0.11458,0.07394,0.11270,0.25311,0.76958
overcorrection_bias,full_demo_imitation,4,192,0.57292,0.97243,0.09375,0.48911,0.53322,0.67191,1.00000,0.74303,0.15625,0.07206,0.10842,0.21339,0.75893
overcorrection_bias,full_demo_imitation,5,192,0.54688,0.91670,0.09896,0.48261,0.49815,0.67204,1.00000,0.73887,0.11458,0.06877,0.09577,0.21310,0.72978
overcorrection_bias,full_demo_imitation,6,192,0.54167,0.87484,0.11979,0.49909,0.49442,0.65741,1.00000,0.74942,0.10938,0.07042,0.10871,0.24069,0.70499
overcorrection_bias,full_demo_imitation,7,192,0.58333,0.93456,0.13542,0.47820,0.49937,0.66420,1.00000,0.73605,0.19271,0.06911,0.10065,0.20612,0.72809
overcorrection_bias,full_demo_imitation,8,192,0.47917,0.76936,0.06250,0.48016,0.44245,0.65598,1.00000,0.73730,0.15104,0.07178,0.09379,0.23874,0.63767
overcorrection_bias,full_demo_imitation,9,192,0.53125,0.92316,0.11458,0.46117,0.48360,0.65260,1.00000,0.72515,0.17708,0.08295,0.10938,0.24293,0.68953
overcorrection_bias,inverse_rl_correction_proxy,0,192,0.44792,0.65192,0.03125,0.32132,0.36760,0.76806,1.00000,0.28565,0.06771,0.11863,0.15921,0.46030,0.66614
overcorrection_bias,inverse_rl_correction_proxy,1,192,0.47396,0.73778,0.04688,0.32904,0.36971,0.77801,1.00000,0.29059,0.10417,0.11429,0.16522,0.46031,0.69381
overcorrection_bias,inverse_rl_correction_proxy,2,192,0.51562,0.76393,0.04167,0.32080,0.36811,0.78187,1.00000,0.28531,0.10938,0.11070,0.15624,0.44908,0.74266
overcorrection_bias,inverse_rl_correction_proxy,3,192,0.42708,0.62758,0.05208,0.32534,0.37493,0.77405,1.00000,0.28822,0.08854,0.11611,0.17374,0.45749,0.62381
overcorrection_bias,inverse_rl_correction_proxy,4,192,0.46354,0.66613,0.02604,0.32520,0.38171,0.78455,1.00000,0.28813,0.07292,0.11114,0.16000,0.44287,0.68730
overcorrection_bias,inverse_rl_correction_proxy,5,192,0.48438,0.72930,0.05729,0.32112,0.36191,0.78791,1.00000,0.28551,0.08333,0.11946,0.15627,0.45182,0.70387
overcorrection_bias,inverse_rl_correction_proxy,6,192,0.54167,0.79805,0.02083,0.33341,0.35433,0.76983,1.00000,0.29338,0.07292,0.11197,0.16717,0.45589,0.79566
overcorrection_bias,inverse_rl_correction_proxy,7,192,0.41146,0.56813,0.03646,0.30927,0.39999,0.77550,1.00000,0.27793,0.08333,0.11573,0.16690,0.44983,0.60495
overcorrection_bias,inverse_rl_correction_proxy,8,192,0.52083,0.74940,0.03125,0.32455,0.32994,0.76848,1.00000,0.28771,0.07292,0.11544,0.15196,0.46950,0.75946
overcorrection_bias,inverse_rl_correction_proxy,9,192,0.50000,0.73093,0.05729,0.31574,0.36636,0.76773,1.00000,0.28207,0.04688,0.11949,0.16254,0.46298,0.72815
overcorrection_bias,minimum_intervention_boundary_learner_v5,0,192,0.66146,1.20521,0.04167,0.35266,0.17765,0.66390,0.09896,0.05105,0.00000,0.16859,0.05791,0.43670,1.01078
overcorrection_bias,minimum_intervention_boundary_learner_v5,1,192,0.50521,0.92360,0.01042,0.35829,0.18048,0.66487,0.12500,0.05430,0.00000,0.16913,0.06375,0.44030,0.80899
overcorrection_bias,minimum_intervention_boundary_learner_v5,2,192,0.58854,1.09504,0.05208,0.35119,0.19402,0.66617,0.15625,0.06700,0.00000,0.16743,0.06164,0.43335,0.90762
overcorrection_bias,minimum_intervention_boundary_learner_v5,3,192,0.64062,1.21735,0.02604,0.36000,0.16287,0.66132,0.14062,0.06436,0.00000,0.15726,0.06215,0.42885,0.99942
overcorrection_bias,minimum_intervention_boundary_learner_v5,4,192,0.52083,0.99194,0.02083,0.34984,0.19043,0.66979,0.07292,0.03910,0.00000,0.16938,0.06095,0.43649,0.83536
overcorrection_bias,minimum_intervention_boundary_learner_v5,5,192,0.55208,1.06522,0.02604,0.34896,0.18152,0.67001,0.13021,0.05699,0.00000,0.16455,0.05920,0.43511,0.87918
overcorrection_bias,minimum_intervention_boundary_learner_v5,6,192,0.60417,1.12682,0.04688,0.37280,0.15263,0.65936,0.13542,0.06018,0.00000,0.15914,0.05736,0.42678,0.93204
overcorrection_bias,minimum_intervention_boundary_learner_v5,7,192,0.60938,1.18596,0.04167,0.34386,0.17182,0.65541,0.12500,0.05400,0.00000,0.16188,0.05697,0.42729,0.95276
overcorrection_bias,minimum_intervention_boundary_learner_v5,8,192,0.61458,1.10197,0.03125,0.35699,0.16501,0.65582,0.17708,0.06906,0.00000,0.17352,0.05393,0.43638,0.94473
overcorrection_bias,minimum_intervention_boundary_learner_v5,9,192,0.58333,1.10030,0.03646,0.34506,0.18213,0.65042,0.09375,0.04425,0.00000,0.17434,0.06246,0.44014,0.91101
overcorrection_bias,minimum_intervention_learner_v4,0,192,0.56771,1.04638,0.08854,0.37643,0.17055,0.65421,1.00000,0.32092,0.08854,0.03261,0.06188,0.40492,0.81793
overcorrection_bias,minimum_intervention_learner_v4,1,192,0.54688,0.99056,0.04167,0.38190,0.17628,0.66269,1.00000,0.32442,0.07812,0.03237,0.06436,0.41039,0.81333
overcorrection_bias,minimum_intervention_learner_v4,2,192,0.57292,1.10402,0.04167,0.37116,0.18812,0.66261,1.00000,0.31754,0.09896,0.03496,0.06231,0.40526,0.85854
overcorrection_bias,minimum_intervention_learner_v4,3,192,0.66667,1.26234,0.07812,0.37812,0.17439,0.66179,1.00000,0.32199,0.09375,0.02957,0.06820,0.40733,0.96942
overcorrection_bias,minimum_intervention_learner_v4,4,192,0.54688,1.04309,0.05729,0.37475,0.18027,0.66620,1.00000,0.31984,0.12500,0.03084,0.06279,0.40150,0.80385
overcorrection_bias,minimum_intervention_learner_v4,5,192,0.57812,1.10503,0.05208,0.36317,0.17232,0.67079,1.00000,0.31243,0.08854,0.03400,0.06243,0.41961,0.86348
overcorrection_bias,minimum_intervention_learner_v4,6,192,0.56250,1.04078,0.05208,0.39118,0.18503,0.65956,1.00000,0.33035,0.10938,0.03108,0.06623,0.40656,0.82497
overcorrection_bias,minimum_intervention_learner_v4,7,192,0.51042,0.95723,0.05208,0.35641,0.17968,0.65329,1.00000,0.30810,0.08333,0.03599,0.06222,0.40809,0.76206
overcorrection_bias,minimum_intervention_learner_v4,8,192,0.58854,1.11560,0.02604,0.38575,0.16161,0.65287,1.00000,0.32688,0.10938,0.02829,0.05400,0.39921,0.87993
overcorrection_bias,minimum_intervention_learner_v4,9,192,0.61979,1.18333,0.06250,0.36778,0.17890,0.65025,1.00000,0.31538,0.08854,0.03508,0.06209,0.40871,0.91361
overcorrection_bias,no_human_baseline,0,192,0.21875,0.00000,0.04688,0.00000,1.00000,0.62374,0.00000,0.02000,0.04688,0.07934,0.43302,1.00000,0.31144
overcorrection_bias,no_human_baseline,1,192,0.15625,0.00000,0.02604,0.00000,1.00000,0.62530,0.00000,0.02000,0.04688,0.08135,0.44114,1.00000,0.25997
overcorrection_bias,no_human_baseline,2,192,0.21354,0.00000,0.04167,0.00000,1.00000,0.62791,0.00000,0.02000,0.02604,0.08264,0.43342,1.00000,0.31531
overcorrection_bias,no_human_baseline,3,192,0.20833,0.00000,0.06771,0.00000,1.00000,0.62530,0.00000,0.02000,0.07292,0.08062,0.45113,1.00000,0.28310
overcorrection_bias,no_human_baseline,4,192,0.18750,0.00000,0.05208,0.00000,1.00000,0.62843,0.00000,0.02000,0.03646,0.08363,0.43436,1.00000,0.28100
overcorrection_bias,no_human_baseline,5,192,0.20312,0.00000,0.03646,0.00000,1.00000,0.62843,0.00000,0.02000,0.05729,0.07901,0.43440,1.00000,0.29892
overcorrection_bias,no_human_baseline,6,192,0.22396,0.00000,0.03646,0.00000,1.00000,0.62478,0.00000,0.02000,0.03125,0.08918,0.44997,1.00000,0.32657
overcorrection_bias,no_human_baseline,7,192,0.19271,0.00000,0.05208,0.00000,1.00000,0.62947,0.00000,0.02000,0.07292,0.08413,0.43251,1.00000,0.27614
overcorrection_bias,no_human_baseline,8,192,0.20833,0.00000,0.05208,0.00000,1.00000,0.62739,0.00000,0.02000,0.04688,0.07562,0.43254,1.00000,0.29879
overcorrection_bias,no_human_baseline,9,192,0.20312,0.00000,0.04167,0.00000,1.00000,0.62635,0.00000,0.02000,0.02604,0.07719,0.43441,1.00000,0.30469
overcorrection_bias,oracle_minimal_correction,0,192,0.59375,1.08523,0.05729,0.32983,0.16529,0.65259,1.00000,0.29109,0.00000,0.34349,0.02727,0.47510,0.89820
overcorrection_bias,oracle_minimal_correction,1,192,0.55729,1.03889,0.04167,0.33987,0.14802,0.65034,1.00000,0.29752,0.00000,0.33571,0.02708,0.47077,0.85888
overcorrection_bias,oracle_minimal_correction,2,192,0.63542,1.18406,0.02604,0.32944,0.16503,0.65137,1.00000,0.29084,0.00000,0.33493,0.02673,0.46864,0.97739
overcorrection_bias,oracle_minimal_correction,3,192,0.65104,1.24242,0.04167,0.33887,0.13248,0.64795,1.00000,0.29687,0.00000,0.32386,0.02758,0.46328,0.99675
overcorrection_bias,oracle_minimal_correction,4,192,0.61458,1.12226,0.02604,0.32843,0.15863,0.65564,1.00000,0.29020,0.00000,0.33549,0.02676,0.47292,0.94376
overcorrection_bias,oracle_minimal_correction,5,192,0.58854,1.11763,0.01042,0.32627,0.16132,0.65794,1.00000,0.28882,0.00000,0.33525,0.02651,0.47269,0.92517
overcorrection_bias,oracle_minimal_correction,6,192,0.62500,1.16940,0.01562,0.34905,0.13632,0.64691,1.00000,0.30339,0.00000,0.32993,0.02724,0.46604,0.96789
overcorrection_bias,oracle_minimal_correction,7,192,0.59375,1.13745,0.01562,0.32087,0.16045,0.64240,1.00000,0.28536,0.00000,0.33236,0.02709,0.46741,0.92991
overcorrection_bias,oracle_minimal_correction,8,192,0.58333,1.05107,0.03646,0.33304,0.16449,0.64368,1.00000,0.29314,0.00000,0.35050,0.02647,0.47721,0.88996
overcorrection_bias,oracle_minimal_correction,9,192,0.61979,1.16196,0.02604,0.32620,0.15873,0.63538,1.00000,0.28877,0.00000,0.34037,0.02725,0.47209,0.95509
overcorrection_bias,preference_only_ranker,0,192,0.52604,0.96400,0.04688,0.30384,0.18071,0.61841,0.55208,0.16157,0.06250,0.05248,0.10215,0.51763,0.79525
overcorrection_bias,preference_only_ranker,1,192,0.55729,1.05042,0.05208,0.30859,0.18946,0.62758,0.55729,0.16329,0.08333,0.06031,0.10965,0.51404,0.83791
overcorrection_bias,preference_only_ranker,2,192,0.56771,1.05000,0.03646,0.29707,0.17482,0.62277,0.55729,0.16021,0.08854,0.05673,0.10144,0.51544,0.85448
overcorrection_bias,preference_only_ranker,3,192,0.53646,0.99684,0.01562,0.30456,0.17468,0.62331,0.56771,0.16451,0.10417,0.05885,0.11220,0.51650,0.81792
overcorrection_bias,preference_only_ranker,4,192,0.51042,0.95814,0.03646,0.30028,0.17294,0.62685,0.56250,0.15899,0.08333,0.05745,0.10225,0.51383,0.77894
overcorrection_bias,preference_only_ranker,5,192,0.58333,1.10142,0.04167,0.29398,0.18623,0.62958,0.55729,0.15449,0.06250,0.06036,0.10709,0.52086,0.88742
overcorrection_bias,preference_only_ranker,6,192,0.56250,1.04904,0.03646,0.31747,0.16905,0.62097,0.57292,0.16976,0.09896,0.05648,0.10862,0.51084,0.84525
overcorrection_bias,preference_only_ranker,7,192,0.56250,1.05220,0.03646,0.28992,0.18020,0.61147,0.56771,0.15895,0.07812,0.05012,0.10672,0.50209,0.85059
overcorrection_bias,preference_only_ranker,8,192,0.55729,1.02587,0.02604,0.31212,0.16288,0.61698,0.51042,0.15708,0.09375,0.05400,0.09524,0.51077,0.84187
overcorrection_bias,preference_only_ranker,9,192,0.57292,1.06801,0.01562,0.29932,0.17034,0.61147,0.55208,0.16082,0.08333,0.05936,0.09917,0.51413,0.87438
overcorrection_bias,residual_correction_learner,0,192,0.48958,0.85000,0.05729,0.39805,0.36985,0.60224,1.00000,0.33475,0.08333,0.07769,0.11560,0.35215,0.70429
overcorrection_bias,residual_correction_learner,1,192,0.51042,0.87953,0.06250,0.40029,0.41869,0.62265,1.00000,0.33619,0.08333,0.08566,0.13296,0.37397,0.73259
overcorrection_bias,residual_correction_learner,2,192,0.57812,1.04331,0.07292,0.40168,0.41851,0.62548,1.00000,0.33708,0.11458,0.07694,0.11661,0.33387,0.82049
overcorrection_bias,residual_correction_learner,3,192,0.52604,0.91783,0.07292,0.40711,0.43191,0.61200,1.00000,0.34055,0.10417,0.07777,0.13065,0.35552,0.74289
overcorrection_bias,residual_correction_learner,4,192,0.54167,0.99145,0.05208,0.40891,0.41611,0.63218,1.00000,0.34170,0.05208,0.07380,0.11213,0.32893,0.80137
overcorrection_bias,residual_correction_learner,5,192,0.52604,0.94546,0.07812,0.41160,0.43225,0.62882,1.00000,0.34342,0.09896,0.07201,0.10740,0.32109,0.74806
overcorrection_bias,residual_correction_learner,6,192,0.58333,0.98527,0.08333,0.42048,0.39932,0.62063,1.00000,0.34911,0.09375,0.07058,0.11883,0.35051,0.81301
overcorrection_bias,residual_correction_learner,7,192,0.59896,1.03591,0.06250,0.40347,0.41439,0.60866,1.00000,0.33822,0.08333,0.06833,0.10893,0.32230,0.85105
overcorrection_bias,residual_correction_learner,8,192,0.51042,0.88748,0.06250,0.40288,0.38087,0.60792,1.00000,0.33784,0.11979,0.07670,0.11362,0.35800,0.72135
overcorrection_bias,residual_correction_learner,9,192,0.51042,0.95205,0.08333,0.38539,0.41822,0.60897,1.00000,0.32665,0.11458,0.08771,0.12383,0.35924,0.72688
overcorrection_bias,robust_mpc_correction,0,192,0.50521,0.94699,0.02604,0.36828,0.13593,0.62325,1.00000,0.31570,0.00000,0.03862,0.04463,0.41310,0.78748
overcorrection_bias,robust_mpc_correction,1,192,0.66146,1.31866,0.03646,0.37452,0.14157,0.62591,1.00000,0.31969,0.00000,0.03774,0.04754,0.41604,1.02039
overcorrection_bias,robust_mpc_correction,2,192,0.60417,1.19159,0.03125,0.36437,0.14216,0.62285,1.00000,0.31320,0.00521,0.03452,0.04642,0.41080,0.93602
overcorrection_bias,robust_mpc_correction,3,192,0.60417,1.21161,0.05729,0.37221,0.13835,0.62325,1.00000,0.31821,0.00000,0.03133,0.05042,0.41133,0.92820
overcorrection_bias,robust_mpc_correction,4,192,0.52083,1.05566,0.05208,0.36402,0.14683,0.62810,1.00000,0.31297,0.00000,0.03731,0.04751,0.41489,0.81431
overcorrection_bias,robust_mpc_correction,5,192,0.59375,1.19177,0.05208,0.36139,0.13476,0.63091,1.00000,0.31129,0.00521,0.03498,0.04463,0.41456,0.91614
overcorrection_bias,robust_mpc_correction,6,192,0.60417,1.19156,0.06771,0.38480,0.12330,0.62182,1.00000,0.32627,0.00000,0.03011,0.04688,0.41076,0.91779
overcorrection_bias,robust_mpc_correction,7,192,0.57292,1.14494,0.05729,0.35539,0.13088,0.61053,1.00000,0.30745,0.00000,0.03373,0.04503,0.40784,0.88094
overcorrection_bias,robust_mpc_correction,8,192,0.63021,1.22513,0.03125,0.37255,0.12669,0.61769,1.00000,0.31843,0.00000,0.03945,0.04032,0.41479,0.97020
overcorrection_bias,robust_mpc_correction,9,192,0.64062,1.27847,0.04688,0.36211,0.13148,0.61079,1.00000,0.31175,0.00521,0.03678,0.04493,0.41278,0.98207
overcorrection_bias,safety_filtered_residual,0,192,0.59896,1.08397,0.05208,0.32250,0.24517,0.60448,1.00000,0.28640,0.00521,0.09065,0.09639,0.49412,0.89929
overcorrection_bias,safety_filtered_residual,1,192,0.57292,1.08439,0.02604,0.32819,0.23830,0.60893,1.00000,0.29004,0.00000,0.09503,0.10269,0.49693,0.88890
overcorrection_bias,safety_filtered_residual,2,192,0.52083,0.93960,0.05208,0.32519,0.23409,0.60611,1.00000,0.28812,0.00000,0.08412,0.09235,0.48279,0.79043
overcorrection_bias,safety_filtered_residual,3,192,0.52083,1.04127,0.01042,0.33450,0.22077,0.60624,1.00000,0.29408,0.00000,0.08068,0.09609,0.47901,0.83402
overcorrection_bias,safety_filtered_residual,4,192,0.60938,1.15273,0.03125,0.32734,0.24337,0.61065,1.00000,0.28949,0.00000,0.08656,0.08950,0.48151,0.93716
overcorrection_bias,safety_filtered_residual,5,192,0.59896,1.14402,0.03125,0.32737,0.21566,0.61301,1.00000,0.28951,0.00000,0.08426,0.08392,0.47379,0.92475
overcorrection_bias,safety_filtered_residual,6,192,0.56250,1.02951,0.04167,0.34732,0.20535,0.60487,1.00000,0.30228,0.00000,0.07691,0.08892,0.48047,0.85638
overcorrection_bias,safety_filtered_residual,7,192,0.49479,0.90826,0.02083,0.32288,0.22511,0.59460,1.00000,0.28664,0.00000,0.07371,0.08298,0.48135,0.77224
overcorrection_bias,safety_filtered_residual,8,192,0.56250,1.05777,0.02604,0.33265,0.21188,0.59947,1.00000,0.29290,0.00521,0.08783,0.08460,0.48008,0.86896
overcorrection_bias,safety_filtered_residual,9,192,0.57292,1.09600,0.04688,0.31682,0.23393,0.59215,1.00000,0.28277,0.00000,0.09103,0.09611,0.48520,0.87818
overcorrection_bias,uncertainty_query_policy,0,192,0.43750,0.71899,0.06771,0.28007,0.38237,0.61322,0.36458,0.14063,0.05729,0.14044,0.17611,0.55749,0.64569
overcorrection_bias,uncertainty_query_policy,1,192,0.42708,0.72830,0.05729,0.26343,0.39386,0.61746,0.30208,0.11205,0.08333,0.15745,0.20204,0.57867,0.63835
overcorrection_bias,uncertainty_query_policy,2,192,0.44792,0.75275,0.07812,0.26010,0.38787,0.61058,0.29167,0.11608,0.07812,0.14348,0.18891,0.57469,0.65391
overcorrection_bias,uncertainty_query_policy,3,192,0.50521,0.82776,0.03646,0.27056,0.37836,0.61596,0.35938,0.13040,0.08333,0.14505,0.19672,0.57023,0.74774
overcorrection_bias,uncertainty_query_policy,4,192,0.41667,0.70583,0.04688,0.26380,0.41580,0.61984,0.31250,0.11670,0.09375,0.15072,0.19457,0.56291,0.62480
overcorrection_bias,uncertainty_query_policy,5,192,0.45312,0.76103,0.04167,0.26811,0.37487,0.63021,0.35938,0.13000,0.07812,0.14121,0.18208,0.55393,0.68078
overcorrection_bias,uncertainty_query_policy,6,192,0.47396,0.77166,0.05729,0.28463,0.37154,0.61297,0.33854,0.13517,0.11458,0.14685,0.19458,0.56386,0.68364
overcorrection_bias,uncertainty_query_policy,7,192,0.44271,0.73291,0.04167,0.25077,0.37922,0.60739,0.29688,0.10863,0.13542,0.14832,0.19186,0.56079,0.64648
overcorrection_bias,uncertainty_query_policy,8,192,0.36458,0.58244,0.04688,0.27828,0.38178,0.60666,0.31771,0.13172,0.07812,0.14541,0.18168,0.57384,0.54810
overcorrection_bias,uncertainty_query_policy,9,192,0.51042,0.84395,0.05729,0.25852,0.37896,0.60019,0.31250,0.11753,0.09375,0.14798,0.18728,0.57683,0.74162
sparse_corrections,active_entropy_query_policy,0,192,0.42188,0.63102,0.02604,0.27146,0.34543,0.58514,0.07292,0.03699,0.10938,0.18886,0.23666,0.63976,0.62292
sparse_corrections,active_entropy_query_policy,1,192,0.42188,0.64338,0.05208,0.25032,0.37504,0.54091,0.07292,0.03703,0.11458,0.19988,0.23305,0.64257,0.60503
sparse_corrections,active_entropy_query_policy,2,192,0.45833,0.68625,0.04688,0.25865,0.35338,0.55805,0.03646,0.02829,0.06771,0.18216,0.22036,0.63720,0.66911
sparse_corrections,active_entropy_query_policy,3,192,0.40104,0.63766,0.04688,0.25295,0.36647,0.56347,0.06771,0.03384,0.06250,0.19451,0.21870,0.64170,0.60326
sparse_corrections,active_entropy_query_policy,4,192,0.41667,0.61659,0.03646,0.25609,0.36125,0.56715,0.05729,0.03231,0.03125,0.18952,0.23829,0.64362,0.62907
sparse_corrections,active_entropy_query_policy,5,192,0.43750,0.66642,0.01562,0.25709,0.34907,0.55445,0.06250,0.03229,0.05208,0.18057,0.21436,0.63209,0.66364
sparse_corrections,active_entropy_query_policy,6,192,0.39062,0.56005,0.03646,0.25237,0.37647,0.56832,0.08333,0.04037,0.06771,0.19961,0.24191,0.65100,0.58053
sparse_corrections,active_entropy_query_policy,7,192,0.46354,0.69868,0.03125,0.25139,0.37473,0.56956,0.08333,0.03830,0.03646,0.19565,0.23237,0.64729,0.69548
sparse_corrections,active_entropy_query_policy,8,192,0.42708,0.70373,0.02083,0.25217,0.35980,0.56090,0.06250,0.03304,0.05208,0.18492,0.22274,0.63006,0.65942
sparse_corrections,active_entropy_query_policy,9,192,0.40104,0.60612,0.01042,0.24889,0.36387,0.57924,0.03125,0.02796,0.04688,0.18222,0.22320,0.64434,0.62211
sparse_corrections,dagger_full_correction,0,192,0.35417,0.45352,0.05729,0.30020,0.47599,0.58580,1.00000,0.62212,0.05729,0.22032,0.28692,0.57974,0.48525
sparse_corrections,dagger_full_correction,1,192,0.40104,0.49275,0.03646,0.29189,0.48280,0.55321,1.00000,0.61681,0.06250,0.21044,0.26229,0.55939,0.54512
sparse_corrections,dagger_full_correction,2,192,0.32812,0.41541,0.04167,0.28731,0.51543,0.57078,1.00000,0.61388,0.10417,0.22419,0.27899,0.56571,0.44354
sparse_corrections,dagger_full_correction,3,192,0.41667,0.53037,0.02083,0.30046,0.49922,0.57098,1.00000,0.62229,0.05729,0.21157,0.25268,0.55508,0.58045
sparse_corrections,dagger_full_correction,4,192,0.36979,0.51580,0.06771,0.29210,0.51718,0.56952,1.00000,0.61695,0.08854,0.22306,0.28473,0.56595,0.49784
sparse_corrections,dagger_full_correction,5,192,0.33333,0.39281,0.02604,0.27684,0.56312,0.55930,1.00000,0.60718,0.08333,0.23994,0.29223,0.57112,0.45682
sparse_corrections,dagger_full_correction,6,192,0.40104,0.48822,0.04688,0.28728,0.54335,0.59748,1.00000,0.61386,0.09896,0.22971,0.28830,0.58096,0.53546
sparse_corrections,dagger_full_correction,7,192,0.33333,0.41587,0.05208,0.28301,0.53811,0.57554,1.00000,0.61113,0.06250,0.23281,0.29231,0.57029,0.45608
sparse_corrections,dagger_full_correction,8,192,0.35417,0.45529,0.05208,0.30433,0.49576,0.58421,1.00000,0.62477,0.06771,0.20750,0.26571,0.52856,0.48255
sparse_corrections,dagger_full_correction,9,192,0.33333,0.48377,0.03646,0.28805,0.48627,0.57711,1.00000,0.61435,0.07812,0.20505,0.26224,0.56147,0.47438
sparse_corrections,full_demo_imitation,0,192,0.39583,0.49034,0.04688,0.30441,0.50087,0.59266,1.00000,0.62482,0.08333,0.18943,0.28774,0.57170,0.53351
sparse_corrections,full_demo_imitation,1,192,0.34896,0.44117,0.01562,0.28998,0.51736,0.57595,1.00000,0.61559,0.09896,0.18278,0.26554,0.56777,0.48574
sparse_corrections,full_demo_imitation,2,192,0.33854,0.43404,0.05729,0.28916,0.55005,0.57821,1.00000,0.61506,0.07812,0.19471,0.28606,0.56321,0.45801
sparse_corrections,full_demo_imitation,3,192,0.39583,0.52128,0.04688,0.30576,0.53608,0.57845,1.00000,0.62569,0.08854,0.18931,0.25945,0.54362,0.53557
sparse_corrections,full_demo_imitation,4,192,0.40104,0.50195,0.04688,0.29246,0.54862,0.57689,1.00000,0.61717,0.08854,0.19347,0.29031,0.56618,0.53784
sparse_corrections,full_demo_imitation,5,192,0.37500,0.46494,0.03646,0.27537,0.58746,0.57475,1.00000,0.60624,0.13542,0.20364,0.29435,0.57462,0.49658
sparse_corrections,full_demo_imitation,6,192,0.31771,0.37720,0.07812,0.29098,0.56811,0.59558,1.00000,0.61623,0.06250,0.19593,0.29024,0.57654,0.42109
sparse_corrections,full_demo_imitation,7,192,0.34896,0.42921,0.07292,0.28474,0.55461,0.57795,1.00000,0.61223,0.06771,0.19796,0.29483,0.56926,0.46256
sparse_corrections,full_demo_imitation,8,192,0.41146,0.53021,0.07812,0.30616,0.51472,0.57953,1.00000,0.62594,0.07812,0.17953,0.26557,0.53735,0.53964
sparse_corrections,full_demo_imitation,9,192,0.43750,0.55981,0.07292,0.29651,0.50860,0.59629,1.00000,0.61976,0.08333,0.17533,0.26139,0.55286,0.57668
sparse_corrections,inverse_rl_correction_proxy,0,192,0.42188,0.59555,0.05208,0.35648,0.28418,0.67753,1.00000,0.30815,0.07812,0.11991,0.17879,0.51325,0.60381
sparse_corrections,inverse_rl_correction_proxy,1,192,0.45833,0.66548,0.04688,0.31899,0.35869,0.65123,1.00000,0.28415,0.06250,0.13839,0.19566,0.53247,0.66136
sparse_corrections,inverse_rl_correction_proxy,2,192,0.45833,0.65573,0.03646,0.33373,0.31506,0.66388,1.00000,0.29358,0.09375,0.12000,0.17672,0.51764,0.65636
sparse_corrections,inverse_rl_correction_proxy,3,192,0.41667,0.66228,0.04167,0.32994,0.31793,0.66591,1.00000,0.29116,0.08854,0.12924,0.17043,0.51166,0.61496
sparse_corrections,inverse_rl_correction_proxy,4,192,0.50521,0.75945,0.05208,0.33342,0.33435,0.66875,1.00000,0.29339,0.06250,0.12701,0.19475,0.51742,0.72731
sparse_corrections,inverse_rl_correction_proxy,5,192,0.43750,0.65281,0.02604,0.33087,0.34085,0.65773,1.00000,0.29175,0.08333,0.12140,0.17748,0.50427,0.64183
sparse_corrections,inverse_rl_correction_proxy,6,192,0.45833,0.64060,0.06250,0.33032,0.34216,0.67593,1.00000,0.29141,0.07812,0.12407,0.19084,0.52394,0.64584
sparse_corrections,inverse_rl_correction_proxy,7,192,0.42708,0.60602,0.04688,0.33085,0.34297,0.67301,1.00000,0.29175,0.05729,0.12311,0.18403,0.52066,0.62039
sparse_corrections,inverse_rl_correction_proxy,8,192,0.50521,0.76205,0.06250,0.32605,0.34765,0.67331,1.00000,0.28867,0.07812,0.12946,0.18881,0.50449,0.71825
sparse_corrections,inverse_rl_correction_proxy,9,192,0.54167,0.81532,0.04167,0.33048,0.32828,0.68047,1.00000,0.29151,0.06771,0.12071,0.17337,0.50680,0.78109
sparse_corrections,minimum_intervention_boundary_learner_v5,0,192,0.49479,0.83792,0.05208,0.38577,0.16763,0.60325,0.68750,0.22803,0.00000,0.13143,0.10149,0.48233,0.74433
sparse_corrections,minimum_intervention_boundary_learner_v5,1,192,0.53646,0.90591,0.01562,0.35246,0.20001,0.55609,0.67188,0.20493,0.00000,0.15147,0.10852,0.49490,0.81545
sparse_corrections,minimum_intervention_boundary_learner_v5,2,192,0.52083,0.91182,0.02604,0.35885,0.18207,0.57772,0.64062,0.20122,0.00000,0.14462,0.10127,0.48944,0.79841
sparse_corrections,minimum_intervention_boundary_learner_v5,3,192,0.55729,0.98305,0.06771,0.35308,0.20549,0.57928,0.63542,0.19372,0.00000,0.15458,0.10043,0.49578,0.82973
sparse_corrections,minimum_intervention_boundary_learner_v5,4,192,0.49479,0.84979,0.04688,0.36241,0.17957,0.58401,0.67708,0.21232,0.00000,0.13954,0.11072,0.48618,0.74805
sparse_corrections,minimum_intervention_boundary_learner_v5,5,192,0.54167,0.93357,0.05208,0.35550,0.20633,0.56993,0.70833,0.22253,0.00000,0.14379,0.10228,0.48553,0.80832
sparse_corrections,minimum_intervention_boundary_learner_v5,6,192,0.59896,0.98790,0.07292,0.35930,0.20593,0.58328,0.65104,0.20201,0.00000,0.14790,0.11279,0.49781,0.87000
sparse_corrections,minimum_intervention_boundary_learner_v5,7,192,0.52083,0.86293,0.03125,0.35548,0.20614,0.58795,0.64583,0.19981,0.00000,0.14467,0.10705,0.49759,0.78675
sparse_corrections,minimum_intervention_boundary_learner_v5,8,192,0.56771,0.98718,0.05208,0.35470,0.18589,0.58007,0.61979,0.19861,0.00000,0.14372,0.09914,0.48019,0.84829
sparse_corrections,minimum_intervention_boundary_learner_v5,9,192,0.60938,1.07281,0.03646,0.35513,0.19201,0.59290,0.61458,0.19132,0.00000,0.13648,0.09732,0.48698,0.91925
sparse_corrections,minimum_intervention_learner_v4,0,192,0.56250,0.96017,0.02604,0.41809,0.16107,0.59621,1.00000,0.34758,0.06771,0.04774,0.09109,0.44758,0.82548
sparse_corrections,minimum_intervention_learner_v4,1,192,0.61979,1.09760,0.06250,0.38845,0.18289,0.55484,1.00000,0.32861,0.09896,0.05815,0.09326,0.45186,0.88099
sparse_corrections,minimum_intervention_learner_v4,2,192,0.60417,1.02516,0.06250,0.39639,0.18348,0.57278,1.00000,0.33369,0.09375,0.05201,0.09151,0.44903,0.85285
sparse_corrections,minimum_intervention_learner_v4,3,192,0.56250,0.98758,0.04167,0.39487,0.18617,0.57690,1.00000,0.33272,0.07292,0.05419,0.08264,0.44724,0.82007
sparse_corrections,minimum_intervention_learner_v4,4,192,0.54167,0.90874,0.05729,0.39345,0.20771,0.58314,1.00000,0.33181,0.08333,0.05940,0.10655,0.45568,0.77213
sparse_corrections,minimum_intervention_learner_v4,5,192,0.51042,0.89062,0.03125,0.39576,0.18760,0.56870,1.00000,0.33329,0.09375,0.04865,0.08698,0.44073,0.74482
sparse_corrections,minimum_intervention_learner_v4,6,192,0.58333,0.97570,0.04688,0.39372,0.19538,0.58458,1.00000,0.33198,0.07292,0.05729,0.09929,0.45948,0.83723
sparse_corrections,minimum_intervention_learner_v4,7,192,0.53125,0.90078,0.06250,0.39256,0.18535,0.58278,1.00000,0.33124,0.06771,0.05403,0.09184,0.45388,0.76151
sparse_corrections,minimum_intervention_learner_v4,8,192,0.58333,1.04823,0.06771,0.38983,0.18632,0.57593,1.00000,0.32949,0.10417,0.04704,0.09032,0.43709,0.83147
sparse_corrections,minimum_intervention_learner_v4,9,192,0.63542,1.12332,0.05208,0.38896,0.18417,0.59307,1.00000,0.32893,0.07812,0.04776,0.08898,0.44721,0.91825
sparse_corrections,no_human_baseline,0,192,0.15625,0.00000,0.05729,0.00000,1.00000,0.56622,0.00000,0.02000,0.05208,0.08704,0.49156,1.00000,0.23458
sparse_corrections,no_human_baseline,1,192,0.15104,0.00000,0.05729,0.00000,1.00000,0.56622,0.00000,0.02000,0.06771,0.08772,0.46503,1.00000,0.22500
sparse_corrections,no_human_baseline,2,192,0.12500,0.00000,0.05208,0.00000,1.00000,0.56675,0.00000,0.02000,0.04167,0.08407,0.46994,1.00000,0.20903
sparse_corrections,no_human_baseline,3,192,0.13542,0.00000,0.02083,0.00000,1.00000,0.56935,0.00000,0.02000,0.06771,0.08945,0.45530,1.00000,0.22874
sparse_corrections,no_human_baseline,4,192,0.15625,0.00000,0.03125,0.00000,1.00000,0.56518,0.00000,0.02000,0.04688,0.08782,0.48208,1.00000,0.24945
sparse_corrections,no_human_baseline,5,192,0.19792,0.00000,0.06250,0.00000,1.00000,0.56466,0.00000,0.02000,0.03646,0.08954,0.46048,1.00000,0.27771
sparse_corrections,no_human_baseline,6,192,0.17188,0.00000,0.03646,0.00000,1.00000,0.56987,0.00000,0.02000,0.05208,0.08687,0.47656,1.00000,0.26152
sparse_corrections,no_human_baseline,7,192,0.19271,0.00000,0.01042,0.00000,1.00000,0.56466,0.00000,0.02000,0.03646,0.08687,0.47263,1.00000,0.29959
sparse_corrections,no_human_baseline,8,192,0.13542,0.00000,0.04688,0.00000,1.00000,0.57560,0.00000,0.02000,0.05729,0.08842,0.46498,1.00000,0.21893
sparse_corrections,no_human_baseline,9,192,0.14062,0.00000,0.05208,0.00000,1.00000,0.57247,0.00000,0.02000,0.05729,0.08150,0.46952,1.00000,0.22102
sparse_corrections,oracle_minimal_correction,0,192,0.61979,1.04461,0.03646,0.40338,0.12458,0.59477,1.00000,0.33817,0.00000,0.33587,0.03448,0.46575,0.91604
sparse_corrections,oracle_minimal_correction,1,192,0.64583,1.10060,0.05729,0.37495,0.14624,0.54777,1.00000,0.31997,0.00000,0.35095,0.03583,0.46996,0.93848
sparse_corrections,oracle_minimal_correction,2,192,0.60417,1.02851,0.02604,0.37698,0.13952,0.56835,1.00000,0.32126,0.00000,0.34825,0.03504,0.46974,0.89981
sparse_corrections,oracle_minimal_correction,3,192,0.59375,1.01901,0.05729,0.37096,0.15672,0.56864,1.00000,0.31741,0.00000,0.35921,0.03484,0.47783,0.87167
sparse_corrections,oracle_minimal_correction,4,192,0.61458,1.09819,0.06771,0.38489,0.11723,0.57370,1.00000,0.32633,0.00000,0.33566,0.03506,0.46141,0.90394
sparse_corrections,oracle_minimal_correction,5,192,0.54167,0.98744,0.02083,0.37044,0.14633,0.55924,1.00000,0.31708,0.00000,0.34979,0.03557,0.46897,0.82995
sparse_corrections,oracle_minimal_correction,6,192,0.56771,0.96286,0.01042,0.38343,0.13120,0.57014,1.00000,0.32540,0.00000,0.34083,0.03475,0.46641,0.85692
sparse_corrections,oracle_minimal_correction,7,192,0.59896,1.01718,0.04688,0.37832,0.14761,0.57589,1.00000,0.32212,0.00000,0.34475,0.03537,0.46926,0.88220
sparse_corrections,oracle_minimal_correction,8,192,0.62500,1.11418,0.03646,0.36934,0.14472,0.57054,1.00000,0.31638,0.00000,0.34395,0.03488,0.46855,0.93452
sparse_corrections,oracle_minimal_correction,9,192,0.58854,1.04666,0.03646,0.37018,0.14296,0.58325,1.00000,0.31692,0.00000,0.34177,0.03418,0.46926,0.88487
sparse_corrections,preference_only_ranker,0,192,0.51042,0.82266,0.07292,0.35091,0.19848,0.56843,0.47917,0.15553,0.06771,0.07251,0.14320,0.53475,0.72816
sparse_corrections,preference_only_ranker,1,192,0.51042,0.84792,0.03646,0.32851,0.22399,0.52575,0.41146,0.13009,0.07292,0.07746,0.14340,0.52859,0.74651
sparse_corrections,preference_only_ranker,2,192,0.54167,0.92397,0.04688,0.33749,0.20291,0.54215,0.52083,0.16572,0.06771,0.07776,0.13433,0.52531,0.79090
sparse_corrections,preference_only_ranker,3,192,0.42708,0.72134,0.04167,0.33355,0.21739,0.54719,0.50000,0.15516,0.10938,0.07777,0.12880,0.52931,0.62410
sparse_corrections,preference_only_ranker,4,192,0.54167,0.87784,0.05729,0.33224,0.22042,0.54924,0.56771,0.17301,0.07292,0.07953,0.15320,0.53800,0.77510
sparse_corrections,preference_only_ranker,5,192,0.52604,0.93162,0.05729,0.33599,0.21508,0.53947,0.45312,0.13904,0.07292,0.07543,0.12960,0.52094,0.77071
sparse_corrections,preference_only_ranker,6,192,0.48958,0.81046,0.04688,0.32989,0.22022,0.55078,0.47917,0.15485,0.07812,0.07589,0.14674,0.54314,0.71342
sparse_corrections,preference_only_ranker,7,192,0.51562,0.84703,0.05208,0.32654,0.22136,0.55110,0.45312,0.13965,0.09896,0.07149,0.14180,0.54133,0.73961
sparse_corrections,preference_only_ranker,8,192,0.61458,1.06466,0.04167,0.32985,0.21611,0.54406,0.53125,0.16627,0.07292,0.07494,0.13872,0.51458,0.89570
sparse_corrections,preference_only_ranker,9,192,0.52604,0.88227,0.03125,0.32403,0.22021,0.56486,0.44792,0.13143,0.07292,0.07246,0.13632,0.53738,0.77786
sparse_corrections,residual_correction_learner,0,192,0.37500,0.50774,0.04688,0.26142,0.54620,0.56176,1.00000,0.24731,0.05729,0.23751,0.31362,0.63300,0.53984
sparse_corrections,residual_correction_learner,1,192,0.35938,0.44631,0.07292,0.25401,0.52979,0.53483,1.00000,0.24257,0.08333,0.21987,0.28887,0.61805,0.48583
sparse_corrections,residual_correction_learner,2,192,0.29688,0.40603,0.03646,0.25504,0.57387,0.54169,1.00000,0.24323,0.05208,0.24036,0.30583,0.61547,0.44291
sparse_corrections,residual_correction_learner,3,192,0.39583,0.51905,0.08333,0.26297,0.55350,0.53742,1.00000,0.24830,0.07812,0.22180,0.27613,0.60366,0.53369
sparse_corrections,residual_correction_learner,4,192,0.34375,0.47132,0.07812,0.25867,0.56080,0.53582,1.00000,0.24555,0.06771,0.22854,0.30470,0.61282,0.47711
sparse_corrections,residual_correction_learner,5,192,0.36979,0.45307,0.02604,0.25021,0.60592,0.53911,1.00000,0.24014,0.06771,0.24636,0.31359,0.60813,0.52665
sparse_corrections,residual_correction_learner,6,192,0.35938,0.41494,0.05729,0.25748,0.63303,0.56225,1.00000,0.24479,0.05729,0.25168,0.32419,0.61679,0.49775
sparse_corrections,residual_correction_learner,7,192,0.36458,0.47755,0.06771,0.24875,0.58176,0.54776,1.00000,0.23920,0.07292,0.24175,0.31553,0.62137,0.50553
sparse_corrections,residual_correction_learner,8,192,0.35417,0.44595,0.03646,0.26432,0.57456,0.55607,1.00000,0.24917,0.06250,0.22328,0.29261,0.59414,0.50660
sparse_corrections,residual_correction_learner,9,192,0.37500,0.49573,0.05729,0.25180,0.56263,0.55590,1.00000,0.24115,0.09375,0.22355,0.29650,0.61804,0.52034
sparse_corrections,robust_mpc_correction,0,192,0.64062,1.14931,0.05729,0.44370,0.12395,0.57150,1.00000,0.36397,0.00521,0.03007,0.05492,0.41114,0.94070
sparse_corrections,robust_mpc_correction,1,192,0.57292,1.03640,0.03125,0.41438,0.12215,0.52126,1.00000,0.34520,0.00000,0.03716,0.05274,0.41119,0.85746
sparse_corrections,robust_mpc_correction,2,192,0.60417,1.08330,0.03646,0.41488,0.11543,0.54253,1.00000,0.34552,0.00000,0.03613,0.05276,0.41554,0.89929
sparse_corrections,robust_mpc_correction,3,192,0.54167,1.01134,0.03646,0.41182,0.12999,0.54271,1.00000,0.34356,0.01042,0.04246,0.04847,0.42061,0.81841
sparse_corrections,robust_mpc_correction,4,192,0.64062,1.17830,0.04688,0.42084,0.11912,0.54852,1.00000,0.34934,0.00000,0.03097,0.05765,0.41029,0.95158
sparse_corrections,robust_mpc_correction,5,192,0.59896,1.10741,0.04167,0.41110,0.12376,0.53263,1.00000,0.34310,0.00000,0.03349,0.05332,0.41076,0.89526
sparse_corrections,robust_mpc_correction,6,192,0.66146,1.16768,0.05729,0.42212,0.11474,0.54539,1.00000,0.35016,0.00000,0.02968,0.05292,0.41150,0.96427
sparse_corrections,robust_mpc_correction,7,192,0.59375,1.07469,0.03125,0.41645,0.13509,0.55073,1.00000,0.34653,0.00000,0.03592,0.05504,0.41440,0.89065
sparse_corrections,robust_mpc_correction,8,192,0.58333,1.11703,0.05208,0.40809,0.12870,0.54278,1.00000,0.34118,0.00000,0.03400,0.05382,0.40924,0.87767
sparse_corrections,robust_mpc_correction,9,192,0.65625,1.20100,0.06771,0.41099,0.12503,0.55904,1.00000,0.34303,0.00000,0.02877,0.05144,0.40938,0.96297
sparse_corrections,safety_filtered_residual,0,192,0.35938,0.52648,0.04167,0.24194,0.43412,0.56136,1.00000,0.23484,0.00000,0.19779,0.26999,0.67769,0.54983
sparse_corrections,safety_filtered_residual,1,192,0.33854,0.50798,0.03646,0.22752,0.45072,0.50977,1.00000,0.22562,0.00000,0.19198,0.25497,0.68018,0.52147
sparse_corrections,safety_filtered_residual,2,192,0.34896,0.51482,0.06250,0.22263,0.45824,0.53019,1.00000,0.22248,0.00521,0.20430,0.26414,0.68592,0.52147
sparse_corrections,safety_filtered_residual,3,192,0.34896,0.52197,0.03125,0.22847,0.45999,0.53202,1.00000,0.22622,0.00000,0.19774,0.24464,0.68149,0.54060
sparse_corrections,safety_filtered_residual,4,192,0.38542,0.54959,0.03646,0.22754,0.44967,0.53713,1.00000,0.22563,0.00000,0.20108,0.27003,0.68039,0.58106
sparse_corrections,safety_filtered_residual,5,192,0.34375,0.53126,0.05729,0.21589,0.48431,0.52048,1.00000,0.21817,0.00000,0.20669,0.26792,0.69691,0.52353
sparse_corrections,safety_filtered_residual,6,192,0.38021,0.52735,0.04167,0.22504,0.47927,0.53714,1.00000,0.22402,0.00000,0.20799,0.27402,0.69448,0.56903
sparse_corrections,safety_filtered_residual,7,192,0.38542,0.55659,0.05208,0.21921,0.47650,0.53832,1.00000,0.22030,0.00000,0.20805,0.27050,0.69588,0.57565
sparse_corrections,safety_filtered_residual,8,192,0.36458,0.51102,0.04688,0.23078,0.43880,0.52882,1.00000,0.22770,0.00000,0.18358,0.24569,0.67247,0.54476
sparse_corrections,safety_filtered_residual,9,192,0.45833,0.67672,0.03125,0.23054,0.43299,0.54669,1.00000,0.22754,0.00000,0.18189,0.24526,0.66940,0.68526
sparse_corrections,uncertainty_query_policy,0,192,0.33854,0.51302,0.04167,0.30489,0.35877,0.57537,0.88542,0.24826,0.10417,0.20136,0.24127,0.57554,0.49297
sparse_corrections,uncertainty_query_policy,1,192,0.46354,0.64561,0.03646,0.26358,0.42686,0.54035,0.81250,0.20936,0.13021,0.22776,0.25305,0.60928,0.64145
sparse_corrections,uncertainty_query_policy,2,192,0.44271,0.64379,0.03646,0.28668,0.40504,0.54760,0.85938,0.23353,0.08333,0.20927,0.23843,0.57685,0.63157
sparse_corrections,uncertainty_query_policy,3,192,0.39583,0.56815,0.04167,0.28599,0.42108,0.55606,0.88021,0.23786,0.09896,0.21823,0.23362,0.57975,0.56202
sparse_corrections,uncertainty_query_policy,4,192,0.38021,0.53350,0.04167,0.28013,0.42732,0.55723,0.85938,0.22943,0.06250,0.22188,0.25801,0.58973,0.55002
sparse_corrections,uncertainty_query_policy,5,192,0.34896,0.47267,0.04167,0.27811,0.43247,0.54581,0.90104,0.23733,0.09375,0.21775,0.24144,0.58712,0.49466
sparse_corrections,uncertainty_query_policy,6,192,0.33854,0.47631,0.02604,0.27179,0.45671,0.56563,0.84896,0.22445,0.05208,0.23334,0.26736,0.61116,0.50919
sparse_corrections,uncertainty_query_policy,7,192,0.44792,0.59743,0.04688,0.27657,0.41972,0.56020,0.88542,0.23571,0.10938,0.21888,0.24845,0.59575,0.61636
sparse_corrections,uncertainty_query_policy,8,192,0.44271,0.65408,0.05208,0.29076,0.36515,0.55496,0.88021,0.24146,0.10417,0.19177,0.22143,0.56064,0.61967
sparse_corrections,uncertainty_query_policy,9,192,0.38542,0.55194,0.04167,0.28203,0.38596,0.57288,0.85938,0.23007,0.07292,0.19561,0.22744,0.58088,0.55792
