stress_axis,stress_level,method,seed,rows,task_success,correction_efficiency,damage,intervention_magnitude,boundary_error,intent_preservation,query_rate,human_time,unsafe_override,calibration_error,regret_to_oracle,intervention_sparsity,robust_utility
combined,0.0,active_entropy_query_policy,0,120,0.44167,0.73835,0.01667,0.21670,0.34043,0.67798,0.17500,0.06156,0.04167,0.14636,0.17088,0.61588,0.69993
combined,0.0,active_entropy_query_policy,1,120,0.39167,0.70574,0.03333,0.20757,0.32842,0.66224,0.16667,0.05894,0.05000,0.14649,0.16775,0.61978,0.63003
combined,0.0,active_entropy_query_policy,2,120,0.44167,0.76767,0.04167,0.23279,0.31389,0.67942,0.23333,0.08645,0.03333,0.14067,0.15975,0.60651,0.69431
combined,0.0,active_entropy_query_policy,3,120,0.48333,0.80727,0.00833,0.22014,0.35157,0.65835,0.13333,0.05146,0.02500,0.16429,0.18708,0.62592,0.76416
combined,0.0,active_entropy_query_policy,4,120,0.47500,0.82808,0.04167,0.22061,0.33664,0.67715,0.20833,0.07572,0.03333,0.14802,0.15700,0.60950,0.74127
combined,0.0,active_entropy_query_policy,5,120,0.50000,0.88770,0.03333,0.21961,0.32767,0.69800,0.12500,0.05342,0.05000,0.14410,0.16425,0.62623,0.78361
combined,0.0,active_entropy_query_policy,6,120,0.48333,0.82158,0.05000,0.22038,0.33805,0.68108,0.12500,0.05420,0.06667,0.15186,0.17108,0.63262,0.73715
combined,0.0,active_entropy_query_policy,7,120,0.45833,0.82637,0.06667,0.20191,0.35003,0.69163,0.19167,0.06461,0.04167,0.14347,0.16011,0.62547,0.71208
combined,0.0,active_entropy_query_policy,8,120,0.50833,0.91612,0.04167,0.22778,0.33010,0.65691,0.18333,0.07147,0.04167,0.15439,0.16844,0.61411,0.78943
combined,0.0,active_entropy_query_policy,9,120,0.47500,0.87620,0.03333,0.21059,0.34021,0.70785,0.20833,0.07126,0.02500,0.13362,0.16313,0.61541,0.76302
combined,0.0,full_demo_imitation,0,120,0.58333,1.14769,0.03333,0.30481,0.20294,0.68224,1.00000,0.62508,0.05000,0.07041,0.09636,0.44567,0.88734
combined,0.0,full_demo_imitation,1,120,0.59167,1.08045,0.05833,0.29336,0.24481,0.66456,1.00000,0.61775,0.06667,0.06932,0.09664,0.45581,0.86175
combined,0.0,full_demo_imitation,2,120,0.58333,1.08338,0.02500,0.31053,0.22212,0.67461,1.00000,0.62874,0.02500,0.07109,0.09823,0.46179,0.88417
combined,0.0,full_demo_imitation,3,120,0.55000,0.98228,0.03333,0.31553,0.21333,0.66622,1.00000,0.63194,0.10000,0.07640,0.10911,0.45353,0.80162
combined,0.0,full_demo_imitation,4,120,0.58333,1.11296,0.02500,0.30761,0.21651,0.68573,1.00000,0.62687,0.03333,0.07111,0.09570,0.43730,0.88865
combined,0.0,full_demo_imitation,5,120,0.50000,0.89340,0.04167,0.31416,0.22757,0.70574,1.00000,0.63106,0.02500,0.07322,0.09712,0.45493,0.75398
combined,0.0,full_demo_imitation,6,120,0.50833,0.94550,0.05000,0.31615,0.21476,0.68733,1.00000,0.63233,0.02500,0.06853,0.09771,0.45645,0.76706
combined,0.0,full_demo_imitation,7,120,0.61667,1.21403,0.05000,0.28741,0.24979,0.68855,1.00000,0.61394,0.04167,0.07755,0.09788,0.44440,0.93019
combined,0.0,full_demo_imitation,8,120,0.60000,1.14779,0.05833,0.32014,0.24290,0.65727,1.00000,0.63489,0.05833,0.07880,0.10052,0.44024,0.88474
combined,0.0,full_demo_imitation,9,120,0.57500,1.03454,0.02500,0.29786,0.23038,0.69529,1.00000,0.62063,0.05000,0.06538,0.09673,0.44937,0.86053
combined,0.0,minimum_intervention_boundary_learner_v5,0,120,0.60833,1.15807,0.02500,0.31206,0.18318,0.70387,0.18333,0.06636,0.00000,0.20830,0.06822,0.43899,0.96058
combined,0.0,minimum_intervention_boundary_learner_v5,1,120,0.51667,0.99638,0.02500,0.29963,0.20082,0.69076,0.10833,0.04787,0.00000,0.21230,0.06902,0.44505,0.83277
combined,0.0,minimum_intervention_boundary_learner_v5,2,120,0.61667,1.23592,0.04167,0.32080,0.19741,0.71032,0.10000,0.04520,0.00000,0.21121,0.06945,0.44364,0.97939
combined,0.0,minimum_intervention_boundary_learner_v5,3,120,0.60833,1.14454,0.03333,0.32426,0.17544,0.68865,0.16667,0.06159,0.00000,0.21228,0.06996,0.44995,0.95205
combined,0.0,minimum_intervention_boundary_learner_v5,4,120,0.55833,1.07530,0.05833,0.30809,0.22410,0.70823,0.12500,0.05747,0.00000,0.22325,0.06848,0.45170,0.87663
combined,0.0,minimum_intervention_boundary_learner_v5,5,120,0.55000,1.12225,0.02500,0.32132,0.17171,0.72117,0.10833,0.04988,0.00000,0.20754,0.05806,0.44318,0.89756
combined,0.0,minimum_intervention_boundary_learner_v5,6,120,0.54167,1.02428,0.02500,0.32385,0.20502,0.71016,0.11667,0.05036,0.00000,0.21406,0.06491,0.45076,0.86660
combined,0.0,minimum_intervention_boundary_learner_v5,7,120,0.55833,1.15831,0.01667,0.29314,0.21217,0.71717,0.10000,0.05011,0.00000,0.21330,0.06569,0.44485,0.91772
combined,0.0,minimum_intervention_boundary_learner_v5,8,120,0.60000,1.19161,0.05000,0.31786,0.19071,0.68254,0.09167,0.04508,0.00000,0.22001,0.07108,0.45184,0.94545
combined,0.0,minimum_intervention_boundary_learner_v5,9,120,0.63333,1.35065,0.05000,0.30358,0.18522,0.73253,0.15000,0.05304,0.00000,0.19491,0.06426,0.43522,1.01908
combined,0.0,oracle_minimal_correction,0,120,0.65833,1.29038,0.02500,0.29991,0.15990,0.67361,1.00000,0.27194,0.00000,0.32267,0.02741,0.46704,1.02790
combined,0.0,oracle_minimal_correction,1,120,0.64167,1.31915,0.05833,0.29187,0.16938,0.66740,1.00000,0.26679,0.00000,0.32911,0.02755,0.46621,0.99961
combined,0.0,oracle_minimal_correction,2,120,0.64167,1.29059,0.02500,0.31069,0.15948,0.68003,1.00000,0.27884,0.00000,0.32437,0.02722,0.46622,1.01176
combined,0.0,oracle_minimal_correction,3,120,0.64167,1.19183,0.02500,0.31525,0.14226,0.66083,1.00000,0.28176,0.00000,0.32697,0.02810,0.46639,0.98742
combined,0.0,oracle_minimal_correction,4,120,0.63333,1.25352,0.05000,0.29809,0.19318,0.67995,1.00000,0.27078,0.00000,0.33603,0.02767,0.47589,0.98311
combined,0.0,oracle_minimal_correction,5,120,0.66667,1.38485,0.03333,0.30472,0.16472,0.69507,1.00000,0.27502,0.00000,0.33111,0.02700,0.47725,1.05585
combined,0.0,oracle_minimal_correction,6,120,0.60000,1.15509,0.02500,0.31075,0.16934,0.68261,1.00000,0.27888,0.00000,0.33191,0.02709,0.47449,0.94104
combined,0.0,oracle_minimal_correction,7,120,0.58333,1.15632,0.02500,0.28056,0.18393,0.69074,1.00000,0.25956,0.00000,0.33027,0.02720,0.47299,0.92649
combined,0.0,oracle_minimal_correction,8,120,0.61667,1.21078,0.04167,0.30886,0.14488,0.65599,1.00000,0.27767,0.00000,0.33244,0.02787,0.46893,0.95760
combined,0.0,oracle_minimal_correction,9,120,0.61667,1.25487,0.05000,0.28995,0.15477,0.70332,1.00000,0.26557,0.00000,0.31404,0.02643,0.46469,0.96945
combined,0.0,residual_correction_learner,0,120,0.57500,1.01668,0.06667,0.27740,0.33147,0.64190,1.00000,0.25754,0.04167,0.09973,0.15220,0.48006,0.84820
combined,0.0,residual_correction_learner,1,120,0.50000,0.91722,0.03333,0.27045,0.35519,0.61301,1.00000,0.25309,0.05000,0.10187,0.14777,0.48841,0.76318
combined,0.0,residual_correction_learner,2,120,0.57500,0.99568,0.04167,0.29484,0.26231,0.63047,1.00000,0.26870,0.04167,0.08573,0.13120,0.47753,0.85446
combined,0.0,residual_correction_learner,3,120,0.50000,0.80866,0.01667,0.28916,0.31396,0.62291,1.00000,0.26507,0.05000,0.10063,0.15789,0.48413,0.74850
combined,0.0,residual_correction_learner,4,120,0.58333,1.00591,0.06667,0.27594,0.32128,0.63487,1.00000,0.25660,0.05833,0.10172,0.14711,0.48567,0.84890
combined,0.0,residual_correction_learner,5,120,0.45833,0.79186,0.02500,0.29320,0.30072,0.65242,1.00000,0.26765,0.10000,0.09112,0.13938,0.48098,0.68836
combined,0.0,residual_correction_learner,6,120,0.50833,0.83670,0.02500,0.28062,0.31601,0.64740,1.00000,0.25960,0.05833,0.10519,0.15478,0.50909,0.76101
combined,0.0,residual_correction_learner,7,120,0.55833,0.99862,0.04167,0.26677,0.30989,0.64969,1.00000,0.25073,0.05833,0.08682,0.13239,0.47266,0.83684
combined,0.0,residual_correction_learner,8,120,0.50000,0.91367,0.02500,0.30069,0.30751,0.60719,1.00000,0.27244,0.07500,0.08982,0.13880,0.46090,0.75673
combined,0.0,residual_correction_learner,9,120,0.50000,0.94768,0.05000,0.27631,0.31920,0.64161,1.00000,0.25684,0.08333,0.08221,0.14012,0.46790,0.75440
combined,0.0,robust_mpc_correction,0,120,0.63333,1.39825,0.04167,0.33224,0.13754,0.64500,1.00000,0.29263,0.00000,0.02991,0.04615,0.40793,1.01036
combined,0.0,robust_mpc_correction,1,120,0.50833,1.08934,0.03333,0.32429,0.15011,0.63659,1.00000,0.28755,0.00000,0.03272,0.04517,0.40639,0.82079
combined,0.0,robust_mpc_correction,2,120,0.57500,1.21210,0.05833,0.34517,0.14604,0.65337,1.00000,0.30091,0.00000,0.03010,0.04664,0.40539,0.90300
combined,0.0,robust_mpc_correction,3,120,0.61667,1.26595,0.05000,0.34846,0.13828,0.63299,1.00000,0.30302,0.00000,0.03773,0.04954,0.40995,0.95833
combined,0.0,robust_mpc_correction,4,120,0.60833,1.30148,0.02500,0.33130,0.16617,0.64812,1.00000,0.29203,0.00000,0.04023,0.04614,0.41421,0.97348
combined,0.0,robust_mpc_correction,5,120,0.65000,1.37081,0.05000,0.33997,0.15896,0.67135,1.00000,0.29758,0.00000,0.03722,0.04651,0.41446,1.02019
combined,0.0,robust_mpc_correction,6,120,0.65000,1.34474,0.01667,0.34522,0.16238,0.65839,1.00000,0.30094,0.00000,0.03766,0.04698,0.41433,1.02994
combined,0.0,robust_mpc_correction,7,120,0.55833,1.29968,0.01667,0.31427,0.15716,0.65888,1.00000,0.28113,0.00000,0.03308,0.04510,0.40851,0.92902
combined,0.0,robust_mpc_correction,8,120,0.61667,1.31365,0.01667,0.34295,0.13778,0.63083,1.00000,0.29949,0.00000,0.03862,0.04733,0.41256,0.98616
combined,0.0,robust_mpc_correction,9,120,0.57500,1.29517,0.03333,0.31908,0.16784,0.67329,1.00000,0.28421,0.00000,0.02798,0.05131,0.40979,0.93783
combined,0.0,uncertainty_query_policy,0,120,0.51667,0.89087,0.03333,0.21967,0.34639,0.62843,0.31667,0.10300,0.05833,0.13264,0.17648,0.61272,0.78669
combined,0.0,uncertainty_query_policy,1,120,0.48333,0.83858,0.02500,0.20810,0.34579,0.61906,0.30000,0.08739,0.05833,0.13697,0.17886,0.60193,0.74513
combined,0.0,uncertainty_query_policy,2,120,0.46667,0.79465,0.01667,0.21848,0.35365,0.62985,0.28333,0.09058,0.04167,0.14312,0.18851,0.61663,0.72979
combined,0.0,uncertainty_query_policy,3,120,0.49167,0.86745,0.06667,0.23077,0.34494,0.61341,0.29167,0.10142,0.04167,0.14368,0.18853,0.60968,0.74184
combined,0.0,uncertainty_query_policy,4,120,0.38333,0.71412,0.05833,0.20811,0.36193,0.62979,0.25000,0.07973,0.05000,0.14656,0.18537,0.61822,0.60530
combined,0.0,uncertainty_query_policy,5,120,0.49167,0.82739,0.01667,0.21575,0.37435,0.65342,0.22500,0.08225,0.05000,0.14031,0.19040,0.63479,0.76401
combined,0.0,uncertainty_query_policy,6,120,0.52500,0.90635,0.05833,0.22279,0.33797,0.63998,0.29167,0.09665,0.03333,0.13821,0.17966,0.62341,0.79475
combined,0.0,uncertainty_query_policy,7,120,0.45000,0.80121,0.04167,0.19585,0.38838,0.64009,0.25833,0.08249,0.07500,0.14084,0.18194,0.62647,0.69442
combined,0.0,uncertainty_query_policy,8,120,0.45000,0.78551,0.05000,0.22954,0.35222,0.61451,0.26667,0.09575,0.03333,0.14080,0.18317,0.60908,0.69351
combined,0.0,uncertainty_query_policy,9,120,0.45000,0.78036,0.01667,0.20021,0.37359,0.64698,0.25833,0.08411,0.05833,0.12929,0.18793,0.63795,0.70890
combined,0.2,active_entropy_query_policy,0,120,0.43333,0.65486,0.01667,0.25171,0.34929,0.63801,0.17500,0.07077,0.05833,0.16315,0.19753,0.62168,0.66324
combined,0.2,active_entropy_query_policy,1,120,0.32500,0.52769,0.03333,0.26001,0.35569,0.63610,0.16667,0.07214,0.05000,0.17561,0.21163,0.62717,0.52057
combined,0.2,active_entropy_query_policy,2,120,0.40833,0.65758,0.09167,0.24840,0.34059,0.64157,0.23333,0.07915,0.05833,0.15700,0.18104,0.61381,0.59953
combined,0.2,active_entropy_query_policy,3,120,0.45833,0.72595,0.00833,0.24246,0.37228,0.62148,0.13333,0.05658,0.05000,0.18186,0.22121,0.63382,0.70965
combined,0.2,active_entropy_query_policy,4,120,0.42500,0.70563,0.04167,0.26037,0.35207,0.61044,0.20833,0.07643,0.05000,0.18089,0.18566,0.61768,0.65137
combined,0.2,active_entropy_query_policy,5,120,0.41667,0.70184,0.03333,0.25165,0.33559,0.61437,0.12500,0.05392,0.08333,0.17293,0.20386,0.61385,0.63854
combined,0.2,active_entropy_query_policy,6,120,0.45000,0.69921,0.06667,0.25163,0.35211,0.63881,0.12500,0.05294,0.08333,0.16840,0.20086,0.62428,0.65770
combined,0.2,active_entropy_query_policy,7,120,0.43333,0.69726,0.06667,0.25226,0.31638,0.63868,0.19167,0.06715,0.06667,0.15665,0.19557,0.62207,0.64451
combined,0.2,active_entropy_query_policy,8,120,0.46667,0.76177,0.03333,0.24786,0.35296,0.61286,0.18333,0.06696,0.05000,0.17536,0.21984,0.62662,0.71091
combined,0.2,active_entropy_query_policy,9,120,0.46667,0.79814,0.03333,0.25647,0.33803,0.61136,0.20833,0.08187,0.06667,0.16533,0.18222,0.60777,0.71244
combined,0.2,full_demo_imitation,0,120,0.50000,0.73616,0.07500,0.40216,0.36370,0.64785,1.00000,0.68738,0.08333,0.10449,0.15826,0.38013,0.67192
combined,0.2,full_demo_imitation,1,120,0.45000,0.64453,0.08333,0.40604,0.44293,0.64067,1.00000,0.68987,0.13333,0.13810,0.19483,0.38233,0.58249
combined,0.2,full_demo_imitation,2,120,0.43333,0.66254,0.06667,0.38369,0.40414,0.63600,1.00000,0.67556,0.07500,0.11190,0.16662,0.38126,0.59477
combined,0.2,full_demo_imitation,3,120,0.51667,0.76743,0.07500,0.38585,0.40340,0.62708,1.00000,0.67694,0.14167,0.11766,0.17483,0.39588,0.67769
combined,0.2,full_demo_imitation,4,120,0.50000,0.67022,0.07500,0.38609,0.43083,0.63493,1.00000,0.67710,0.06667,0.13420,0.18044,0.40347,0.66203
combined,0.2,full_demo_imitation,5,120,0.44167,0.63873,0.04167,0.38832,0.38969,0.62048,1.00000,0.67853,0.04167,0.11748,0.17301,0.39764,0.61886
combined,0.2,full_demo_imitation,6,120,0.49167,0.68513,0.10833,0.40770,0.38556,0.64959,1.00000,0.69093,0.04167,0.11289,0.15684,0.37685,0.64659
combined,0.2,full_demo_imitation,7,120,0.52500,0.75407,0.05833,0.38048,0.40495,0.63783,1.00000,0.67350,0.10000,0.11945,0.17707,0.40628,0.70549
combined,0.2,full_demo_imitation,8,120,0.48333,0.64370,0.06667,0.37019,0.43965,0.64270,1.00000,0.66692,0.12500,0.13794,0.21694,0.41173,0.62941
combined,0.2,full_demo_imitation,9,120,0.42500,0.67334,0.05000,0.40497,0.36214,0.61387,1.00000,0.68918,0.07500,0.10222,0.14545,0.35928,0.59289
combined,0.2,minimum_intervention_boundary_learner_v5,0,120,0.58333,1.01808,0.04167,0.34864,0.18606,0.65313,0.13333,0.05542,0.00000,0.15594,0.08437,0.47397,0.89176
combined,0.2,minimum_intervention_boundary_learner_v5,1,120,0.46667,0.80556,0.01667,0.35857,0.17807,0.65735,0.16667,0.06511,0.00000,0.16280,0.09158,0.47533,0.74152
combined,0.2,minimum_intervention_boundary_learner_v5,2,120,0.57500,1.06496,0.05000,0.34007,0.19993,0.65491,0.17500,0.06913,0.00000,0.15185,0.07970,0.46584,0.88861
combined,0.2,minimum_intervention_boundary_learner_v5,3,120,0.60833,1.10076,0.03333,0.34410,0.19607,0.63757,0.15833,0.06298,0.00000,0.16073,0.09463,0.47971,0.93720
combined,0.2,minimum_intervention_boundary_learner_v5,4,120,0.50833,0.85908,0.05833,0.34914,0.22538,0.63391,0.20833,0.07739,0.00000,0.17972,0.08279,0.48674,0.77026
combined,0.2,minimum_intervention_boundary_learner_v5,5,120,0.52500,0.95281,0.04167,0.35047,0.17894,0.63511,0.15000,0.06133,0.00000,0.15993,0.08784,0.46886,0.81620
combined,0.2,minimum_intervention_boundary_learner_v5,6,120,0.52500,0.92066,0.02500,0.35929,0.18204,0.65609,0.15000,0.06087,0.00000,0.15171,0.07703,0.46514,0.82036
combined,0.2,minimum_intervention_boundary_learner_v5,7,120,0.58333,1.02810,0.02500,0.35524,0.16802,0.65761,0.22500,0.08436,0.00000,0.14197,0.08254,0.46344,0.90138
combined,0.2,minimum_intervention_boundary_learner_v5,8,120,0.55000,0.96621,0.05833,0.34841,0.17904,0.63218,0.20833,0.07461,0.00000,0.15414,0.09954,0.47349,0.83473
combined,0.2,minimum_intervention_boundary_learner_v5,9,120,0.52500,1.01139,0.05000,0.34201,0.20163,0.63154,0.10000,0.04305,0.00000,0.17071,0.08545,0.46908,0.82512
combined,0.2,oracle_minimal_correction,0,120,0.66667,1.21670,0.02500,0.35067,0.13738,0.63405,1.00000,0.30443,0.00000,0.33051,0.02965,0.47112,1.01362
combined,0.2,oracle_minimal_correction,1,120,0.65000,1.14728,0.06667,0.36988,0.13560,0.64125,1.00000,0.31673,0.00000,0.33256,0.02938,0.46743,0.96022
combined,0.2,oracle_minimal_correction,2,120,0.63333,1.21142,0.02500,0.33628,0.15133,0.63827,1.00000,0.29522,0.00000,0.33498,0.02921,0.46837,0.97995
combined,0.2,oracle_minimal_correction,3,120,0.66667,1.23454,0.02500,0.35478,0.12845,0.61905,1.00000,0.30706,0.00000,0.32803,0.03051,0.46445,1.01515
combined,0.2,oracle_minimal_correction,4,120,0.62500,1.02476,0.05000,0.35249,0.19193,0.61702,1.00000,0.30559,0.00000,0.36159,0.03089,0.48389,0.91510
combined,0.2,oracle_minimal_correction,5,120,0.65000,1.16666,0.03333,0.35652,0.12953,0.62277,1.00000,0.30817,0.00000,0.33302,0.02990,0.46713,0.97978
combined,0.2,oracle_minimal_correction,6,120,0.58333,1.00808,0.02500,0.35612,0.15572,0.64107,1.00000,0.30792,0.00000,0.33580,0.02963,0.47437,0.88531
combined,0.2,oracle_minimal_correction,7,120,0.60000,1.12438,0.02500,0.35532,0.13392,0.64336,1.00000,0.30741,0.00000,0.32609,0.03020,0.46746,0.92754
combined,0.2,oracle_minimal_correction,8,120,0.65000,1.15977,0.04167,0.36428,0.12624,0.61766,1.00000,0.31314,0.00000,0.32140,0.03102,0.45746,0.97256
combined,0.2,oracle_minimal_correction,9,120,0.61667,1.15611,0.05833,0.34286,0.14252,0.61640,1.00000,0.29943,0.00000,0.34195,0.02950,0.46995,0.93083
combined,0.2,residual_correction_learner,0,120,0.55000,0.83949,0.05000,0.31849,0.33823,0.60365,1.00000,0.28383,0.08333,0.11882,0.17615,0.50339,0.77623
combined,0.2,residual_correction_learner,1,120,0.41667,0.64705,0.03333,0.32258,0.41407,0.62035,1.00000,0.28645,0.08333,0.14895,0.20486,0.51336,0.61177
combined,0.2,residual_correction_learner,2,120,0.46667,0.71580,0.04167,0.29983,0.41475,0.60946,1.00000,0.27189,0.07500,0.14218,0.20123,0.51671,0.67431
combined,0.2,residual_correction_learner,3,120,0.50000,0.78393,0.04167,0.31555,0.46326,0.58896,1.00000,0.28195,0.05833,0.15293,0.21219,0.50084,0.72338
combined,0.2,residual_correction_learner,4,120,0.42500,0.59599,0.05833,0.29926,0.44799,0.59771,1.00000,0.27153,0.06667,0.16164,0.20742,0.53825,0.59951
combined,0.2,residual_correction_learner,5,120,0.39167,0.62621,0.03333,0.31012,0.45204,0.58862,1.00000,0.27847,0.11667,0.15619,0.21681,0.51213,0.56903
combined,0.2,residual_correction_learner,6,120,0.49167,0.71277,0.04167,0.32529,0.41071,0.61749,1.00000,0.28819,0.09167,0.13370,0.19087,0.50052,0.69347
combined,0.2,residual_correction_learner,7,120,0.52500,0.74866,0.04167,0.31378,0.41649,0.60511,1.00000,0.28082,0.08333,0.13628,0.19823,0.51927,0.73670
combined,0.2,residual_correction_learner,8,120,0.40000,0.60093,0.03333,0.29116,0.45134,0.58184,1.00000,0.26634,0.10000,0.16595,0.23949,0.53331,0.57719
combined,0.2,residual_correction_learner,9,120,0.43333,0.69158,0.07500,0.32403,0.37408,0.57124,1.00000,0.28738,0.12500,0.11809,0.17304,0.48335,0.59698
combined,0.2,robust_mpc_correction,0,120,0.60000,1.16142,0.03333,0.38200,0.13259,0.61002,1.00000,0.32448,0.00000,0.03475,0.05495,0.42212,0.92399
combined,0.2,robust_mpc_correction,1,120,0.48333,0.88762,0.02500,0.40185,0.12569,0.61328,1.00000,0.33718,0.00000,0.03364,0.05292,0.41838,0.75108
combined,0.2,robust_mpc_correction,2,120,0.55833,1.09507,0.07500,0.37023,0.13744,0.61377,1.00000,0.31695,0.00000,0.03549,0.05029,0.41611,0.84658
combined,0.2,robust_mpc_correction,3,120,0.61667,1.18374,0.03333,0.38551,0.13696,0.59519,1.00000,0.32673,0.00000,0.03288,0.05609,0.41875,0.94337
combined,0.2,robust_mpc_correction,4,120,0.61667,1.17580,0.02500,0.39433,0.14841,0.59020,1.00000,0.33237,0.00000,0.04566,0.04640,0.41908,0.94507
combined,0.2,robust_mpc_correction,5,120,0.63333,1.20812,0.04167,0.38817,0.12811,0.59676,1.00000,0.32843,0.00000,0.03605,0.05558,0.41788,0.96115
combined,0.2,robust_mpc_correction,6,120,0.60833,1.18032,0.01667,0.38970,0.13840,0.61579,1.00000,0.32941,0.00000,0.03315,0.05110,0.42285,0.94571
combined,0.2,robust_mpc_correction,7,120,0.57500,1.13811,0.02500,0.38932,0.13680,0.61909,1.00000,0.32917,0.00833,0.02903,0.05569,0.41525,0.89648
combined,0.2,robust_mpc_correction,8,120,0.60833,1.18100,0.03333,0.39249,0.11981,0.59058,1.00000,0.33119,0.00000,0.02869,0.05644,0.41259,0.93332
combined,0.2,robust_mpc_correction,9,120,0.56667,1.08417,0.03333,0.37294,0.13345,0.58723,1.00000,0.31868,0.00000,0.04239,0.05234,0.42294,0.87100
combined,0.2,uncertainty_query_policy,0,120,0.50000,0.78561,0.04167,0.28789,0.31744,0.61005,0.55000,0.17685,0.10000,0.13728,0.19248,0.56297,0.72266
combined,0.2,uncertainty_query_policy,1,120,0.43333,0.64011,0.05000,0.28377,0.41521,0.60708,0.52500,0.16391,0.06667,0.18734,0.23320,0.56500,0.62929
combined,0.2,uncertainty_query_policy,2,120,0.42500,0.62616,0.02500,0.26013,0.39663,0.60784,0.50000,0.15004,0.09167,0.16183,0.20931,0.58025,0.62537
combined,0.2,uncertainty_query_policy,3,120,0.48333,0.76170,0.08333,0.28275,0.35379,0.59191,0.60000,0.18677,0.06667,0.16207,0.20978,0.56420,0.68566
combined,0.2,uncertainty_query_policy,4,120,0.37500,0.55787,0.05833,0.28576,0.35523,0.59233,0.58333,0.18134,0.08333,0.16527,0.18986,0.56990,0.54140
combined,0.2,uncertainty_query_policy,5,120,0.49167,0.77703,0.03333,0.28757,0.33862,0.59538,0.55833,0.17871,0.09167,0.15237,0.19517,0.56033,0.71699
combined,0.2,uncertainty_query_policy,6,120,0.50833,0.78935,0.06667,0.28615,0.35590,0.61306,0.55833,0.17276,0.05000,0.15536,0.20278,0.55829,0.73316
combined,0.2,uncertainty_query_policy,7,120,0.46667,0.71380,0.05000,0.27805,0.37601,0.60569,0.60833,0.18445,0.11667,0.16167,0.21179,0.57005,0.66398
combined,0.2,uncertainty_query_policy,8,120,0.39167,0.61913,0.06667,0.27524,0.35546,0.59711,0.58333,0.17551,0.06667,0.16757,0.22050,0.56714,0.57263
combined,0.2,uncertainty_query_policy,9,120,0.44167,0.72633,0.02500,0.28222,0.34845,0.58261,0.48333,0.15831,0.07500,0.15187,0.19035,0.55538,0.66384
combined,0.4,active_entropy_query_policy,0,120,0.45833,0.70979,0.02500,0.34349,0.28810,0.58688,0.78333,0.24451,0.09167,0.17717,0.17208,0.55839,0.66903
combined,0.4,active_entropy_query_policy,1,120,0.40000,0.65309,0.04167,0.32448,0.29181,0.57558,0.75833,0.23050,0.06667,0.18001,0.17580,0.56911,0.59626
combined,0.4,active_entropy_query_policy,2,120,0.42500,0.66991,0.07500,0.34250,0.29816,0.59053,0.75833,0.23966,0.06667,0.17148,0.16954,0.55334,0.60837
combined,0.4,active_entropy_query_policy,3,120,0.46667,0.70165,0.00833,0.34153,0.30277,0.58390,0.77500,0.24072,0.05000,0.18432,0.18239,0.56459,0.69600
combined,0.4,active_entropy_query_policy,4,120,0.47500,0.71806,0.05000,0.32942,0.30274,0.57490,0.77500,0.23872,0.07500,0.18688,0.16872,0.57484,0.67871
combined,0.4,active_entropy_query_policy,5,120,0.51667,0.78320,0.05000,0.36056,0.27461,0.56954,0.75833,0.25009,0.10000,0.17353,0.17013,0.55168,0.72534
combined,0.4,active_entropy_query_policy,6,120,0.48333,0.79324,0.07500,0.31789,0.30148,0.59058,0.80833,0.23777,0.12500,0.18186,0.17690,0.57398,0.67862
combined,0.4,active_entropy_query_policy,7,120,0.38333,0.61862,0.07500,0.35302,0.28430,0.57387,0.75000,0.24802,0.09167,0.17644,0.16093,0.55513,0.54596
combined,0.4,active_entropy_query_policy,8,120,0.50833,0.77612,0.05833,0.34078,0.30728,0.57970,0.75000,0.24251,0.07500,0.19187,0.17761,0.56550,0.72047
combined,0.4,active_entropy_query_policy,9,120,0.53333,0.88186,0.04167,0.32318,0.30387,0.58401,0.79167,0.23760,0.06667,0.19797,0.18653,0.57006,0.78074
combined,0.4,full_demo_imitation,0,120,0.39167,0.46627,0.07500,0.49180,0.51979,0.59224,1.00000,0.74475,0.09167,0.16148,0.23758,0.35574,0.49084
combined,0.4,full_demo_imitation,1,120,0.40000,0.49585,0.08333,0.45428,0.49142,0.57449,1.00000,0.72074,0.14167,0.15996,0.23767,0.38216,0.48745
combined,0.4,full_demo_imitation,2,120,0.39167,0.45973,0.10000,0.52841,0.50429,0.61506,1.00000,0.76818,0.14167,0.15665,0.21593,0.30813,0.46194
combined,0.4,full_demo_imitation,3,120,0.39167,0.44075,0.08333,0.49563,0.56893,0.61325,1.00000,0.74720,0.20833,0.16908,0.24793,0.35663,0.45090
combined,0.4,full_demo_imitation,4,120,0.44167,0.54122,0.10000,0.46133,0.55829,0.59053,1.00000,0.72525,0.10000,0.16524,0.24060,0.38289,0.54401
combined,0.4,full_demo_imitation,5,120,0.41667,0.47715,0.09167,0.50933,0.49295,0.58922,1.00000,0.75597,0.07500,0.15667,0.22275,0.35984,0.51354
combined,0.4,full_demo_imitation,6,120,0.35833,0.40307,0.13333,0.47889,0.51066,0.60068,1.00000,0.73649,0.10833,0.15417,0.23793,0.35614,0.41010
combined,0.4,full_demo_imitation,7,120,0.43333,0.49633,0.12500,0.52801,0.52067,0.59679,1.00000,0.76793,0.18333,0.15889,0.22616,0.33255,0.48585
combined,0.4,full_demo_imitation,8,120,0.40000,0.47826,0.08333,0.50828,0.54692,0.58422,1.00000,0.75530,0.11667,0.17055,0.24138,0.33783,0.48807
combined,0.4,full_demo_imitation,9,120,0.37500,0.42976,0.05000,0.47810,0.54815,0.61679,1.00000,0.73599,0.10833,0.18310,0.26099,0.35748,0.47815
combined,0.4,minimum_intervention_boundary_learner_v5,0,120,0.56667,0.88765,0.04167,0.40414,0.19387,0.59394,1.00000,0.33865,0.00000,0.10467,0.09849,0.47987,0.82625
combined,0.4,minimum_intervention_boundary_learner_v5,1,120,0.45833,0.73733,0.02500,0.39084,0.20924,0.58406,1.00000,0.33014,0.00000,0.10983,0.10201,0.48184,0.69271
combined,0.4,minimum_intervention_boundary_learner_v5,2,120,0.57500,0.95327,0.04167,0.39716,0.19023,0.59564,1.00000,0.33418,0.00000,0.11013,0.09709,0.47622,0.84926
combined,0.4,minimum_intervention_boundary_learner_v5,3,120,0.55833,0.90558,0.05000,0.40795,0.18689,0.59138,1.00000,0.34109,0.00000,0.10566,0.09615,0.47714,0.81695
combined,0.4,minimum_intervention_boundary_learner_v5,4,120,0.49167,0.80721,0.05833,0.39767,0.19205,0.57865,1.00000,0.33451,0.00000,0.10791,0.08834,0.47809,0.72300
combined,0.4,minimum_intervention_boundary_learner_v5,5,120,0.51667,0.79797,0.04167,0.41742,0.18925,0.57699,1.00000,0.34715,0.00000,0.10908,0.10105,0.47621,0.75375
combined,0.4,minimum_intervention_boundary_learner_v5,6,120,0.51667,0.86931,0.02500,0.38067,0.20961,0.59771,1.00000,0.32363,0.00000,0.10897,0.10263,0.48721,0.78241
combined,0.4,minimum_intervention_boundary_learner_v5,7,120,0.53333,0.84527,0.03333,0.41562,0.18915,0.58094,1.00000,0.34600,0.00000,0.10511,0.08432,0.46980,0.78540
combined,0.4,minimum_intervention_boundary_learner_v5,8,120,0.52500,0.82567,0.07500,0.40138,0.19898,0.58665,1.00000,0.33688,0.00000,0.12237,0.09603,0.48137,0.75282
combined,0.4,minimum_intervention_boundary_learner_v5,9,120,0.48333,0.82101,0.05833,0.38015,0.20428,0.59306,1.00000,0.32330,0.00000,0.12658,0.11126,0.49548,0.72095
combined,0.4,oracle_minimal_correction,0,120,0.64167,1.00963,0.02500,0.41109,0.13306,0.59180,1.00000,0.34310,0.00000,0.34742,0.03164,0.47336,0.93595
combined,0.4,oracle_minimal_correction,1,120,0.60833,1.01930,0.06667,0.39920,0.14319,0.58057,1.00000,0.33549,0.00000,0.35064,0.03236,0.47251,0.88192
combined,0.4,oracle_minimal_correction,2,120,0.62500,1.01435,0.02500,0.40618,0.13151,0.59281,1.00000,0.33996,0.00000,0.34759,0.03055,0.47057,0.92045
combined,0.4,oracle_minimal_correction,3,120,0.63333,1.00844,0.05000,0.41585,0.14217,0.58973,1.00000,0.34614,0.00000,0.34838,0.03128,0.46918,0.91374
combined,0.4,oracle_minimal_correction,4,120,0.62500,1.02043,0.05000,0.39901,0.16001,0.57668,1.00000,0.33537,0.00000,0.36278,0.03174,0.47715,0.90723
combined,0.4,oracle_minimal_correction,5,120,0.64167,0.99586,0.03333,0.42538,0.12596,0.57510,1.00000,0.35224,0.00000,0.34915,0.03180,0.46805,0.92574
combined,0.4,oracle_minimal_correction,6,120,0.59167,0.99731,0.02500,0.39354,0.13450,0.59427,1.00000,0.33187,0.00000,0.34390,0.03227,0.47309,0.88405
combined,0.4,oracle_minimal_correction,7,120,0.56667,0.89974,0.03333,0.41192,0.15362,0.58016,1.00000,0.34363,0.00000,0.36311,0.03126,0.47727,0.83110
combined,0.4,oracle_minimal_correction,8,120,0.60833,0.94196,0.04167,0.40811,0.15671,0.58478,1.00000,0.34119,0.00000,0.36391,0.03103,0.48006,0.87857
combined,0.4,oracle_minimal_correction,9,120,0.60833,0.98232,0.06667,0.40316,0.13898,0.59036,1.00000,0.33802,0.00833,0.35289,0.03152,0.47458,0.87271
combined,0.4,residual_correction_learner,0,120,0.45833,0.63210,0.04167,0.34298,0.49813,0.56528,1.00000,0.29951,0.09167,0.18808,0.25226,0.54447,0.63729
combined,0.4,residual_correction_learner,1,120,0.33333,0.46010,0.05833,0.31638,0.49260,0.56443,1.00000,0.28248,0.10833,0.19748,0.26167,0.56440,0.46277
combined,0.4,residual_correction_learner,2,120,0.43333,0.54180,0.05000,0.35565,0.47907,0.58949,1.00000,0.30762,0.09167,0.17471,0.22556,0.51972,0.58964
combined,0.4,residual_correction_learner,3,120,0.34167,0.37112,0.04167,0.33136,0.54953,0.56980,1.00000,0.29207,0.08333,0.20229,0.26953,0.55991,0.46724
combined,0.4,residual_correction_learner,4,120,0.45833,0.60194,0.09167,0.33353,0.54352,0.56793,1.00000,0.29346,0.09167,0.20072,0.25267,0.54762,0.60543
combined,0.4,residual_correction_learner,5,120,0.34167,0.46000,0.05000,0.35673,0.49931,0.57077,1.00000,0.30830,0.13333,0.19176,0.25433,0.55083,0.46740
combined,0.4,residual_correction_learner,6,120,0.34167,0.41650,0.05833,0.30955,0.52244,0.58623,1.00000,0.27811,0.12500,0.19926,0.26495,0.57446,0.46038
combined,0.4,residual_correction_learner,7,120,0.41667,0.57082,0.04167,0.36841,0.47250,0.56926,1.00000,0.31579,0.10833,0.18085,0.23150,0.51545,0.57581
combined,0.4,residual_correction_learner,8,120,0.40833,0.55897,0.05000,0.35213,0.49066,0.56290,1.00000,0.30537,0.11667,0.18928,0.24078,0.52978,0.55856
combined,0.4,residual_correction_learner,9,120,0.33333,0.45946,0.06667,0.30257,0.54973,0.57182,1.00000,0.27365,0.14167,0.22501,0.28244,0.57642,0.45092
combined,0.4,robust_mpc_correction,0,120,0.61667,1.03581,0.04167,0.44642,0.11978,0.56731,1.00000,0.36571,0.01667,0.03863,0.05815,0.42534,0.89677
combined,0.4,robust_mpc_correction,1,120,0.47500,0.80411,0.03333,0.43247,0.13050,0.55633,1.00000,0.35678,0.00000,0.04101,0.05907,0.42755,0.71221
combined,0.4,robust_mpc_correction,2,120,0.55833,0.93330,0.05833,0.43924,0.12105,0.56980,1.00000,0.36112,0.01667,0.04019,0.05678,0.42542,0.80775
combined,0.4,robust_mpc_correction,3,120,0.62500,1.06166,0.03333,0.45445,0.13722,0.56495,1.00000,0.37085,0.00000,0.03953,0.05664,0.42049,0.91901
combined,0.4,robust_mpc_correction,4,120,0.60833,1.03886,0.02500,0.44395,0.12357,0.55228,1.00000,0.36413,0.02500,0.03780,0.04934,0.41572,0.89308
combined,0.4,robust_mpc_correction,5,120,0.63333,1.00163,0.04167,0.45797,0.12610,0.55126,1.00000,0.37310,0.01667,0.04522,0.06184,0.42794,0.90363
combined,0.4,robust_mpc_correction,6,120,0.60000,1.03054,0.02500,0.42442,0.14300,0.56590,1.00000,0.35163,0.00833,0.04187,0.06324,0.42631,0.89044
combined,0.4,robust_mpc_correction,7,120,0.55833,0.91420,0.03333,0.44904,0.12133,0.55467,1.00000,0.36739,0.00833,0.04709,0.05289,0.42685,0.81671
combined,0.4,robust_mpc_correction,8,120,0.60000,1.04119,0.02500,0.44758,0.12878,0.55997,1.00000,0.36645,0.00000,0.04779,0.05266,0.42758,0.89375
combined,0.4,robust_mpc_correction,9,120,0.57500,0.96483,0.04167,0.43386,0.11788,0.56561,1.00000,0.35767,0.00000,0.04567,0.05584,0.43159,0.84461
combined,0.4,uncertainty_query_policy,0,120,0.47500,0.64054,0.05833,0.43341,0.37981,0.58385,1.00000,0.35738,0.18333,0.16408,0.19424,0.42030,0.61509
combined,0.4,uncertainty_query_policy,1,120,0.48333,0.65090,0.05833,0.40435,0.34896,0.56220,1.00000,0.33878,0.09167,0.16554,0.19399,0.44325,0.65053
combined,0.4,uncertainty_query_policy,2,120,0.45833,0.59456,0.04167,0.44493,0.36364,0.60036,1.00000,0.36475,0.10833,0.15630,0.18073,0.39773,0.61865
combined,0.4,uncertainty_query_policy,3,120,0.43333,0.57544,0.09167,0.42946,0.43826,0.58962,1.00000,0.35485,0.11667,0.18337,0.21371,0.42951,0.56175
combined,0.4,uncertainty_query_policy,4,120,0.41667,0.59268,0.08333,0.40578,0.38522,0.57366,1.00000,0.33970,0.10000,0.17486,0.19805,0.45039,0.55753
combined,0.4,uncertainty_query_policy,5,120,0.46667,0.64339,0.02500,0.44237,0.35251,0.57500,1.00000,0.36311,0.09167,0.16204,0.19136,0.43930,0.64992
combined,0.4,uncertainty_query_policy,6,120,0.50833,0.67357,0.06667,0.40800,0.36344,0.58256,1.00000,0.34112,0.10833,0.16540,0.19767,0.43521,0.67366
combined,0.4,uncertainty_query_policy,7,120,0.48333,0.61962,0.07500,0.45423,0.36098,0.58460,1.00000,0.37071,0.15000,0.15698,0.18062,0.40675,0.61830
combined,0.4,uncertainty_query_policy,8,120,0.42500,0.59778,0.08333,0.44517,0.39240,0.56991,1.00000,0.36491,0.09167,0.17201,0.19707,0.40638,0.56550
combined,0.4,uncertainty_query_policy,9,120,0.44167,0.58417,0.03333,0.40615,0.38421,0.60183,1.00000,0.33994,0.07500,0.18885,0.21493,0.45041,0.61731
combined,0.6,active_entropy_query_policy,0,120,0.41667,0.59595,0.02500,0.37069,0.30092,0.50687,1.00000,0.31724,0.07500,0.20484,0.18005,0.54998,0.59289
combined,0.6,active_entropy_query_policy,1,120,0.33333,0.45790,0.05000,0.39648,0.32643,0.53760,1.00000,0.33375,0.07500,0.22791,0.21281,0.57699,0.47079
combined,0.6,active_entropy_query_policy,2,120,0.40833,0.57946,0.09167,0.42121,0.28227,0.52908,1.00000,0.34957,0.12500,0.19009,0.18348,0.53544,0.53297
combined,0.6,active_entropy_query_policy,3,120,0.45833,0.61214,0.00833,0.36961,0.32796,0.51778,1.00000,0.31655,0.07500,0.22861,0.20637,0.58040,0.64976
combined,0.6,active_entropy_query_policy,4,120,0.47500,0.65265,0.05000,0.41625,0.29666,0.52158,1.00000,0.34640,0.09167,0.20632,0.18518,0.54483,0.64638
combined,0.6,active_entropy_query_policy,5,120,0.41667,0.60557,0.05833,0.37029,0.33745,0.52856,1.00000,0.31699,0.10833,0.23348,0.21200,0.57987,0.57267
combined,0.6,active_entropy_query_policy,6,120,0.39167,0.55554,0.08333,0.37830,0.32666,0.53052,1.00000,0.32211,0.12500,0.22159,0.19289,0.57691,0.51887
combined,0.6,active_entropy_query_policy,7,120,0.40000,0.57010,0.07500,0.39854,0.31120,0.51860,1.00000,0.33506,0.10000,0.21487,0.20596,0.55918,0.53872
combined,0.6,active_entropy_query_policy,8,120,0.48333,0.70692,0.05833,0.38983,0.30449,0.53476,1.00000,0.32949,0.10000,0.21452,0.19731,0.56240,0.66333
combined,0.6,active_entropy_query_policy,9,120,0.44167,0.60468,0.04167,0.40614,0.30357,0.50793,1.00000,0.33993,0.09167,0.20900,0.19062,0.54479,0.60534
combined,0.6,full_demo_imitation,0,120,0.31667,0.31922,0.07500,0.57005,0.73955,0.56940,1.00000,0.79483,0.13333,0.20831,0.29499,0.33460,0.36555
combined,0.6,full_demo_imitation,1,120,0.31667,0.29915,0.10833,0.56816,0.58874,0.53640,1.00000,0.79362,0.18333,0.21093,0.30876,0.39248,0.32846
combined,0.6,full_demo_imitation,2,120,0.32500,0.33525,0.08333,0.62098,0.62151,0.58263,1.00000,0.82743,0.14167,0.19224,0.29128,0.31699,0.37011
combined,0.6,full_demo_imitation,3,120,0.29167,0.26023,0.08333,0.57236,0.63860,0.54051,1.00000,0.79631,0.20000,0.21453,0.31103,0.33875,0.30095
combined,0.6,full_demo_imitation,4,120,0.36667,0.34250,0.08333,0.62614,0.60399,0.56213,1.00000,0.83073,0.09167,0.19008,0.27672,0.32426,0.42492
combined,0.6,full_demo_imitation,5,120,0.29167,0.29614,0.09167,0.56218,0.66689,0.54848,1.00000,0.78980,0.10000,0.21847,0.31294,0.36508,0.33517
combined,0.6,full_demo_imitation,6,120,0.30833,0.31589,0.13333,0.56816,0.61375,0.56360,1.00000,0.79362,0.14167,0.20948,0.29068,0.35210,0.32399
combined,0.6,full_demo_imitation,7,120,0.30000,0.29851,0.10833,0.57883,0.66056,0.55641,1.00000,0.80045,0.18333,0.21802,0.32189,0.36312,0.31248
combined,0.6,full_demo_imitation,8,120,0.35000,0.33266,0.07500,0.60259,0.59399,0.57529,1.00000,0.81565,0.19167,0.19536,0.28503,0.32911,0.38506
combined,0.6,full_demo_imitation,9,120,0.35000,0.35600,0.08333,0.60575,0.60595,0.54227,1.00000,0.81768,0.16667,0.19677,0.28092,0.34533,0.38929
combined,0.6,minimum_intervention_boundary_learner_v5,0,120,0.54167,0.81377,0.03333,0.42174,0.19840,0.50867,1.00000,0.34991,0.00000,0.09599,0.11015,0.48698,0.77809
combined,0.6,minimum_intervention_boundary_learner_v5,1,120,0.40000,0.55525,0.03333,0.44974,0.22857,0.54047,1.00000,0.36783,0.00833,0.12569,0.13942,0.51953,0.58217
combined,0.6,minimum_intervention_boundary_learner_v5,2,120,0.57500,0.87261,0.05000,0.46156,0.18384,0.53421,1.00000,0.37540,0.00000,0.09887,0.12002,0.48623,0.81784
combined,0.6,minimum_intervention_boundary_learner_v5,3,120,0.48333,0.71590,0.06667,0.41714,0.23665,0.51575,1.00000,0.34697,0.00833,0.12772,0.14155,0.52096,0.68131
combined,0.6,minimum_intervention_boundary_learner_v5,4,120,0.46667,0.68119,0.05833,0.44957,0.22561,0.52653,1.00000,0.36772,0.00833,0.12632,0.13168,0.50722,0.66112
combined,0.6,minimum_intervention_boundary_learner_v5,5,120,0.43333,0.60580,0.05000,0.42790,0.22488,0.53242,1.00000,0.35386,0.00000,0.12073,0.13612,0.51418,0.61961
combined,0.6,minimum_intervention_boundary_learner_v5,6,120,0.44167,0.64658,0.04167,0.43083,0.22688,0.52810,1.00000,0.35573,0.00833,0.11410,0.12016,0.51314,0.63822
combined,0.6,minimum_intervention_boundary_learner_v5,7,120,0.49167,0.72657,0.03333,0.46038,0.19591,0.51454,1.00000,0.37464,0.00000,0.10820,0.12312,0.48967,0.70869
combined,0.6,minimum_intervention_boundary_learner_v5,8,120,0.46667,0.67459,0.05833,0.43343,0.22598,0.53389,1.00000,0.35739,0.00000,0.12432,0.13567,0.51361,0.66375
combined,0.6,minimum_intervention_boundary_learner_v5,9,120,0.45833,0.66986,0.05000,0.44309,0.21809,0.51076,1.00000,0.36358,0.02500,0.11989,0.13011,0.50254,0.64787
combined,0.6,oracle_minimal_correction,0,120,0.60000,0.91910,0.02500,0.43898,0.13520,0.51373,1.00000,0.36095,0.00000,0.36977,0.03398,0.47075,0.86328
combined,0.6,oracle_minimal_correction,1,120,0.62500,0.89977,0.06667,0.49486,0.13332,0.54473,1.00000,0.39671,0.00000,0.36246,0.03474,0.47425,0.86496
combined,0.6,oracle_minimal_correction,2,120,0.64167,0.92806,0.04167,0.48403,0.10881,0.54061,1.00000,0.38978,0.00000,0.35190,0.03339,0.46653,0.90024
combined,0.6,oracle_minimal_correction,3,120,0.62500,0.92141,0.05833,0.46387,0.13009,0.51893,1.00000,0.37688,0.00000,0.36819,0.03483,0.47411,0.87158
combined,0.6,oracle_minimal_correction,4,120,0.60833,0.89260,0.06667,0.48228,0.14013,0.53047,1.00000,0.38866,0.00000,0.37284,0.03364,0.47610,0.84531
combined,0.6,oracle_minimal_correction,5,120,0.63333,0.92378,0.03333,0.46874,0.12912,0.53698,1.00000,0.37999,0.00000,0.36644,0.03344,0.47190,0.89553
combined,0.6,oracle_minimal_correction,6,120,0.57500,0.81531,0.02500,0.45848,0.14696,0.53038,1.00000,0.37343,0.00833,0.37704,0.03434,0.47941,0.81515
combined,0.6,oracle_minimal_correction,7,120,0.60000,0.87518,0.02500,0.48481,0.11013,0.51691,1.00000,0.39028,0.00000,0.35633,0.03484,0.46707,0.85253
combined,0.6,oracle_minimal_correction,8,120,0.59167,0.88459,0.04167,0.47066,0.12281,0.53720,1.00000,0.38122,0.00000,0.36513,0.03364,0.47397,0.84099
combined,0.6,oracle_minimal_correction,9,120,0.59167,0.84512,0.07500,0.47495,0.12745,0.51427,1.00000,0.38397,0.00000,0.37187,0.03383,0.46968,0.81165
combined,0.6,residual_correction_learner,0,120,0.40000,0.48021,0.07500,0.36005,0.60347,0.51907,1.00000,0.31043,0.09167,0.23086,0.28715,0.54767,0.52187
combined,0.6,residual_correction_learner,1,120,0.28333,0.30799,0.03333,0.35313,0.60099,0.52523,1.00000,0.30600,0.10000,0.25921,0.33016,0.61246,0.39089
combined,0.6,residual_correction_learner,2,120,0.38333,0.47023,0.04167,0.39618,0.56306,0.54241,1.00000,0.33355,0.15000,0.22940,0.30328,0.54892,0.50607
combined,0.6,residual_correction_learner,3,120,0.29167,0.34282,0.01667,0.34358,0.56762,0.52355,1.00000,0.29989,0.14167,0.24771,0.31104,0.59800,0.40322
combined,0.6,residual_correction_learner,4,120,0.36667,0.44866,0.08333,0.39985,0.53802,0.52813,1.00000,0.33591,0.09167,0.22101,0.28233,0.55518,0.47767
combined,0.6,residual_correction_learner,5,120,0.19167,0.24371,0.05833,0.33937,0.63237,0.52297,1.00000,0.29720,0.13333,0.26518,0.32167,0.60465,0.26246
combined,0.6,residual_correction_learner,6,120,0.30000,0.35704,0.05000,0.34670,0.56563,0.53315,1.00000,0.30189,0.17500,0.24705,0.29304,0.59822,0.38918
combined,0.6,residual_correction_learner,7,120,0.29167,0.36160,0.05833,0.34801,0.65023,0.54185,1.00000,0.30273,0.15000,0.25900,0.33440,0.59973,0.38569
combined,0.6,residual_correction_learner,8,120,0.37500,0.48389,0.03333,0.38070,0.55424,0.53913,1.00000,0.32365,0.15000,0.22946,0.28994,0.55787,0.50554
combined,0.6,residual_correction_learner,9,120,0.35000,0.40266,0.08333,0.37026,0.56059,0.51698,1.00000,0.31697,0.18333,0.23830,0.29574,0.57642,0.42568
combined,0.6,robust_mpc_correction,0,120,0.60000,0.96372,0.05000,0.47345,0.11455,0.49068,1.00000,0.38301,0.00833,0.04825,0.05710,0.42802,0.85164
combined,0.6,robust_mpc_correction,1,120,0.45833,0.65982,0.02500,0.52361,0.13629,0.52337,1.00000,0.41511,0.01667,0.05775,0.07104,0.44226,0.65730
combined,0.6,robust_mpc_correction,2,120,0.54167,0.78057,0.06667,0.52033,0.10342,0.51669,1.00000,0.41301,0.00000,0.03839,0.06286,0.42392,0.74851
combined,0.6,robust_mpc_correction,3,120,0.52500,0.79717,0.05000,0.48486,0.13832,0.49410,1.00000,0.39031,0.01667,0.06574,0.07714,0.44528,0.73864
combined,0.6,robust_mpc_correction,4,120,0.56667,0.84423,0.03333,0.51345,0.13405,0.50842,1.00000,0.40861,0.00833,0.06077,0.06838,0.44057,0.80247
combined,0.6,robust_mpc_correction,5,120,0.60000,0.89733,0.06667,0.50080,0.11264,0.51369,1.00000,0.40051,0.00833,0.04865,0.06315,0.43549,0.83094
combined,0.6,robust_mpc_correction,6,120,0.60833,0.91417,0.02500,0.50139,0.12785,0.50910,1.00000,0.40089,0.00833,0.05085,0.05947,0.43299,0.86391
combined,0.6,robust_mpc_correction,7,120,0.54167,0.84151,0.03333,0.51834,0.11739,0.49914,1.00000,0.41174,0.04167,0.04535,0.06657,0.42820,0.76557
combined,0.6,robust_mpc_correction,8,120,0.52500,0.80796,0.04167,0.49973,0.13171,0.51636,1.00000,0.39983,0.03333,0.05945,0.07144,0.44279,0.74302
combined,0.6,robust_mpc_correction,9,120,0.51667,0.77499,0.05000,0.50418,0.12383,0.49308,1.00000,0.40267,0.03333,0.05669,0.06768,0.43639,0.71963
combined,0.6,uncertainty_query_policy,0,120,0.35833,0.41110,0.08333,0.48073,0.51675,0.54973,1.00000,0.38766,0.22500,0.21709,0.24139,0.39948,0.41644
combined,0.6,uncertainty_query_policy,1,120,0.41667,0.44384,0.05000,0.48748,0.44080,0.52940,1.00000,0.39199,0.09167,0.23056,0.26231,0.46701,0.53718
combined,0.6,uncertainty_query_policy,2,120,0.40000,0.41291,0.03333,0.52460,0.42792,0.56120,1.00000,0.41574,0.16667,0.19525,0.23225,0.40386,0.50128
combined,0.6,uncertainty_query_policy,3,120,0.39167,0.41351,0.13333,0.46813,0.44722,0.52768,1.00000,0.37960,0.15833,0.23044,0.25547,0.44731,0.44285
combined,0.6,uncertainty_query_policy,4,120,0.32500,0.39525,0.06667,0.52562,0.41550,0.54544,1.00000,0.41640,0.12500,0.19919,0.22956,0.40809,0.41486
combined,0.6,uncertainty_query_policy,5,120,0.44167,0.49359,0.04167,0.46317,0.47572,0.53476,1.00000,0.37643,0.10833,0.24313,0.26618,0.46228,0.57395
combined,0.6,uncertainty_query_policy,6,120,0.40833,0.47027,0.08333,0.47374,0.43070,0.54741,1.00000,0.38320,0.12500,0.21761,0.23643,0.45569,0.51016
combined,0.6,uncertainty_query_policy,7,120,0.36667,0.40993,0.07500,0.49223,0.46982,0.53297,1.00000,0.39503,0.22500,0.23078,0.26824,0.43396,0.42806
combined,0.6,uncertainty_query_policy,8,120,0.34167,0.41621,0.08333,0.50707,0.42359,0.56047,1.00000,0.40452,0.11667,0.20746,0.24156,0.41556,0.43267
combined,0.6,uncertainty_query_policy,9,120,0.39167,0.46439,0.05833,0.51240,0.42332,0.52286,1.00000,0.40793,0.10833,0.20063,0.23123,0.42196,0.50388
combined,0.8,active_entropy_query_policy,0,120,0.35833,0.47640,0.02500,0.40896,0.35213,0.47880,1.00000,0.34174,0.12500,0.25155,0.24299,0.59405,0.49171
combined,0.8,active_entropy_query_policy,1,120,0.30000,0.39631,0.05000,0.39492,0.34520,0.44735,1.00000,0.33275,0.07500,0.25314,0.25317,0.58680,0.41271
combined,0.8,active_entropy_query_policy,2,120,0.37500,0.51004,0.10000,0.41717,0.34113,0.49928,1.00000,0.34699,0.10833,0.23611,0.23458,0.57962,0.48315
combined,0.8,active_entropy_query_policy,3,120,0.40833,0.52478,0.01667,0.42376,0.32610,0.48772,1.00000,0.35121,0.09167,0.23734,0.23953,0.57703,0.56590
combined,0.8,active_entropy_query_policy,4,120,0.39167,0.52120,0.05000,0.39302,0.34988,0.48464,1.00000,0.33153,0.10000,0.25540,0.24074,0.60286,0.53056
combined,0.8,active_entropy_query_policy,5,120,0.40000,0.53680,0.05833,0.37489,0.37672,0.47013,1.00000,0.31993,0.10833,0.26958,0.27389,0.61867,0.53508
combined,0.8,active_entropy_query_policy,6,120,0.38333,0.51074,0.08333,0.40635,0.32711,0.46736,1.00000,0.34006,0.18333,0.24468,0.23970,0.58669,0.47582
combined,0.8,active_entropy_query_policy,7,120,0.30833,0.39710,0.08333,0.42548,0.33904,0.46978,1.00000,0.35231,0.10833,0.24600,0.23555,0.58380,0.39644
combined,0.8,active_entropy_query_policy,8,120,0.41667,0.53927,0.06667,0.41386,0.33691,0.49067,1.00000,0.34487,0.10833,0.24214,0.24764,0.58778,0.54796
combined,0.8,active_entropy_query_policy,9,120,0.32500,0.39804,0.04167,0.40895,0.35314,0.45755,1.00000,0.34173,0.11667,0.27610,0.25470,0.59978,0.43233
combined,0.8,full_demo_imitation,0,120,0.24167,0.21125,0.09167,0.66121,0.68532,0.51972,1.00000,0.85318,0.12500,0.23184,0.35218,0.33867,0.25158
combined,0.8,full_demo_imitation,1,120,0.25000,0.21114,0.12500,0.62341,0.70102,0.50763,1.00000,0.82898,0.22500,0.23276,0.36681,0.36156,0.21522
combined,0.8,full_demo_imitation,2,120,0.21667,0.18322,0.10833,0.69657,0.74023,0.55401,1.00000,0.87581,0.20833,0.24342,0.36403,0.33230,0.19153
combined,0.8,full_demo_imitation,3,120,0.27500,0.20562,0.10000,0.65338,0.70181,0.53316,1.00000,0.84816,0.25000,0.24702,0.38198,0.35524,0.24714
combined,0.8,full_demo_imitation,4,120,0.26667,0.21789,0.12500,0.63120,0.70196,0.53854,1.00000,0.83397,0.12500,0.23368,0.35463,0.38138,0.26615
combined,0.8,full_demo_imitation,5,120,0.20833,0.17714,0.09167,0.58725,0.72238,0.51553,1.00000,0.80584,0.10833,0.25081,0.39975,0.39962,0.22004
combined,0.8,full_demo_imitation,6,120,0.25833,0.22368,0.12500,0.64852,0.73315,0.50818,1.00000,0.84505,0.15000,0.24449,0.35805,0.34651,0.24590
combined,0.8,full_demo_imitation,7,120,0.27500,0.23266,0.07500,0.66192,0.75394,0.53123,1.00000,0.85363,0.19167,0.24569,0.36835,0.34992,0.28166
combined,0.8,full_demo_imitation,8,120,0.32500,0.28817,0.10833,0.68401,0.64982,0.54158,1.00000,0.86777,0.15833,0.22204,0.34305,0.33154,0.33566
combined,0.8,full_demo_imitation,9,120,0.25000,0.22035,0.09167,0.63820,0.70865,0.50795,1.00000,0.83845,0.20000,0.24810,0.35377,0.38790,0.24251
combined,0.8,minimum_intervention_boundary_learner_v5,0,120,0.52500,0.68074,0.04167,0.47719,0.23811,0.47656,1.00000,0.38540,0.00000,0.14060,0.16228,0.52459,0.72393
combined,0.8,minimum_intervention_boundary_learner_v5,1,120,0.35000,0.48436,0.05000,0.46694,0.22164,0.44773,1.00000,0.37884,0.03333,0.13392,0.16385,0.51551,0.48816
combined,0.8,minimum_intervention_boundary_learner_v5,2,120,0.49167,0.67878,0.04167,0.48608,0.21808,0.50013,1.00000,0.39109,0.00833,0.13171,0.15104,0.51232,0.69003
combined,0.8,minimum_intervention_boundary_learner_v5,3,120,0.50000,0.65965,0.05000,0.49217,0.21541,0.48899,1.00000,0.39499,0.01667,0.12844,0.15163,0.50796,0.68565
combined,0.8,minimum_intervention_boundary_learner_v5,4,120,0.41667,0.55314,0.07500,0.46588,0.23978,0.48663,1.00000,0.37816,0.03333,0.13562,0.15710,0.52770,0.56265
combined,0.8,minimum_intervention_boundary_learner_v5,5,120,0.45000,0.60291,0.05000,0.46042,0.23908,0.46659,1.00000,0.37467,0.02500,0.13479,0.16741,0.53029,0.61995
combined,0.8,minimum_intervention_boundary_learner_v5,6,120,0.41667,0.56452,0.05000,0.47803,0.20674,0.46607,1.00000,0.38594,0.01667,0.12330,0.14674,0.51357,0.57909
combined,0.8,minimum_intervention_boundary_learner_v5,7,120,0.48333,0.63367,0.03333,0.49694,0.21588,0.47348,1.00000,0.39804,0.03333,0.13090,0.14422,0.50951,0.66519
combined,0.8,minimum_intervention_boundary_learner_v5,8,120,0.48333,0.65544,0.07500,0.47558,0.23413,0.48634,1.00000,0.38437,0.00000,0.13624,0.16583,0.52756,0.66084
combined,0.8,minimum_intervention_boundary_learner_v5,9,120,0.40833,0.53332,0.05000,0.48308,0.23471,0.45670,1.00000,0.38917,0.02500,0.13895,0.17032,0.52855,0.56095
combined,0.8,oracle_minimal_correction,0,120,0.58333,0.76677,0.02500,0.53719,0.10627,0.48602,1.00000,0.42380,0.01667,0.36797,0.03748,0.46730,0.80183
combined,0.8,oracle_minimal_correction,1,120,0.57500,0.80942,0.07500,0.52264,0.10091,0.45755,1.00000,0.41449,0.01667,0.36442,0.03894,0.46392,0.77343
combined,0.8,oracle_minimal_correction,2,120,0.63333,0.84924,0.03333,0.53483,0.10997,0.50973,1.00000,0.42229,0.00833,0.36544,0.03595,0.46816,0.87117
combined,0.8,oracle_minimal_correction,3,120,0.60000,0.77992,0.04167,0.53635,0.10270,0.49800,1.00000,0.42326,0.00000,0.36473,0.03679,0.46775,0.81900
combined,0.8,oracle_minimal_correction,4,120,0.60000,0.79030,0.06667,0.51938,0.13000,0.49788,1.00000,0.41240,0.01667,0.37830,0.03730,0.47526,0.80446
combined,0.8,oracle_minimal_correction,5,120,0.59167,0.83463,0.03333,0.51863,0.11027,0.47644,1.00000,0.41193,0.02500,0.36282,0.03991,0.46968,0.81784
combined,0.8,oracle_minimal_correction,6,120,0.53333,0.69573,0.02500,0.52405,0.12742,0.47603,1.00000,0.41539,0.01667,0.37399,0.03797,0.47114,0.73548
combined,0.8,oracle_minimal_correction,7,120,0.55000,0.73301,0.03333,0.53877,0.11924,0.48382,1.00000,0.42481,0.00833,0.37409,0.03806,0.47189,0.75897
combined,0.8,oracle_minimal_correction,8,120,0.59167,0.81635,0.05000,0.53529,0.11370,0.49246,1.00000,0.42259,0.00833,0.36197,0.03810,0.46777,0.81132
combined,0.8,oracle_minimal_correction,9,120,0.54167,0.69772,0.07500,0.54800,0.11984,0.46594,1.00000,0.43072,0.00833,0.38767,0.03787,0.47230,0.71864
combined,0.8,residual_correction_learner,0,120,0.27500,0.26959,0.05833,0.35666,0.64184,0.50593,1.00000,0.30826,0.10000,0.29053,0.36592,0.63892,0.35982
combined,0.8,residual_correction_learner,1,120,0.23333,0.28303,0.05000,0.33201,0.65630,0.47337,1.00000,0.29249,0.15833,0.29336,0.38605,0.64425,0.30585
combined,0.8,residual_correction_learner,2,120,0.27500,0.28122,0.04167,0.34910,0.67812,0.53077,1.00000,0.30342,0.10000,0.29046,0.36742,0.63919,0.37451
combined,0.8,residual_correction_learner,3,120,0.19167,0.18435,0.02500,0.33890,0.67516,0.49092,1.00000,0.29690,0.14167,0.30810,0.39959,0.65318,0.26268
combined,0.8,residual_correction_learner,4,120,0.29167,0.29955,0.07500,0.32957,0.69238,0.51114,1.00000,0.29093,0.10833,0.30417,0.37266,0.65421,0.37430
combined,0.8,residual_correction_learner,5,120,0.18333,0.19006,0.05000,0.32250,0.70274,0.48723,1.00000,0.28640,0.15833,0.31247,0.40811,0.65727,0.23813
combined,0.8,residual_correction_learner,6,120,0.28333,0.29577,0.05000,0.35487,0.62691,0.48250,1.00000,0.30712,0.14167,0.28119,0.35662,0.62287,0.36278
combined,0.8,residual_correction_learner,7,120,0.23333,0.25595,0.04167,0.34705,0.67008,0.49556,1.00000,0.30211,0.13333,0.30386,0.37524,0.65122,0.31403
combined,0.8,residual_correction_learner,8,120,0.30000,0.33468,0.02500,0.37862,0.60353,0.50240,1.00000,0.32232,0.18333,0.26371,0.34757,0.60957,0.39058
combined,0.8,residual_correction_learner,9,120,0.24167,0.26332,0.06667,0.35303,0.66610,0.47837,1.00000,0.30594,0.16667,0.30147,0.36422,0.65297,0.29933
combined,0.8,robust_mpc_correction,0,120,0.56667,0.77852,0.06667,0.56589,0.12423,0.46487,1.00000,0.44217,0.02500,0.05864,0.07861,0.43905,0.75876
combined,0.8,robust_mpc_correction,1,120,0.46667,0.65115,0.04167,0.55365,0.11623,0.43780,1.00000,0.43433,0.03333,0.05246,0.07722,0.43163,0.63787
combined,0.8,robust_mpc_correction,2,120,0.51667,0.69775,0.07500,0.56301,0.12044,0.48907,1.00000,0.44032,0.01667,0.05292,0.07652,0.43882,0.69221
combined,0.8,robust_mpc_correction,3,120,0.60000,0.81787,0.06667,0.56833,0.12782,0.47771,1.00000,0.44373,0.04167,0.05415,0.08038,0.43525,0.79750
combined,0.8,robust_mpc_correction,4,120,0.60000,0.82668,0.05000,0.55211,0.12811,0.47393,1.00000,0.43335,0.03333,0.06070,0.07369,0.44150,0.81072
combined,0.8,robust_mpc_correction,5,120,0.58333,0.83861,0.07500,0.54500,0.13213,0.45466,1.00000,0.42880,0.04167,0.05733,0.08219,0.44397,0.77917
combined,0.8,robust_mpc_correction,6,120,0.60000,0.85032,0.03333,0.56015,0.11483,0.45496,1.00000,0.43850,0.01667,0.04960,0.07083,0.43093,0.82603
combined,0.8,robust_mpc_correction,7,120,0.52500,0.72413,0.05000,0.57852,0.11830,0.46282,1.00000,0.45025,0.03333,0.05254,0.06970,0.43016,0.71039
combined,0.8,robust_mpc_correction,8,120,0.55833,0.79063,0.03333,0.56152,0.13650,0.47368,1.00000,0.43937,0.02500,0.05620,0.08398,0.44291,0.77189
combined,0.8,robust_mpc_correction,9,120,0.50833,0.67073,0.05833,0.58687,0.11626,0.44586,1.00000,0.45559,0.03333,0.06012,0.07457,0.43413,0.67539
combined,0.8,uncertainty_query_policy,0,120,0.28333,0.28752,0.05000,0.53283,0.50060,0.50381,1.00000,0.42101,0.19167,0.26829,0.30468,0.45340,0.33614
combined,0.8,uncertainty_query_policy,1,120,0.28333,0.29053,0.05000,0.50553,0.49938,0.48770,1.00000,0.40354,0.15000,0.26211,0.31288,0.45497,0.34724
combined,0.8,uncertainty_query_policy,2,120,0.30000,0.29147,0.04167,0.55041,0.50945,0.53949,1.00000,0.43226,0.15000,0.25819,0.30159,0.43864,0.37307
combined,0.8,uncertainty_query_policy,3,120,0.32500,0.33180,0.09167,0.53881,0.48023,0.51562,1.00000,0.42484,0.16667,0.26161,0.31035,0.44870,0.37401
combined,0.8,uncertainty_query_policy,4,120,0.29167,0.29398,0.07500,0.51737,0.49801,0.51748,1.00000,0.41112,0.14167,0.26317,0.29805,0.47091,0.34999
combined,0.8,uncertainty_query_policy,5,120,0.32500,0.30862,0.05000,0.48362,0.51574,0.49478,1.00000,0.38952,0.15000,0.28485,0.33948,0.49199,0.39629
combined,0.8,uncertainty_query_policy,6,120,0.32500,0.33152,0.08333,0.51831,0.51638,0.48885,1.00000,0.41172,0.12500,0.27397,0.31507,0.45312,0.38728
combined,0.8,uncertainty_query_policy,7,120,0.30833,0.31427,0.07500,0.53710,0.51119,0.50967,1.00000,0.42374,0.20833,0.26717,0.30343,0.46262,0.35046
combined,0.8,uncertainty_query_policy,8,120,0.32500,0.34209,0.10833,0.56641,0.47464,0.52879,1.00000,0.44250,0.17500,0.23793,0.28990,0.41706,0.36461
combined,0.8,uncertainty_query_policy,9,120,0.28333,0.27691,0.08333,0.52003,0.50362,0.47591,1.00000,0.41282,0.15000,0.28408,0.30788,0.48823,0.32662
combined,1.0,active_entropy_query_policy,0,120,0.30000,0.35212,0.02500,0.43194,0.34748,0.42375,1.00000,0.35644,0.13333,0.27210,0.26511,0.61109,0.39674
combined,1.0,active_entropy_query_policy,1,120,0.28333,0.35148,0.07500,0.43854,0.33118,0.42707,1.00000,0.36067,0.12500,0.26364,0.23770,0.58680,0.35529
combined,1.0,active_entropy_query_policy,2,120,0.33333,0.40762,0.10833,0.44056,0.35036,0.43248,1.00000,0.36196,0.15000,0.27199,0.26732,0.60010,0.39462
combined,1.0,active_entropy_query_policy,3,120,0.40000,0.48130,0.01667,0.44394,0.33656,0.42372,1.00000,0.36412,0.09167,0.26916,0.26616,0.59665,0.54008
combined,1.0,active_entropy_query_policy,4,120,0.33333,0.38226,0.05000,0.42563,0.37580,0.41661,1.00000,0.35240,0.12500,0.29823,0.28016,0.62164,0.42581
combined,1.0,active_entropy_query_policy,5,120,0.35000,0.42365,0.05833,0.40219,0.37743,0.42625,1.00000,0.33740,0.13333,0.29242,0.27195,0.62832,0.44718
combined,1.0,active_entropy_query_policy,6,120,0.35833,0.43862,0.07500,0.45640,0.33156,0.41316,1.00000,0.37209,0.19167,0.26631,0.24681,0.58943,0.42860
combined,1.0,active_entropy_query_policy,7,120,0.32500,0.40099,0.07500,0.40151,0.37225,0.42628,1.00000,0.33696,0.14167,0.29398,0.26719,0.62467,0.40604
combined,1.0,active_entropy_query_policy,8,120,0.36667,0.43909,0.06667,0.41608,0.37991,0.42071,1.00000,0.34629,0.10000,0.29906,0.27113,0.61877,0.47065
combined,1.0,active_entropy_query_policy,9,120,0.34167,0.41123,0.05000,0.40977,0.36792,0.44281,1.00000,0.34225,0.10000,0.29075,0.30004,0.62427,0.45152
combined,1.0,full_demo_imitation,0,120,0.17500,0.16193,0.10000,0.75027,0.76043,0.49163,1.00000,0.91017,0.21667,0.27147,0.39384,0.33142,0.13748
combined,1.0,full_demo_imitation,1,120,0.24167,0.19495,0.11667,0.74262,0.73773,0.50715,1.00000,0.90527,0.24167,0.25263,0.36158,0.32411,0.19762
combined,1.0,full_demo_imitation,2,120,0.16667,0.13488,0.09167,0.74535,0.87860,0.49440,1.00000,0.90702,0.16667,0.27455,0.42159,0.35901,0.14341
combined,1.0,full_demo_imitation,3,120,0.20833,0.15439,0.10000,0.69167,0.79078,0.47817,1.00000,0.87267,0.28333,0.27239,0.41392,0.36786,0.15225
combined,1.0,full_demo_imitation,4,120,0.24167,0.18697,0.07500,0.74504,0.82522,0.51004,1.00000,0.90683,0.16667,0.27485,0.39707,0.34222,0.23974
combined,1.0,full_demo_imitation,5,120,0.14167,0.11881,0.12500,0.75127,0.78952,0.49044,1.00000,0.91081,0.17500,0.27114,0.39931,0.31814,0.09248
combined,1.0,full_demo_imitation,6,120,0.16667,0.13429,0.10833,0.69093,0.76720,0.50484,1.00000,0.87219,0.13333,0.27209,0.40256,0.38669,0.14826
combined,1.0,full_demo_imitation,7,120,0.20000,0.15959,0.11667,0.72544,0.80942,0.49326,1.00000,0.89428,0.24167,0.26248,0.38268,0.34887,0.14810
combined,1.0,full_demo_imitation,8,120,0.25000,0.19011,0.10833,0.67923,0.76855,0.50806,1.00000,0.86471,0.27500,0.26254,0.38362,0.38682,0.20497
combined,1.0,full_demo_imitation,9,120,0.17500,0.09205,0.06667,0.69538,0.83211,0.50770,1.00000,0.87505,0.16667,0.28095,0.44371,0.37494,0.15929
combined,1.0,minimum_intervention_boundary_learner_v5,0,120,0.50000,0.56959,0.06667,0.51382,0.24666,0.42461,1.00000,0.40884,0.00833,0.15067,0.17515,0.53633,0.65193
combined,1.0,minimum_intervention_boundary_learner_v5,1,120,0.38333,0.48818,0.04167,0.50676,0.24327,0.42999,1.00000,0.40433,0.03333,0.15836,0.16146,0.52545,0.52371
combined,1.0,minimum_intervention_boundary_learner_v5,2,120,0.49167,0.62275,0.05000,0.53153,0.22329,0.43830,1.00000,0.42018,0.01667,0.16132,0.16026,0.52003,0.66208
combined,1.0,minimum_intervention_boundary_learner_v5,3,120,0.50833,0.61812,0.06667,0.54067,0.20686,0.42633,1.00000,0.42603,0.03333,0.15272,0.15619,0.51276,0.66221
combined,1.0,minimum_intervention_boundary_learner_v5,4,120,0.39167,0.45853,0.08333,0.51580,0.24419,0.41275,1.00000,0.41011,0.04167,0.14367,0.18723,0.54032,0.49976
combined,1.0,minimum_intervention_boundary_learner_v5,5,120,0.34167,0.42856,0.06667,0.48688,0.26305,0.42882,1.00000,0.39161,0.05000,0.17127,0.17547,0.54318,0.45257
combined,1.0,minimum_intervention_boundary_learner_v5,6,120,0.42500,0.51806,0.05000,0.54276,0.22190,0.41265,1.00000,0.42737,0.05833,0.16782,0.14762,0.51121,0.55661
combined,1.0,minimum_intervention_boundary_learner_v5,7,120,0.40833,0.49833,0.03333,0.48172,0.27300,0.42674,1.00000,0.38830,0.07500,0.14900,0.18154,0.55292,0.54528
combined,1.0,minimum_intervention_boundary_learner_v5,8,120,0.48333,0.58999,0.08333,0.50020,0.25586,0.42164,1.00000,0.40013,0.03333,0.14821,0.17446,0.54167,0.62436
combined,1.0,minimum_intervention_boundary_learner_v5,9,120,0.41667,0.52920,0.05000,0.51130,0.23049,0.43969,1.00000,0.40723,0.05000,0.14993,0.18829,0.53358,0.55860
combined,1.0,oracle_minimal_correction,0,120,0.61667,0.77726,0.03333,0.58395,0.11512,0.43915,1.00000,0.45373,0.01667,0.38427,0.04156,0.47279,0.82597
combined,1.0,oracle_minimal_correction,1,120,0.60000,0.74675,0.07500,0.57120,0.13352,0.44488,1.00000,0.44557,0.05833,0.40280,0.03931,0.47692,0.77058
combined,1.0,oracle_minimal_correction,2,120,0.60000,0.73271,0.03333,0.58860,0.11767,0.45551,1.00000,0.45670,0.03333,0.38327,0.04127,0.47311,0.79685
combined,1.0,oracle_minimal_correction,3,120,0.62500,0.77409,0.07500,0.59132,0.10720,0.44052,1.00000,0.45844,0.00000,0.37942,0.04057,0.46756,0.81632
combined,1.0,oracle_minimal_correction,4,120,0.59167,0.72942,0.08333,0.59518,0.11014,0.42498,1.00000,0.46092,0.01667,0.39209,0.04024,0.47008,0.76215
combined,1.0,oracle_minimal_correction,5,120,0.55833,0.70463,0.05000,0.55946,0.13683,0.44482,1.00000,0.43806,0.02500,0.39687,0.04128,0.47790,0.74236
combined,1.0,oracle_minimal_correction,6,120,0.54167,0.65004,0.03333,0.58712,0.12230,0.42695,1.00000,0.45576,0.04167,0.39958,0.04152,0.47320,0.71433
combined,1.0,oracle_minimal_correction,7,120,0.55000,0.70743,0.04167,0.55785,0.14311,0.44095,1.00000,0.43702,0.02500,0.40894,0.04143,0.48334,0.73879
combined,1.0,oracle_minimal_correction,8,120,0.53333,0.66608,0.04167,0.57131,0.13631,0.43618,1.00000,0.44564,0.00000,0.40547,0.04129,0.48128,0.71892
combined,1.0,oracle_minimal_correction,9,120,0.60833,0.73840,0.08333,0.59080,0.10035,0.45312,1.00000,0.45811,0.02500,0.36889,0.04126,0.46538,0.78201
combined,1.0,residual_correction_learner,0,120,0.23333,0.24547,0.05833,0.34833,0.68174,0.47870,1.00000,0.30293,0.11667,0.31987,0.39136,0.67320,0.30659
combined,1.0,residual_correction_learner,1,120,0.17500,0.19590,0.05000,0.36627,0.65499,0.45981,1.00000,0.31442,0.17500,0.30778,0.36519,0.64759,0.22110
combined,1.0,residual_correction_learner,2,120,0.24167,0.21287,0.05000,0.36553,0.75308,0.47665,1.00000,0.31394,0.15000,0.32734,0.40891,0.65865,0.30127
combined,1.0,residual_correction_learner,3,120,0.15833,0.16700,0.02500,0.33125,0.72502,0.47160,1.00000,0.29200,0.20833,0.33425,0.42129,0.68018,0.20592
combined,1.0,residual_correction_learner,4,120,0.20833,0.21369,0.08333,0.32771,0.70113,0.47841,1.00000,0.28973,0.15000,0.33677,0.40434,0.69448,0.25389
combined,1.0,residual_correction_learner,5,120,0.16667,0.14308,0.05833,0.35579,0.72027,0.49021,1.00000,0.30771,0.18333,0.32286,0.39665,0.66604,0.19966
combined,1.0,residual_correction_learner,6,120,0.18333,0.14019,0.05833,0.33157,0.69855,0.48362,1.00000,0.29220,0.17500,0.34389,0.41130,0.69914,0.21952
combined,1.0,residual_correction_learner,7,120,0.20000,0.20336,0.05833,0.33608,0.69098,0.46175,1.00000,0.29509,0.15833,0.33014,0.38387,0.67624,0.25063
combined,1.0,residual_correction_learner,8,120,0.18333,0.18967,0.04167,0.34331,0.67324,0.47020,1.00000,0.29972,0.20833,0.32941,0.38382,0.67549,0.22647
combined,1.0,residual_correction_learner,9,120,0.12500,0.10705,0.07500,0.29838,0.71726,0.47198,1.00000,0.27096,0.21667,0.34682,0.44696,0.71357,0.13373
combined,1.0,robust_mpc_correction,0,120,0.57500,0.73041,0.05833,0.60972,0.13318,0.41842,1.00000,0.47022,0.02500,0.06907,0.09108,0.44766,0.75397
combined,1.0,robust_mpc_correction,1,120,0.39167,0.50834,0.04167,0.59925,0.13352,0.42262,1.00000,0.46352,0.09167,0.07681,0.08381,0.44493,0.51250
combined,1.0,robust_mpc_correction,2,120,0.48333,0.60476,0.09167,0.63043,0.11895,0.43124,1.00000,0.48347,0.04167,0.05720,0.07447,0.43256,0.61298
combined,1.0,robust_mpc_correction,3,120,0.57500,0.74209,0.08333,0.63048,0.11737,0.42166,1.00000,0.48351,0.04167,0.05475,0.07630,0.43257,0.73795
combined,1.0,robust_mpc_correction,4,120,0.54167,0.67075,0.05833,0.62926,0.11259,0.40667,1.00000,0.48273,0.04167,0.06465,0.07913,0.44059,0.70041
combined,1.0,robust_mpc_correction,5,120,0.58333,0.75188,0.07500,0.58674,0.14998,0.42039,1.00000,0.45551,0.07500,0.08027,0.08921,0.45196,0.74550
combined,1.0,robust_mpc_correction,6,120,0.54167,0.67585,0.05833,0.62878,0.11703,0.40837,1.00000,0.48242,0.05833,0.06308,0.07674,0.43672,0.69690
combined,1.0,robust_mpc_correction,7,120,0.46667,0.60716,0.05000,0.58825,0.13845,0.41974,1.00000,0.45648,0.05000,0.07831,0.08582,0.45693,0.61711
combined,1.0,robust_mpc_correction,8,120,0.50833,0.66640,0.03333,0.60310,0.12647,0.41671,1.00000,0.46599,0.06667,0.07256,0.08202,0.44744,0.67452
combined,1.0,robust_mpc_correction,9,120,0.51667,0.64427,0.05833,0.61961,0.12176,0.43403,1.00000,0.47655,0.04167,0.05743,0.08937,0.43854,0.67331
combined,1.0,uncertainty_query_policy,0,120,0.28333,0.27489,0.07500,0.58791,0.51797,0.45797,1.00000,0.45626,0.23333,0.30130,0.34072,0.45131,0.30105
combined,1.0,uncertainty_query_policy,1,120,0.32500,0.29883,0.07500,0.59271,0.49325,0.47568,1.00000,0.45934,0.19167,0.27514,0.29483,0.43876,0.36118
combined,1.0,uncertainty_query_policy,2,120,0.25000,0.22357,0.05833,0.60110,0.60852,0.47126,1.00000,0.46470,0.19167,0.31196,0.35475,0.45407,0.27824
combined,1.0,uncertainty_query_policy,3,120,0.34167,0.30603,0.10000,0.55388,0.52645,0.45208,1.00000,0.43448,0.20000,0.30890,0.35569,0.47875,0.36415
combined,1.0,uncertainty_query_policy,4,120,0.20833,0.17999,0.10833,0.58123,0.56003,0.47648,1.00000,0.45199,0.15833,0.31597,0.34413,0.45937,0.21184
combined,1.0,uncertainty_query_policy,5,120,0.31667,0.25671,0.04167,0.58308,0.55438,0.47023,1.00000,0.45317,0.18333,0.31064,0.34729,0.44266,0.36301
combined,1.0,uncertainty_query_policy,6,120,0.25000,0.23803,0.09167,0.56704,0.49821,0.47245,1.00000,0.44290,0.13333,0.29771,0.32484,0.48462,0.28308
combined,1.0,uncertainty_query_policy,7,120,0.26667,0.23625,0.09167,0.56810,0.56537,0.46967,1.00000,0.44358,0.26667,0.31176,0.33188,0.45968,0.26039
combined,1.0,uncertainty_query_policy,8,120,0.25000,0.22044,0.10000,0.54541,0.54324,0.47470,1.00000,0.42906,0.17500,0.31223,0.33249,0.49144,0.26447
combined,1.0,uncertainty_query_policy,9,120,0.28333,0.24706,0.04167,0.54599,0.57922,0.48302,1.00000,0.42943,0.15833,0.32739,0.38418,0.48929,0.33962
correction_delay,0.0,active_entropy_query_policy,0,120,0.43333,0.56929,0.02500,0.41989,0.28768,0.53641,1.00000,0.34873,0.09167,0.24362,0.20927,0.57120,0.60251
correction_delay,0.0,active_entropy_query_policy,1,120,0.33333,0.41733,0.05000,0.39900,0.33056,0.52971,1.00000,0.33536,0.07500,0.27593,0.23411,0.60053,0.46194
correction_delay,0.0,active_entropy_query_policy,2,120,0.37500,0.52158,0.09167,0.39771,0.28918,0.54615,1.00000,0.33454,0.10000,0.23352,0.20470,0.56734,0.49839
correction_delay,0.0,active_entropy_query_policy,3,120,0.42500,0.53319,0.01667,0.42301,0.29093,0.52753,1.00000,0.35073,0.09167,0.24073,0.21082,0.56508,0.58902
correction_delay,0.0,active_entropy_query_policy,4,120,0.42500,0.55988,0.05000,0.39673,0.27858,0.55227,1.00000,0.33391,0.09167,0.23064,0.21675,0.57483,0.58202
correction_delay,0.0,active_entropy_query_policy,5,120,0.47500,0.63243,0.05833,0.42756,0.27968,0.55399,1.00000,0.35364,0.10833,0.22911,0.20238,0.56381,0.63776
correction_delay,0.0,active_entropy_query_policy,6,120,0.41667,0.56342,0.07500,0.44219,0.27337,0.55572,1.00000,0.36300,0.16667,0.23126,0.19484,0.55431,0.53858
correction_delay,0.0,active_entropy_query_policy,7,120,0.30000,0.39020,0.08333,0.44311,0.27300,0.54715,1.00000,0.36359,0.11667,0.23277,0.20448,0.55887,0.39256
correction_delay,0.0,active_entropy_query_policy,8,120,0.43333,0.58306,0.06667,0.40408,0.30691,0.51611,1.00000,0.33861,0.08333,0.26274,0.22577,0.58357,0.58464
correction_delay,0.0,active_entropy_query_policy,9,120,0.43333,0.55717,0.04167,0.42263,0.29444,0.55170,1.00000,0.35048,0.10833,0.25189,0.20170,0.57995,0.58886
correction_delay,0.0,full_demo_imitation,0,120,0.35000,0.38174,0.06667,0.50984,0.54599,0.58617,1.00000,0.75630,0.11667,0.22116,0.28854,0.46130,0.43188
correction_delay,0.0,full_demo_imitation,1,120,0.35000,0.32708,0.10833,0.46715,0.59053,0.57674,1.00000,0.72898,0.16667,0.24686,0.32963,0.51906,0.38708
correction_delay,0.0,full_demo_imitation,2,120,0.35000,0.34367,0.05000,0.46718,0.51875,0.58124,1.00000,0.72899,0.10833,0.21694,0.30225,0.47873,0.43597
correction_delay,0.0,full_demo_imitation,3,120,0.28333,0.27658,0.05833,0.50410,0.55377,0.56419,1.00000,0.75262,0.17500,0.21479,0.30111,0.47279,0.32796
correction_delay,0.0,full_demo_imitation,4,120,0.39167,0.35662,0.04167,0.49007,0.59239,0.60720,1.00000,0.74364,0.10833,0.23062,0.32983,0.45762,0.48648
correction_delay,0.0,full_demo_imitation,5,120,0.30000,0.29902,0.05000,0.49656,0.49604,0.59732,1.00000,0.74780,0.09167,0.21570,0.29561,0.46825,0.38153
correction_delay,0.0,full_demo_imitation,6,120,0.35000,0.36281,0.10000,0.53493,0.50423,0.59316,1.00000,0.77235,0.12500,0.20873,0.27558,0.44854,0.40760
correction_delay,0.0,full_demo_imitation,7,120,0.29167,0.31674,0.07500,0.48662,0.54995,0.58414,1.00000,0.74143,0.12500,0.23061,0.31268,0.50466,0.35515
correction_delay,0.0,full_demo_imitation,8,120,0.30833,0.30868,0.05000,0.47162,0.56111,0.56664,1.00000,0.73184,0.15000,0.23186,0.31563,0.48873,0.37341
correction_delay,0.0,full_demo_imitation,9,120,0.33333,0.32717,0.02500,0.48972,0.53254,0.60387,1.00000,0.74342,0.14167,0.21973,0.28807,0.50459,0.42292
correction_delay,0.0,minimum_intervention_boundary_learner_v5,0,120,0.50833,0.67829,0.04167,0.47649,0.19303,0.53885,1.00000,0.38496,0.00000,0.11539,0.13411,0.51116,0.71418
correction_delay,0.0,minimum_intervention_boundary_learner_v5,1,120,0.40833,0.53918,0.04167,0.47305,0.20815,0.53364,1.00000,0.38275,0.01667,0.13085,0.14079,0.51921,0.57873
correction_delay,0.0,minimum_intervention_boundary_learner_v5,2,120,0.50833,0.76221,0.04167,0.45851,0.18867,0.55162,1.00000,0.37345,0.00000,0.10965,0.12526,0.50063,0.73429
correction_delay,0.0,minimum_intervention_boundary_learner_v5,3,120,0.51667,0.70223,0.06667,0.48456,0.18120,0.53142,1.00000,0.39012,0.01667,0.10760,0.12693,0.50100,0.70840
correction_delay,0.0,minimum_intervention_boundary_learner_v5,4,120,0.47500,0.67684,0.05833,0.46213,0.17909,0.55659,1.00000,0.37577,0.01667,0.10796,0.12904,0.50128,0.66941
correction_delay,0.0,minimum_intervention_boundary_learner_v5,5,120,0.46667,0.63698,0.05833,0.48415,0.18878,0.55819,1.00000,0.38986,0.00000,0.10763,0.12469,0.50307,0.65664
correction_delay,0.0,minimum_intervention_boundary_learner_v5,6,120,0.44167,0.57170,0.04167,0.49573,0.19785,0.56155,1.00000,0.39726,0.02500,0.11698,0.12524,0.50148,0.61897
correction_delay,0.0,minimum_intervention_boundary_learner_v5,7,120,0.45833,0.61987,0.02500,0.50900,0.16467,0.55131,1.00000,0.40576,0.02500,0.10598,0.11403,0.49248,0.65274
correction_delay,0.0,minimum_intervention_boundary_learner_v5,8,120,0.45833,0.64027,0.06667,0.47327,0.19428,0.52240,1.00000,0.38289,0.00000,0.11774,0.13461,0.50767,0.64059
correction_delay,0.0,minimum_intervention_boundary_learner_v5,9,120,0.43333,0.56550,0.05000,0.48174,0.20324,0.55662,1.00000,0.38831,0.02500,0.12396,0.12389,0.51400,0.60533
correction_delay,0.0,oracle_minimal_correction,0,120,0.59167,0.81018,0.02500,0.52018,0.11981,0.54234,1.00000,0.41291,0.01667,0.36376,0.03103,0.47094,0.82771
correction_delay,0.0,oracle_minimal_correction,1,120,0.55833,0.74703,0.08333,0.52544,0.12014,0.53898,1.00000,0.41628,0.00833,0.37024,0.03132,0.47010,0.75185
correction_delay,0.0,oracle_minimal_correction,2,120,0.60000,0.85857,0.02500,0.49582,0.11557,0.55854,1.00000,0.39732,0.00833,0.35609,0.03080,0.46824,0.85169
correction_delay,0.0,oracle_minimal_correction,3,120,0.63333,0.87512,0.05000,0.52184,0.10225,0.53705,1.00000,0.41398,0.00000,0.35870,0.03116,0.46431,0.87426
correction_delay,0.0,oracle_minimal_correction,4,120,0.62500,0.87079,0.06667,0.49956,0.10922,0.56277,1.00000,0.39972,0.00833,0.34510,0.03084,0.46621,0.85806
correction_delay,0.0,oracle_minimal_correction,5,120,0.60000,0.84466,0.02500,0.51714,0.11697,0.56417,1.00000,0.41097,0.00000,0.35833,0.03065,0.47133,0.85124
correction_delay,0.0,oracle_minimal_correction,6,120,0.56667,0.74621,0.02500,0.52864,0.12133,0.56716,1.00000,0.41833,0.01667,0.36926,0.02947,0.47232,0.79169
correction_delay,0.0,oracle_minimal_correction,7,120,0.56667,0.76113,0.04167,0.53605,0.10914,0.55728,1.00000,0.42307,0.00000,0.35816,0.03066,0.46907,0.78931
correction_delay,0.0,oracle_minimal_correction,8,120,0.59167,0.81937,0.04167,0.51664,0.11595,0.52740,1.00000,0.41065,0.00000,0.37016,0.03127,0.46680,0.82368
correction_delay,0.0,oracle_minimal_correction,9,120,0.54167,0.72225,0.07500,0.51945,0.13499,0.56117,1.00000,0.41245,0.00833,0.38340,0.02976,0.47752,0.73750
correction_delay,0.0,residual_correction_learner,0,120,0.30000,0.35309,0.05000,0.35515,0.53286,0.56898,1.00000,0.30730,0.14167,0.25837,0.31007,0.62643,0.40347
correction_delay,0.0,residual_correction_learner,1,120,0.25833,0.30154,0.04167,0.30941,0.61841,0.55309,1.00000,0.27802,0.12500,0.30745,0.35833,0.68437,0.36161
correction_delay,0.0,residual_correction_learner,2,120,0.32500,0.39787,0.03333,0.31411,0.53812,0.55728,1.00000,0.28103,0.11667,0.27083,0.32909,0.64708,0.45469
correction_delay,0.0,residual_correction_learner,3,120,0.30000,0.31401,0.02500,0.35131,0.56139,0.53182,1.00000,0.30484,0.12500,0.27470,0.33490,0.63078,0.40804
correction_delay,0.0,residual_correction_learner,4,120,0.35000,0.38224,0.06667,0.31929,0.57829,0.55967,1.00000,0.28435,0.10833,0.27222,0.34964,0.65044,0.46157
correction_delay,0.0,residual_correction_learner,5,120,0.20833,0.25599,0.05833,0.33763,0.53284,0.56732,1.00000,0.29608,0.15000,0.27577,0.33122,0.64723,0.28511
correction_delay,0.0,residual_correction_learner,6,120,0.32500,0.41057,0.03333,0.37544,0.49700,0.57137,1.00000,0.32028,0.18333,0.24755,0.29877,0.60907,0.43698
correction_delay,0.0,residual_correction_learner,7,120,0.35000,0.37893,0.04167,0.35870,0.53491,0.57905,1.00000,0.30957,0.14167,0.27152,0.32699,0.63436,0.46509
correction_delay,0.0,residual_correction_learner,8,120,0.30000,0.34813,0.03333,0.32896,0.54560,0.54351,1.00000,0.29054,0.15833,0.27085,0.33063,0.64672,0.40484
correction_delay,0.0,residual_correction_learner,9,120,0.25833,0.29071,0.06667,0.34785,0.55863,0.56344,1.00000,0.30262,0.16667,0.28239,0.32570,0.64844,0.33301
correction_delay,0.0,robust_mpc_correction,0,120,0.58333,0.81001,0.05833,0.56747,0.10036,0.52519,1.00000,0.44318,0.01667,0.04291,0.05170,0.41989,0.79586
correction_delay,0.0,robust_mpc_correction,1,120,0.47500,0.66447,0.04167,0.57150,0.10211,0.51987,1.00000,0.44576,0.04167,0.05043,0.05020,0.42277,0.65651
correction_delay,0.0,robust_mpc_correction,2,120,0.55000,0.77973,0.07500,0.54015,0.11311,0.53593,1.00000,0.42570,0.00000,0.04137,0.05349,0.41915,0.75401
correction_delay,0.0,robust_mpc_correction,3,120,0.58333,0.82912,0.06667,0.57003,0.09641,0.51684,1.00000,0.44482,0.02500,0.03697,0.05233,0.41536,0.79201
correction_delay,0.0,robust_mpc_correction,4,120,0.60833,0.89461,0.03333,0.54150,0.10414,0.54005,1.00000,0.42656,0.01667,0.03589,0.05692,0.41988,0.85515
correction_delay,0.0,robust_mpc_correction,5,120,0.61667,0.88181,0.07500,0.56606,0.10900,0.54257,1.00000,0.44228,0.04167,0.04061,0.05467,0.42135,0.83170
correction_delay,0.0,robust_mpc_correction,6,120,0.61667,0.85737,0.03333,0.58290,0.10569,0.54638,1.00000,0.45305,0.03333,0.04166,0.05298,0.41838,0.85018
correction_delay,0.0,robust_mpc_correction,7,120,0.53333,0.75362,0.03333,0.59111,0.10309,0.53747,1.00000,0.45831,0.03333,0.03745,0.05171,0.41448,0.74244
correction_delay,0.0,robust_mpc_correction,8,120,0.55833,0.78340,0.03333,0.56230,0.09686,0.50587,1.00000,0.43987,0.02500,0.04750,0.04986,0.41939,0.77329
correction_delay,0.0,robust_mpc_correction,9,120,0.55833,0.73819,0.05000,0.57329,0.10127,0.54240,1.00000,0.44691,0.04167,0.04977,0.04711,0.42241,0.75459
correction_delay,0.0,uncertainty_query_policy,0,120,0.38333,0.45059,0.05000,0.45773,0.38763,0.56011,1.00000,0.37295,0.20000,0.23894,0.25409,0.51869,0.48243
correction_delay,0.0,uncertainty_query_policy,1,120,0.37500,0.39839,0.02500,0.42739,0.42248,0.55137,1.00000,0.35353,0.09167,0.27466,0.28008,0.56305,0.50790
correction_delay,0.0,uncertainty_query_policy,2,120,0.37500,0.46174,0.02500,0.43376,0.38325,0.56086,1.00000,0.35760,0.13333,0.23603,0.25624,0.51442,0.50879
correction_delay,0.0,uncertainty_query_policy,3,120,0.38333,0.44657,0.10000,0.46170,0.39686,0.54565,1.00000,0.37549,0.11667,0.23974,0.25760,0.51444,0.47667
correction_delay,0.0,uncertainty_query_policy,4,120,0.27500,0.32785,0.06667,0.43368,0.41040,0.58185,1.00000,0.35756,0.11667,0.24230,0.27695,0.52304,0.36550
correction_delay,0.0,uncertainty_query_policy,5,120,0.37500,0.42760,0.02500,0.46370,0.35747,0.57231,1.00000,0.37677,0.10000,0.22601,0.24560,0.51298,0.51117
correction_delay,0.0,uncertainty_query_policy,6,120,0.45000,0.55518,0.07500,0.49151,0.34914,0.56698,1.00000,0.39456,0.11667,0.21695,0.23067,0.49286,0.58107
correction_delay,0.0,uncertainty_query_policy,7,120,0.35000,0.41748,0.07500,0.46545,0.39538,0.56606,1.00000,0.37789,0.20833,0.24464,0.26216,0.52915,0.42755
correction_delay,0.0,uncertainty_query_policy,8,120,0.33333,0.37594,0.06667,0.44611,0.40358,0.53645,1.00000,0.36551,0.10833,0.25282,0.26965,0.52108,0.43038
correction_delay,0.0,uncertainty_query_policy,9,120,0.34167,0.39488,0.03333,0.45258,0.38745,0.57497,1.00000,0.36965,0.11667,0.24403,0.24568,0.54445,0.46387
correction_delay,0.2,active_entropy_query_policy,0,120,0.40000,0.55993,0.02500,0.42453,0.28490,0.51110,1.00000,0.35170,0.10833,0.23649,0.18826,0.55407,0.55817
correction_delay,0.2,active_entropy_query_policy,1,120,0.34167,0.45368,0.05000,0.42815,0.28916,0.52056,1.00000,0.35402,0.08333,0.24272,0.21082,0.56771,0.47227
correction_delay,0.2,active_entropy_query_policy,2,120,0.40833,0.52764,0.08333,0.40090,0.28986,0.52873,1.00000,0.33658,0.10833,0.23652,0.21710,0.58799,0.53373
correction_delay,0.2,active_entropy_query_policy,3,120,0.44167,0.54237,0.00833,0.42521,0.28815,0.53226,1.00000,0.35213,0.08333,0.24558,0.22056,0.57864,0.61560
correction_delay,0.2,active_entropy_query_policy,4,120,0.42500,0.54400,0.05000,0.40053,0.30639,0.53975,1.00000,0.33634,0.08333,0.23569,0.22063,0.58090,0.57943
correction_delay,0.2,active_entropy_query_policy,5,120,0.37500,0.49831,0.05000,0.41651,0.31864,0.54584,1.00000,0.34657,0.11667,0.25310,0.23221,0.58822,0.51074
correction_delay,0.2,active_entropy_query_policy,6,120,0.43333,0.54227,0.08333,0.45485,0.27707,0.54708,1.00000,0.37110,0.13333,0.22622,0.21060,0.56556,0.55466
correction_delay,0.2,active_entropy_query_policy,7,120,0.32500,0.44310,0.08333,0.40467,0.28381,0.51715,1.00000,0.33899,0.12500,0.24130,0.19814,0.57288,0.42477
correction_delay,0.2,active_entropy_query_policy,8,120,0.43333,0.60318,0.05833,0.41325,0.29631,0.52740,1.00000,0.34448,0.10000,0.24319,0.22153,0.57063,0.58929
correction_delay,0.2,active_entropy_query_policy,9,120,0.43333,0.55589,0.04167,0.41315,0.31070,0.53628,1.00000,0.34442,0.10000,0.25713,0.21126,0.59366,0.58986
correction_delay,0.2,full_demo_imitation,0,120,0.36667,0.40767,0.05833,0.51389,0.47743,0.54118,1.00000,0.75889,0.12500,0.19654,0.25417,0.44505,0.44948
correction_delay,0.2,full_demo_imitation,1,120,0.30000,0.29482,0.08333,0.49644,0.55233,0.56651,1.00000,0.74772,0.18333,0.22588,0.30440,0.48873,0.33463
correction_delay,0.2,full_demo_imitation,2,120,0.30833,0.30380,0.03333,0.44020,0.55883,0.57175,1.00000,0.71173,0.10833,0.22896,0.32726,0.53102,0.39635
correction_delay,0.2,full_demo_imitation,3,120,0.34167,0.32984,0.06667,0.48820,0.53531,0.58378,1.00000,0.74245,0.20000,0.22974,0.31747,0.49739,0.39092
correction_delay,0.2,full_demo_imitation,4,120,0.38333,0.39530,0.04167,0.47095,0.60028,0.58303,1.00000,0.73141,0.09167,0.22974,0.32836,0.48225,0.48996
correction_delay,0.2,full_demo_imitation,5,120,0.25833,0.25471,0.05833,0.50742,0.55800,0.59411,1.00000,0.75475,0.10000,0.22711,0.32575,0.48439,0.32353
correction_delay,0.2,full_demo_imitation,6,120,0.31667,0.32929,0.08333,0.52152,0.53050,0.58467,1.00000,0.76377,0.13333,0.21766,0.30619,0.48056,0.37411
correction_delay,0.2,full_demo_imitation,7,120,0.35000,0.38537,0.05833,0.47390,0.54395,0.57598,1.00000,0.73330,0.20833,0.22051,0.29940,0.48200,0.41209
correction_delay,0.2,full_demo_imitation,8,120,0.35833,0.36335,0.08333,0.49016,0.59063,0.57877,1.00000,0.74371,0.15000,0.22950,0.32224,0.47951,0.41869
correction_delay,0.2,full_demo_imitation,9,120,0.27500,0.27197,0.05833,0.48002,0.58346,0.58759,1.00000,0.73721,0.13333,0.23173,0.31405,0.51034,0.33589
correction_delay,0.2,minimum_intervention_boundary_learner_v5,0,120,0.54167,0.71412,0.04167,0.47167,0.20826,0.51893,1.00000,0.38187,0.00000,0.12216,0.11983,0.50554,0.75266
correction_delay,0.2,minimum_intervention_boundary_learner_v5,1,120,0.40833,0.54449,0.03333,0.49283,0.18559,0.52582,1.00000,0.39541,0.01667,0.10497,0.12567,0.50028,0.58170
correction_delay,0.2,minimum_intervention_boundary_learner_v5,2,120,0.51667,0.71252,0.04167,0.48067,0.19458,0.53477,1.00000,0.38763,0.00833,0.10513,0.12828,0.50154,0.72658
correction_delay,0.2,minimum_intervention_boundary_learner_v5,3,120,0.54167,0.69214,0.05833,0.49368,0.18761,0.53873,1.00000,0.39596,0.01667,0.11297,0.12840,0.50608,0.73646
correction_delay,0.2,minimum_intervention_boundary_learner_v5,4,120,0.49167,0.70223,0.06667,0.47473,0.17831,0.54333,1.00000,0.38383,0.00833,0.09380,0.12343,0.49623,0.68733
correction_delay,0.2,minimum_intervention_boundary_learner_v5,5,120,0.43333,0.57764,0.04167,0.48552,0.20746,0.54994,1.00000,0.39074,0.00833,0.12513,0.14435,0.51441,0.61604
correction_delay,0.2,minimum_intervention_boundary_learner_v5,6,120,0.45833,0.58577,0.05000,0.51675,0.17512,0.54824,1.00000,0.41072,0.01667,0.10181,0.12719,0.50069,0.63436
correction_delay,0.2,minimum_intervention_boundary_learner_v5,7,120,0.45000,0.61619,0.02500,0.47277,0.18939,0.51939,1.00000,0.38257,0.01667,0.10898,0.11532,0.50047,0.64322
correction_delay,0.2,minimum_intervention_boundary_learner_v5,8,120,0.45833,0.64776,0.06667,0.48306,0.19149,0.52647,1.00000,0.38916,0.00000,0.11743,0.13675,0.49904,0.64205
correction_delay,0.2,minimum_intervention_boundary_learner_v5,9,120,0.46667,0.63144,0.05000,0.48125,0.21159,0.53839,1.00000,0.38800,0.00000,0.12031,0.12759,0.51779,0.65800
correction_delay,0.2,oracle_minimal_correction,0,120,0.58333,0.79449,0.02500,0.50145,0.14378,0.52682,1.00000,0.40093,0.01667,0.38771,0.03318,0.48088,0.81494
correction_delay,0.2,oracle_minimal_correction,1,120,0.55833,0.76156,0.06667,0.52858,0.11763,0.53157,1.00000,0.41829,0.00833,0.36755,0.03301,0.47038,0.76268
correction_delay,0.2,oracle_minimal_correction,2,120,0.63333,0.89017,0.03333,0.51453,0.10942,0.54228,1.00000,0.40930,0.01667,0.35469,0.03311,0.46815,0.88266
correction_delay,0.2,oracle_minimal_correction,3,120,0.60000,0.78568,0.05000,0.53145,0.12212,0.54611,1.00000,0.42013,0.00833,0.36666,0.03250,0.47108,0.82016
correction_delay,0.2,oracle_minimal_correction,4,120,0.64167,0.89372,0.05833,0.51078,0.11828,0.54820,1.00000,0.40690,0.00000,0.34880,0.03217,0.46408,0.88411
correction_delay,0.2,oracle_minimal_correction,5,120,0.57500,0.78999,0.04167,0.53420,0.11542,0.55536,1.00000,0.42189,0.00000,0.35680,0.03210,0.46891,0.80379
correction_delay,0.2,oracle_minimal_correction,6,120,0.58333,0.76714,0.02500,0.55523,0.10544,0.55134,1.00000,0.43535,0.00000,0.35489,0.03185,0.46500,0.81444
correction_delay,0.2,oracle_minimal_correction,7,120,0.55833,0.76020,0.02500,0.50418,0.13994,0.52568,1.00000,0.40267,0.00833,0.38055,0.03234,0.47715,0.78432
correction_delay,0.2,oracle_minimal_correction,8,120,0.57500,0.80934,0.04167,0.52401,0.10170,0.53125,1.00000,0.41536,0.00000,0.35711,0.03170,0.46192,0.80486
correction_delay,0.2,oracle_minimal_correction,9,120,0.58333,0.76948,0.08333,0.52013,0.14383,0.54328,1.00000,0.41288,0.00833,0.38453,0.03239,0.48090,0.78304
correction_delay,0.2,residual_correction_learner,0,120,0.40833,0.47805,0.05833,0.37055,0.48712,0.51612,1.00000,0.31715,0.10000,0.24597,0.28734,0.59592,0.53779
correction_delay,0.2,residual_correction_learner,1,120,0.27500,0.32756,0.03333,0.35539,0.54638,0.54009,1.00000,0.30745,0.13333,0.26769,0.32469,0.63068,0.38031
correction_delay,0.2,residual_correction_learner,2,120,0.33333,0.33768,0.04167,0.31867,0.58070,0.53762,1.00000,0.28395,0.10000,0.28102,0.35380,0.65992,0.44806
correction_delay,0.2,residual_correction_learner,3,120,0.35833,0.41576,0.02500,0.35634,0.54974,0.56059,1.00000,0.30805,0.15000,0.27624,0.33469,0.63599,0.48561
correction_delay,0.2,residual_correction_learner,4,120,0.33333,0.34747,0.06667,0.32449,0.58273,0.55932,1.00000,0.28767,0.12500,0.27300,0.34397,0.64848,0.43230
correction_delay,0.2,residual_correction_learner,5,120,0.21667,0.24377,0.05833,0.33980,0.57139,0.57134,1.00000,0.29747,0.15833,0.28465,0.35435,0.65414,0.28923
correction_delay,0.2,residual_correction_learner,6,120,0.34167,0.36292,0.05833,0.38167,0.52908,0.55807,1.00000,0.32427,0.14167,0.26143,0.33043,0.61957,0.44044
correction_delay,0.2,residual_correction_learner,7,120,0.30000,0.37815,0.05000,0.32695,0.55644,0.53845,1.00000,0.28925,0.11667,0.27303,0.32225,0.63929,0.41347
correction_delay,0.2,residual_correction_learner,8,120,0.30833,0.29699,0.03333,0.34300,0.56190,0.54137,1.00000,0.29952,0.14167,0.27212,0.33808,0.63370,0.40526
correction_delay,0.2,residual_correction_learner,9,120,0.25000,0.27032,0.05000,0.33585,0.56413,0.54724,1.00000,0.29495,0.17500,0.28742,0.33063,0.66208,0.32544
correction_delay,0.2,robust_mpc_correction,0,120,0.55833,0.78646,0.05000,0.55323,0.11580,0.50391,1.00000,0.43407,0.03333,0.05789,0.05342,0.42710,0.76335
correction_delay,0.2,robust_mpc_correction,1,120,0.44167,0.59645,0.04167,0.57849,0.10484,0.51085,1.00000,0.45024,0.05000,0.04426,0.05298,0.41910,0.60432
correction_delay,0.2,robust_mpc_correction,2,120,0.55000,0.76522,0.07500,0.56155,0.11337,0.51844,1.00000,0.43939,0.00833,0.03837,0.05838,0.41786,0.74553
correction_delay,0.2,robust_mpc_correction,3,120,0.60000,0.81712,0.05833,0.58312,0.10668,0.52439,1.00000,0.45320,0.03333,0.04497,0.05067,0.41919,0.80884
correction_delay,0.2,robust_mpc_correction,4,120,0.60833,0.86348,0.02500,0.55282,0.10031,0.52707,1.00000,0.43380,0.02500,0.03182,0.05244,0.41437,0.84802
correction_delay,0.2,robust_mpc_correction,5,120,0.61667,0.85178,0.06667,0.57578,0.10899,0.53398,1.00000,0.44850,0.04167,0.04372,0.06032,0.42670,0.82829
correction_delay,0.2,robust_mpc_correction,6,120,0.60833,0.80863,0.04167,0.60556,0.10489,0.53480,1.00000,0.46756,0.00000,0.03546,0.05279,0.41661,0.83388
correction_delay,0.2,robust_mpc_correction,7,120,0.53333,0.78678,0.04167,0.56018,0.10030,0.50533,1.00000,0.43852,0.02500,0.04317,0.04643,0.41520,0.74448
correction_delay,0.2,robust_mpc_correction,8,120,0.60000,0.88822,0.03333,0.56676,0.10071,0.51152,1.00000,0.44273,0.03333,0.03745,0.05675,0.41878,0.83626
correction_delay,0.2,robust_mpc_correction,9,120,0.54167,0.74552,0.04167,0.57959,0.10191,0.52539,1.00000,0.45094,0.03333,0.04237,0.04507,0.42080,0.74373
correction_delay,0.2,uncertainty_query_policy,0,120,0.38333,0.47508,0.04167,0.47512,0.35410,0.51595,1.00000,0.38408,0.16667,0.21300,0.22301,0.49068,0.49384
correction_delay,0.2,uncertainty_query_policy,1,120,0.36667,0.41386,0.04167,0.45797,0.38912,0.54132,1.00000,0.37310,0.13333,0.24423,0.26083,0.52813,0.47870
correction_delay,0.2,uncertainty_query_policy,2,120,0.35000,0.36833,0.02500,0.41495,0.40781,0.54418,1.00000,0.34557,0.14167,0.25500,0.28076,0.56693,0.46191
correction_delay,0.2,uncertainty_query_policy,3,120,0.36667,0.40255,0.10000,0.45484,0.38337,0.55848,1.00000,0.37110,0.11667,0.24486,0.27100,0.53804,0.45337
correction_delay,0.2,uncertainty_query_policy,4,120,0.31667,0.39107,0.06667,0.42954,0.41965,0.55042,1.00000,0.35490,0.13333,0.24817,0.27740,0.53088,0.41283
correction_delay,0.2,uncertainty_query_policy,5,120,0.45833,0.49536,0.03333,0.46068,0.41468,0.57660,1.00000,0.37483,0.11667,0.25481,0.28200,0.53332,0.60207
correction_delay,0.2,uncertainty_query_policy,6,120,0.37500,0.43319,0.06667,0.48156,0.37220,0.56160,1.00000,0.38820,0.10000,0.23013,0.26094,0.52524,0.48944
correction_delay,0.2,uncertainty_query_policy,7,120,0.37500,0.45256,0.05000,0.44124,0.37308,0.54690,1.00000,0.36240,0.19167,0.23333,0.24253,0.52289,0.47583
correction_delay,0.2,uncertainty_query_policy,8,120,0.36667,0.43027,0.07500,0.45269,0.41483,0.54654,1.00000,0.36972,0.10833,0.24763,0.27132,0.51837,0.47232
correction_delay,0.2,uncertainty_query_policy,9,120,0.37500,0.42605,0.04167,0.44039,0.41298,0.55738,1.00000,0.36185,0.15000,0.25633,0.26339,0.55669,0.48907
correction_delay,0.4,active_entropy_query_policy,0,120,0.42500,0.54690,0.02500,0.40505,0.32014,0.51534,1.00000,0.33923,0.10833,0.25107,0.21008,0.57758,0.58259
correction_delay,0.4,active_entropy_query_policy,1,120,0.33333,0.43278,0.05833,0.41910,0.29597,0.53124,1.00000,0.34822,0.10000,0.24182,0.22556,0.58478,0.45284
correction_delay,0.4,active_entropy_query_policy,2,120,0.39167,0.52862,0.09167,0.41470,0.29889,0.52057,1.00000,0.34541,0.12500,0.23093,0.20219,0.57173,0.50601
correction_delay,0.4,active_entropy_query_policy,3,120,0.39167,0.50548,0.00833,0.39797,0.31671,0.51926,1.00000,0.33470,0.06667,0.24925,0.21149,0.58900,0.56176
correction_delay,0.4,active_entropy_query_policy,4,120,0.39167,0.50808,0.05000,0.41218,0.30906,0.51735,1.00000,0.34380,0.09167,0.24829,0.22836,0.58466,0.53280
correction_delay,0.4,active_entropy_query_policy,5,120,0.40833,0.60172,0.05000,0.42395,0.26820,0.52115,1.00000,0.35133,0.13333,0.21172,0.19100,0.55355,0.55700
correction_delay,0.4,active_entropy_query_policy,6,120,0.41667,0.56040,0.08333,0.42094,0.27300,0.54234,1.00000,0.34940,0.15000,0.22134,0.19363,0.57002,0.53790
correction_delay,0.4,active_entropy_query_policy,7,120,0.35833,0.45923,0.07500,0.41650,0.29334,0.51773,1.00000,0.34656,0.12500,0.24002,0.21241,0.57360,0.46575
correction_delay,0.4,active_entropy_query_policy,8,120,0.43333,0.56837,0.06667,0.41479,0.31056,0.50153,1.00000,0.34547,0.10000,0.25532,0.22559,0.58549,0.57463
correction_delay,0.4,active_entropy_query_policy,9,120,0.40833,0.55661,0.04167,0.39921,0.29473,0.51684,1.00000,0.33550,0.10000,0.22530,0.20156,0.56893,0.56166
correction_delay,0.4,full_demo_imitation,0,120,0.25833,0.27253,0.07500,0.51404,0.56418,0.54915,1.00000,0.75898,0.11667,0.21672,0.29733,0.45100,0.30641
correction_delay,0.4,full_demo_imitation,1,120,0.27500,0.27600,0.09167,0.49979,0.55008,0.56988,1.00000,0.74987,0.16667,0.22259,0.32068,0.48427,0.30594
correction_delay,0.4,full_demo_imitation,2,120,0.30833,0.33817,0.05833,0.50724,0.57463,0.57123,1.00000,0.75464,0.12500,0.20966,0.29894,0.46133,0.38077
correction_delay,0.4,full_demo_imitation,3,120,0.30000,0.26971,0.05833,0.46850,0.55341,0.55806,1.00000,0.72984,0.19167,0.22380,0.31658,0.49419,0.33975
correction_delay,0.4,full_demo_imitation,4,120,0.39167,0.39209,0.05833,0.50038,0.57448,0.55250,1.00000,0.75025,0.10833,0.22448,0.32751,0.48207,0.47943
correction_delay,0.4,full_demo_imitation,5,120,0.35000,0.37899,0.07500,0.52949,0.44112,0.55783,1.00000,0.76887,0.07500,0.18192,0.25892,0.43312,0.43295
correction_delay,0.4,full_demo_imitation,6,120,0.28333,0.30999,0.08333,0.49915,0.51164,0.56685,1.00000,0.74946,0.13333,0.21058,0.29681,0.46662,0.33416
correction_delay,0.4,full_demo_imitation,7,120,0.29167,0.29938,0.07500,0.50849,0.55324,0.57927,1.00000,0.75543,0.20000,0.21831,0.30636,0.46898,0.32729
correction_delay,0.4,full_demo_imitation,8,120,0.33333,0.31766,0.05000,0.49407,0.58475,0.56888,1.00000,0.74620,0.15833,0.24276,0.33161,0.49284,0.39790
correction_delay,0.4,full_demo_imitation,9,120,0.28333,0.30404,0.05833,0.49018,0.53186,0.55435,1.00000,0.74371,0.13333,0.20147,0.28769,0.44628,0.34347
correction_delay,0.4,minimum_intervention_boundary_learner_v5,0,120,0.52500,0.67040,0.04167,0.46410,0.21832,0.52149,1.00000,0.37703,0.00000,0.13455,0.13233,0.51619,0.72746
correction_delay,0.4,minimum_intervention_boundary_learner_v5,1,120,0.40833,0.54207,0.03333,0.49252,0.17541,0.53574,1.00000,0.39521,0.00000,0.10503,0.13010,0.50439,0.58734
correction_delay,0.4,minimum_intervention_boundary_learner_v5,2,120,0.53333,0.74840,0.04167,0.47352,0.19232,0.52338,1.00000,0.38305,0.01667,0.11063,0.11909,0.50670,0.74779
correction_delay,0.4,minimum_intervention_boundary_learner_v5,3,120,0.51667,0.67657,0.05833,0.47389,0.20670,0.52331,1.00000,0.38329,0.00833,0.10964,0.12063,0.50454,0.70885
correction_delay,0.4,minimum_intervention_boundary_learner_v5,4,120,0.47500,0.63897,0.06667,0.48299,0.19782,0.52032,1.00000,0.38911,0.01667,0.11375,0.14021,0.51087,0.65192
correction_delay,0.4,minimum_intervention_boundary_learner_v5,5,120,0.45000,0.62997,0.04167,0.46869,0.19302,0.52310,1.00000,0.37996,0.01667,0.11838,0.12996,0.50113,0.63822
correction_delay,0.4,minimum_intervention_boundary_learner_v5,6,120,0.45833,0.62985,0.04167,0.48738,0.19442,0.54532,1.00000,0.39192,0.04167,0.10964,0.11672,0.49901,0.64177
correction_delay,0.4,minimum_intervention_boundary_learner_v5,7,120,0.50000,0.65823,0.02500,0.48663,0.19177,0.52122,1.00000,0.39144,0.01667,0.11623,0.12304,0.50145,0.70236
correction_delay,0.4,minimum_intervention_boundary_learner_v5,8,120,0.48333,0.64424,0.07500,0.48913,0.19355,0.50543,1.00000,0.39304,0.00000,0.11302,0.13135,0.50552,0.65936
correction_delay,0.4,minimum_intervention_boundary_learner_v5,9,120,0.48333,0.67493,0.05000,0.46015,0.19112,0.51961,1.00000,0.37449,0.03333,0.10141,0.12308,0.50232,0.67230
correction_delay,0.4,oracle_minimal_correction,0,120,0.60000,0.80011,0.02500,0.50673,0.14224,0.52736,1.00000,0.40431,0.01667,0.38246,0.03348,0.47546,0.83249
correction_delay,0.4,oracle_minimal_correction,1,120,0.58333,0.80080,0.07500,0.53366,0.10266,0.53997,1.00000,0.42154,0.00833,0.35922,0.03384,0.46398,0.79260
correction_delay,0.4,oracle_minimal_correction,2,120,0.62500,0.86066,0.03333,0.50484,0.12990,0.52913,1.00000,0.40310,0.00833,0.37350,0.03314,0.47473,0.86906
correction_delay,0.4,oracle_minimal_correction,3,120,0.57500,0.79479,0.04167,0.50077,0.13732,0.52862,1.00000,0.40050,0.00000,0.37828,0.03360,0.47613,0.80269
correction_delay,0.4,oracle_minimal_correction,4,120,0.60000,0.82383,0.06667,0.52775,0.10596,0.52611,1.00000,0.41776,0.00000,0.36094,0.03429,0.46607,0.81948
correction_delay,0.4,oracle_minimal_correction,5,120,0.57500,0.79166,0.04167,0.50346,0.11139,0.52799,1.00000,0.40222,0.00833,0.36470,0.03297,0.46887,0.79915
correction_delay,0.4,oracle_minimal_correction,6,120,0.58333,0.77930,0.03333,0.51169,0.13304,0.55109,1.00000,0.40748,0.01667,0.37133,0.03301,0.47630,0.80990
correction_delay,0.4,oracle_minimal_correction,7,120,0.55000,0.72791,0.03333,0.51534,0.11908,0.52508,1.00000,0.40981,0.00833,0.37304,0.03286,0.47175,0.76388
correction_delay,0.4,oracle_minimal_correction,8,120,0.59167,0.80463,0.04167,0.52407,0.11929,0.51153,1.00000,0.41540,0.00000,0.37333,0.03397,0.47092,0.81837
correction_delay,0.4,oracle_minimal_correction,9,120,0.54167,0.74963,0.09167,0.49093,0.12052,0.52406,1.00000,0.39419,0.00000,0.36687,0.03358,0.47132,0.73287
correction_delay,0.4,residual_correction_learner,0,120,0.36667,0.44010,0.05833,0.35474,0.53250,0.52896,1.00000,0.30703,0.11667,0.26126,0.30799,0.62010,0.48644
correction_delay,0.4,residual_correction_learner,1,120,0.21667,0.26218,0.04167,0.35207,0.54981,0.56272,1.00000,0.30532,0.12500,0.26790,0.33851,0.64966,0.30958
correction_delay,0.4,residual_correction_learner,2,120,0.34167,0.35463,0.04167,0.36200,0.54894,0.53909,1.00000,0.31168,0.12500,0.25211,0.31636,0.61545,0.44985
correction_delay,0.4,residual_correction_learner,3,120,0.27500,0.27222,0.01667,0.32392,0.56381,0.52492,1.00000,0.28731,0.11667,0.27869,0.33292,0.65283,0.38151
correction_delay,0.4,residual_correction_learner,4,120,0.30833,0.29089,0.06667,0.32330,0.59395,0.53223,1.00000,0.28691,0.11667,0.28969,0.35992,0.66553,0.39455
correction_delay,0.4,residual_correction_learner,5,120,0.23333,0.29768,0.06667,0.36052,0.50299,0.52868,1.00000,0.31074,0.12500,0.24431,0.31055,0.61192,0.31450
correction_delay,0.4,residual_correction_learner,6,120,0.29167,0.29861,0.04167,0.34467,0.54436,0.54031,1.00000,0.30059,0.15000,0.26883,0.32922,0.63796,0.38231
correction_delay,0.4,residual_correction_learner,7,120,0.30833,0.36278,0.04167,0.34344,0.54963,0.53585,1.00000,0.29980,0.15000,0.26920,0.33206,0.63906,0.41260
correction_delay,0.4,residual_correction_learner,8,120,0.25833,0.30125,0.03333,0.33140,0.58406,0.53061,1.00000,0.29209,0.16667,0.29090,0.34830,0.65845,0.34936
correction_delay,0.4,residual_correction_learner,9,120,0.29167,0.39242,0.08333,0.34542,0.53408,0.51997,1.00000,0.30107,0.17500,0.24787,0.31138,0.60942,0.37019
correction_delay,0.4,robust_mpc_correction,0,120,0.56667,0.79090,0.05833,0.55038,0.11600,0.50515,1.00000,0.43225,0.01667,0.05718,0.05312,0.42855,0.77331
correction_delay,0.4,robust_mpc_correction,1,120,0.50833,0.71812,0.04167,0.58216,0.09888,0.51928,1.00000,0.45258,0.02500,0.03284,0.05451,0.41667,0.70563
correction_delay,0.4,robust_mpc_correction,2,120,0.52500,0.72261,0.07500,0.55379,0.11090,0.50795,1.00000,0.43443,0.01667,0.04646,0.05364,0.42351,0.70797
correction_delay,0.4,robust_mpc_correction,3,120,0.61667,0.86600,0.05000,0.55563,0.10904,0.50638,1.00000,0.43561,0.03333,0.04139,0.04912,0.41820,0.83899
correction_delay,0.4,robust_mpc_correction,4,120,0.59167,0.85154,0.04167,0.57050,0.10166,0.50482,1.00000,0.44512,0.02500,0.04260,0.06290,0.42522,0.81720
correction_delay,0.4,robust_mpc_correction,5,120,0.60833,0.89039,0.05833,0.54452,0.10508,0.50970,1.00000,0.42849,0.05833,0.04870,0.06096,0.42508,0.82579
correction_delay,0.4,robust_mpc_correction,6,120,0.62500,0.90200,0.03333,0.56740,0.10665,0.53108,1.00000,0.44314,0.02500,0.03522,0.05309,0.41717,0.86906
correction_delay,0.4,robust_mpc_correction,7,120,0.52500,0.72009,0.04167,0.56451,0.09735,0.50786,1.00000,0.44129,0.03333,0.04057,0.05358,0.42252,0.71971
correction_delay,0.4,robust_mpc_correction,8,120,0.60833,0.83071,0.03333,0.57745,0.08669,0.49089,1.00000,0.44957,0.03333,0.03722,0.05212,0.41662,0.82884
correction_delay,0.4,robust_mpc_correction,9,120,0.58333,0.82997,0.05000,0.53842,0.10100,0.50426,1.00000,0.42459,0.02500,0.03560,0.05217,0.41973,0.80036
correction_delay,0.4,uncertainty_query_policy,0,120,0.35833,0.42344,0.05000,0.45585,0.40608,0.53240,1.00000,0.37174,0.19167,0.24084,0.25056,0.51135,0.44987
correction_delay,0.4,uncertainty_query_policy,1,120,0.39167,0.42048,0.03333,0.45307,0.41496,0.54590,1.00000,0.36997,0.10833,0.25582,0.28531,0.53901,0.51778
correction_delay,0.4,uncertainty_query_policy,2,120,0.39167,0.46299,0.03333,0.46185,0.39614,0.54306,1.00000,0.37559,0.16667,0.22246,0.24829,0.50796,0.50862
correction_delay,0.4,uncertainty_query_policy,3,120,0.34167,0.37453,0.09167,0.43752,0.38869,0.52904,1.00000,0.36001,0.13333,0.24359,0.25784,0.52953,0.41811
correction_delay,0.4,uncertainty_query_policy,4,120,0.27500,0.32691,0.07500,0.45828,0.39573,0.52752,1.00000,0.37330,0.14167,0.24605,0.27729,0.52780,0.34642
correction_delay,0.4,uncertainty_query_policy,5,120,0.41667,0.48463,0.04167,0.47597,0.34340,0.53515,1.00000,0.38462,0.12500,0.20418,0.23177,0.48723,0.54324
correction_delay,0.4,uncertainty_query_policy,6,120,0.40000,0.46483,0.07500,0.45962,0.35467,0.54874,1.00000,0.37416,0.10000,0.21941,0.24332,0.51719,0.51562
correction_delay,0.4,uncertainty_query_policy,7,120,0.35000,0.39905,0.05000,0.45654,0.39165,0.54559,1.00000,0.37218,0.19167,0.24267,0.26594,0.52040,0.43832
correction_delay,0.4,uncertainty_query_policy,8,120,0.30833,0.34176,0.08333,0.45801,0.39701,0.53512,1.00000,0.37313,0.10833,0.25114,0.27057,0.53344,0.38930
correction_delay,0.4,uncertainty_query_policy,9,120,0.37500,0.45998,0.03333,0.44886,0.37426,0.53469,1.00000,0.36727,0.10833,0.21497,0.23932,0.49719,0.50637
correction_delay,0.6,active_entropy_query_policy,0,120,0.40833,0.52078,0.02500,0.44414,0.26785,0.52257,1.00000,0.36425,0.12500,0.20748,0.18950,0.55354,0.55412
correction_delay,0.6,active_entropy_query_policy,1,120,0.33333,0.43389,0.04167,0.42250,0.28480,0.52672,1.00000,0.35040,0.09167,0.22546,0.21629,0.56963,0.46264
correction_delay,0.6,active_entropy_query_policy,2,120,0.35833,0.45896,0.08333,0.41946,0.30302,0.51890,1.00000,0.34845,0.10833,0.24647,0.22499,0.57552,0.46619
correction_delay,0.6,active_entropy_query_policy,3,120,0.38333,0.54082,0.00833,0.40846,0.30056,0.50683,1.00000,0.34141,0.09167,0.23169,0.20884,0.57296,0.55149
correction_delay,0.6,active_entropy_query_policy,4,120,0.46667,0.61505,0.05000,0.44342,0.26309,0.51199,1.00000,0.36379,0.07500,0.20301,0.18232,0.55085,0.63271
correction_delay,0.6,active_entropy_query_policy,5,120,0.40000,0.54481,0.05833,0.41219,0.30038,0.49750,1.00000,0.34380,0.12500,0.23814,0.21791,0.57983,0.53272
correction_delay,0.6,active_entropy_query_policy,6,120,0.40833,0.57384,0.07500,0.38753,0.29079,0.51330,1.00000,0.32802,0.15833,0.23042,0.21531,0.57805,0.53212
correction_delay,0.6,active_entropy_query_policy,7,120,0.40000,0.51313,0.07500,0.42276,0.28837,0.51783,1.00000,0.35057,0.10833,0.21692,0.19239,0.56140,0.52317
correction_delay,0.6,active_entropy_query_policy,8,120,0.45000,0.62402,0.05833,0.40876,0.28498,0.53560,1.00000,0.34161,0.10833,0.22352,0.21270,0.56884,0.60931
correction_delay,0.6,active_entropy_query_policy,9,120,0.37500,0.47780,0.05000,0.40900,0.33498,0.53376,1.00000,0.34176,0.10000,0.24929,0.21556,0.59462,0.50986
correction_delay,0.6,full_demo_imitation,0,120,0.35833,0.35923,0.08333,0.54580,0.50071,0.53503,1.00000,0.77931,0.11667,0.19812,0.28847,0.43908,0.41780
correction_delay,0.6,full_demo_imitation,1,120,0.31667,0.31478,0.09167,0.52992,0.53031,0.55979,1.00000,0.76915,0.20833,0.21275,0.30903,0.44875,0.34052
correction_delay,0.6,full_demo_imitation,2,120,0.34167,0.33584,0.04167,0.52799,0.52024,0.55607,1.00000,0.76791,0.10000,0.21070,0.30563,0.45389,0.42631
correction_delay,0.6,full_demo_imitation,3,120,0.34167,0.34911,0.06667,0.50605,0.62351,0.55804,1.00000,0.75387,0.22500,0.23255,0.32312,0.45386,0.38212
correction_delay,0.6,full_demo_imitation,4,120,0.41667,0.41994,0.05833,0.58166,0.51791,0.55248,1.00000,0.80226,0.08333,0.19609,0.27652,0.40038,0.51113
correction_delay,0.6,full_demo_imitation,5,120,0.27500,0.28082,0.05833,0.48485,0.58743,0.56179,1.00000,0.74031,0.10833,0.22339,0.32743,0.49271,0.34047
correction_delay,0.6,full_demo_imitation,6,120,0.30000,0.35260,0.10000,0.48140,0.58746,0.55594,1.00000,0.73810,0.11667,0.22604,0.32807,0.45766,0.35485
correction_delay,0.6,full_demo_imitation,7,120,0.35833,0.38835,0.06667,0.55450,0.50252,0.56616,1.00000,0.78488,0.16667,0.19063,0.27118,0.40584,0.42101
correction_delay,0.6,full_demo_imitation,8,120,0.39167,0.39702,0.06667,0.52083,0.52028,0.57231,1.00000,0.76333,0.15833,0.19504,0.30020,0.43037,0.46158
correction_delay,0.6,full_demo_imitation,9,120,0.28333,0.25157,0.03333,0.53716,0.60145,0.56784,1.00000,0.77378,0.12500,0.23205,0.31970,0.44568,0.34763
correction_delay,0.6,minimum_intervention_boundary_learner_v5,0,120,0.53333,0.71397,0.04167,0.50188,0.17843,0.52283,1.00000,0.40120,0.00833,0.10854,0.11805,0.49250,0.74094
correction_delay,0.6,minimum_intervention_boundary_learner_v5,1,120,0.44167,0.61830,0.03333,0.48899,0.17516,0.53081,1.00000,0.39296,0.03333,0.10157,0.12396,0.49777,0.62724
correction_delay,0.6,minimum_intervention_boundary_learner_v5,2,120,0.43333,0.59300,0.05000,0.47955,0.20644,0.52575,1.00000,0.38691,0.00000,0.12105,0.14348,0.51567,0.61451
correction_delay,0.6,minimum_intervention_boundary_learner_v5,3,120,0.53333,0.74114,0.05000,0.47679,0.20403,0.51141,1.00000,0.38514,0.01667,0.11092,0.12599,0.49903,0.73982
correction_delay,0.6,minimum_intervention_boundary_learner_v5,4,120,0.50000,0.68451,0.07500,0.50058,0.17054,0.51268,1.00000,0.40037,0.03333,0.09437,0.10590,0.48675,0.67523
correction_delay,0.6,minimum_intervention_boundary_learner_v5,5,120,0.43333,0.61149,0.05000,0.48839,0.19156,0.50244,1.00000,0.39257,0.00833,0.10962,0.12172,0.49541,0.61195
correction_delay,0.6,minimum_intervention_boundary_learner_v5,6,120,0.50000,0.68534,0.03333,0.46526,0.18221,0.51841,1.00000,0.37776,0.01667,0.10476,0.12126,0.49369,0.70385
correction_delay,0.6,minimum_intervention_boundary_learner_v5,7,120,0.47500,0.63546,0.03333,0.47138,0.19310,0.52210,1.00000,0.38168,0.00833,0.10951,0.12245,0.50571,0.67112
correction_delay,0.6,minimum_intervention_boundary_learner_v5,8,120,0.47500,0.68441,0.07500,0.47410,0.19726,0.53767,1.00000,0.38342,0.00833,0.10778,0.13030,0.50456,0.66211
correction_delay,0.6,minimum_intervention_boundary_learner_v5,9,120,0.40833,0.54956,0.05000,0.47311,0.23520,0.53682,1.00000,0.38279,0.02500,0.13739,0.13248,0.52192,0.57489
correction_delay,0.6,oracle_minimal_correction,0,120,0.62500,0.84417,0.02500,0.52472,0.11658,0.52903,1.00000,0.41582,0.00833,0.36564,0.03451,0.47179,0.86904
correction_delay,0.6,oracle_minimal_correction,1,120,0.64167,0.89155,0.06667,0.52145,0.11237,0.53602,1.00000,0.41373,0.00000,0.36088,0.03443,0.46821,0.87762
correction_delay,0.6,oracle_minimal_correction,2,120,0.64167,0.88370,0.02500,0.52875,0.12403,0.53039,1.00000,0.41840,0.00000,0.37260,0.03326,0.47050,0.89673
correction_delay,0.6,oracle_minimal_correction,3,120,0.58333,0.79543,0.04167,0.50657,0.12285,0.51755,1.00000,0.40420,0.00000,0.37464,0.03508,0.47152,0.80933
correction_delay,0.6,oracle_minimal_correction,4,120,0.59167,0.79957,0.08333,0.51754,0.11860,0.51819,1.00000,0.41123,0.00000,0.36742,0.03457,0.47062,0.79663
correction_delay,0.6,oracle_minimal_correction,5,120,0.61667,0.81484,0.05000,0.51518,0.12073,0.50896,1.00000,0.40972,0.00000,0.37177,0.03552,0.47130,0.84123
correction_delay,0.6,oracle_minimal_correction,6,120,0.55000,0.74942,0.02500,0.49301,0.12207,0.52478,1.00000,0.39552,0.00000,0.36112,0.03500,0.46946,0.77577
correction_delay,0.6,oracle_minimal_correction,7,120,0.56667,0.80326,0.02500,0.50458,0.12470,0.52755,1.00000,0.40293,0.00000,0.37032,0.03416,0.47308,0.80449
correction_delay,0.6,oracle_minimal_correction,8,120,0.60000,0.85749,0.04167,0.51063,0.11749,0.54065,1.00000,0.40680,0.00833,0.35933,0.03413,0.46988,0.84012
correction_delay,0.6,oracle_minimal_correction,9,120,0.56667,0.76098,0.07500,0.51215,0.14747,0.53956,1.00000,0.40778,0.00000,0.38326,0.03456,0.48029,0.77089
correction_delay,0.6,residual_correction_learner,0,120,0.35000,0.41956,0.05000,0.39048,0.51450,0.52720,1.00000,0.32991,0.11667,0.24541,0.30910,0.58947,0.46680
correction_delay,0.6,residual_correction_learner,1,120,0.28333,0.31417,0.03333,0.35477,0.55119,0.54487,1.00000,0.30705,0.15000,0.25657,0.33183,0.62604,0.38144
correction_delay,0.6,residual_correction_learner,2,120,0.32500,0.35920,0.05000,0.35950,0.53135,0.52409,1.00000,0.31008,0.12500,0.26555,0.32672,0.61922,0.42816
correction_delay,0.6,residual_correction_learner,3,120,0.26667,0.26599,0.01667,0.33786,0.61663,0.51855,1.00000,0.29623,0.13333,0.28405,0.34740,0.63404,0.36497
correction_delay,0.6,residual_correction_learner,4,120,0.39167,0.44765,0.06667,0.39091,0.52398,0.51401,1.00000,0.33018,0.13333,0.24150,0.30676,0.59525,0.49987
correction_delay,0.6,residual_correction_learner,5,120,0.18333,0.22353,0.05000,0.33516,0.59424,0.53159,1.00000,0.29450,0.15833,0.28442,0.35426,0.64975,0.25052
correction_delay,0.6,residual_correction_learner,6,120,0.30833,0.33203,0.04167,0.31891,0.59333,0.53300,1.00000,0.28410,0.14167,0.27592,0.34860,0.64262,0.40868
correction_delay,0.6,residual_correction_learner,7,120,0.33333,0.37924,0.05000,0.37352,0.49088,0.53960,1.00000,0.31905,0.14167,0.23633,0.30063,0.60049,0.43691
correction_delay,0.6,residual_correction_learner,8,120,0.30000,0.35553,0.03333,0.35042,0.52652,0.53935,1.00000,0.30427,0.17500,0.25230,0.32832,0.61289,0.39895
correction_delay,0.6,residual_correction_learner,9,120,0.31667,0.32468,0.07500,0.36202,0.57735,0.54000,1.00000,0.31169,0.15833,0.27209,0.32331,0.63414,0.39264
correction_delay,0.6,robust_mpc_correction,0,120,0.58333,0.81997,0.06667,0.57305,0.10193,0.50775,1.00000,0.44675,0.01667,0.03664,0.05881,0.42230,0.79141
correction_delay,0.6,robust_mpc_correction,1,120,0.48333,0.70879,0.04167,0.56740,0.10522,0.51676,1.00000,0.44314,0.03333,0.03794,0.05675,0.42004,0.67651
correction_delay,0.6,robust_mpc_correction,2,120,0.55833,0.77150,0.07500,0.57454,0.10696,0.50924,1.00000,0.44771,0.00833,0.04553,0.06170,0.42632,0.75410
correction_delay,0.6,robust_mpc_correction,3,120,0.60833,0.89662,0.06667,0.55749,0.11033,0.49602,1.00000,0.43680,0.02500,0.04308,0.05481,0.41858,0.82968
correction_delay,0.6,robust_mpc_correction,4,120,0.60833,0.86851,0.05000,0.57095,0.10028,0.49919,1.00000,0.44541,0.04167,0.03462,0.05207,0.41510,0.82735
correction_delay,0.6,robust_mpc_correction,5,120,0.60000,0.82331,0.06667,0.56581,0.10492,0.48771,1.00000,0.44212,0.05000,0.03984,0.05727,0.41759,0.79685
correction_delay,0.6,robust_mpc_correction,6,120,0.59167,0.87014,0.03333,0.53901,0.11298,0.50258,1.00000,0.42496,0.03333,0.03916,0.05677,0.41908,0.82360
correction_delay,0.6,robust_mpc_correction,7,120,0.52500,0.77224,0.04167,0.54754,0.11622,0.50562,1.00000,0.43043,0.05000,0.04956,0.05903,0.42870,0.72702
correction_delay,0.6,robust_mpc_correction,8,120,0.58333,0.87503,0.03333,0.55654,0.11400,0.52147,1.00000,0.43618,0.03333,0.03755,0.05813,0.42272,0.81847
correction_delay,0.6,robust_mpc_correction,9,120,0.55833,0.78309,0.05000,0.56383,0.13313,0.51877,1.00000,0.44085,0.02500,0.05452,0.05901,0.42919,0.76667
correction_delay,0.6,uncertainty_query_policy,0,120,0.35000,0.41804,0.06667,0.49702,0.34775,0.52535,1.00000,0.39809,0.15833,0.20653,0.23749,0.48807,0.43775
correction_delay,0.6,uncertainty_query_policy,1,120,0.35833,0.39058,0.05833,0.47583,0.37808,0.53831,1.00000,0.38453,0.11667,0.22520,0.26585,0.50222,0.45905
correction_delay,0.6,uncertainty_query_policy,2,120,0.33333,0.38629,0.02500,0.47762,0.38318,0.53512,1.00000,0.38568,0.16667,0.23484,0.26242,0.50450,0.43608
correction_delay,0.6,uncertainty_query_policy,3,120,0.37500,0.43497,0.10000,0.45519,0.42349,0.53240,1.00000,0.37132,0.12500,0.23944,0.26243,0.50851,0.46162
correction_delay,0.6,uncertainty_query_policy,4,120,0.35000,0.38609,0.06667,0.50395,0.36546,0.53507,1.00000,0.40252,0.13333,0.20573,0.23578,0.47816,0.43829
correction_delay,0.6,uncertainty_query_policy,5,120,0.41667,0.46687,0.03333,0.44695,0.42115,0.52537,1.00000,0.36605,0.10833,0.24966,0.27969,0.53574,0.55032
correction_delay,0.6,uncertainty_query_policy,6,120,0.36667,0.45203,0.07500,0.43128,0.41704,0.53507,1.00000,0.35602,0.11667,0.24485,0.28059,0.51889,0.47393
correction_delay,0.6,uncertainty_query_policy,7,120,0.38333,0.44548,0.09167,0.48868,0.36851,0.54958,1.00000,0.39275,0.20000,0.20010,0.23273,0.47513,0.45520
correction_delay,0.6,uncertainty_query_policy,8,120,0.36667,0.42824,0.08333,0.46002,0.37636,0.55638,1.00000,0.37441,0.10833,0.21650,0.25927,0.49698,0.46754
correction_delay,0.6,uncertainty_query_policy,9,120,0.34167,0.35948,0.03333,0.46850,0.42169,0.55049,1.00000,0.37984,0.14167,0.24824,0.26671,0.51788,0.44412
correction_delay,0.8,active_entropy_query_policy,0,120,0.41667,0.54453,0.02500,0.41743,0.28365,0.49995,1.00000,0.34716,0.11667,0.22476,0.21629,0.57040,0.56869
correction_delay,0.8,active_entropy_query_policy,1,120,0.34167,0.46062,0.05000,0.40417,0.30313,0.49704,1.00000,0.33867,0.09167,0.23087,0.20942,0.56744,0.46908
correction_delay,0.8,active_entropy_query_policy,2,120,0.39167,0.51460,0.10833,0.40038,0.32228,0.50895,1.00000,0.33624,0.10833,0.25110,0.22321,0.58950,0.49872
correction_delay,0.8,active_entropy_query_policy,3,120,0.45000,0.59664,0.00833,0.41523,0.29915,0.50796,1.00000,0.34575,0.07500,0.22037,0.21045,0.56295,0.63455
correction_delay,0.8,active_entropy_query_policy,4,120,0.44167,0.57827,0.05000,0.41368,0.29979,0.50650,1.00000,0.34475,0.08333,0.22137,0.21521,0.56665,0.59822
correction_delay,0.8,active_entropy_query_policy,5,120,0.40833,0.55677,0.05000,0.40341,0.30413,0.48521,1.00000,0.33818,0.10000,0.24387,0.23900,0.58210,0.55379
correction_delay,0.8,active_entropy_query_policy,6,120,0.40000,0.52543,0.07500,0.39989,0.33092,0.50836,1.00000,0.33593,0.15833,0.23875,0.22910,0.59041,0.51275
correction_delay,0.8,active_entropy_query_policy,7,120,0.37500,0.49761,0.08333,0.43234,0.30395,0.50783,1.00000,0.35670,0.11667,0.23456,0.21285,0.57205,0.48704
correction_delay,0.8,active_entropy_query_policy,8,120,0.45000,0.60927,0.05833,0.43869,0.25740,0.51090,1.00000,0.36076,0.08333,0.20520,0.19879,0.55441,0.60828
correction_delay,0.8,active_entropy_query_policy,9,120,0.39167,0.50929,0.04167,0.41784,0.30359,0.50762,1.00000,0.34742,0.09167,0.23619,0.22233,0.58575,0.53602
correction_delay,0.8,full_demo_imitation,0,120,0.26667,0.25576,0.07500,0.54088,0.56212,0.53493,1.00000,0.77616,0.11667,0.21588,0.32385,0.43433,0.30760
correction_delay,0.8,full_demo_imitation,1,120,0.33333,0.32852,0.09167,0.56237,0.57990,0.53572,1.00000,0.78992,0.20833,0.20547,0.29163,0.38552,0.35298
correction_delay,0.8,full_demo_imitation,2,120,0.28333,0.28378,0.05833,0.53062,0.58687,0.55490,1.00000,0.76960,0.15000,0.21690,0.31877,0.44808,0.33334
correction_delay,0.8,full_demo_imitation,3,120,0.34167,0.32604,0.09167,0.57001,0.60505,0.54755,1.00000,0.79480,0.24167,0.20777,0.30472,0.38719,0.35284
correction_delay,0.8,full_demo_imitation,4,120,0.35833,0.36068,0.11667,0.56651,0.56746,0.54566,1.00000,0.79257,0.11667,0.20829,0.30723,0.39342,0.39929
correction_delay,0.8,full_demo_imitation,5,120,0.20833,0.20757,0.05833,0.46937,0.59173,0.53622,1.00000,0.73040,0.11667,0.23217,0.36229,0.49227,0.25245
correction_delay,0.8,full_demo_imitation,6,120,0.24167,0.23443,0.11667,0.53316,0.59761,0.55257,1.00000,0.77122,0.10000,0.21822,0.33034,0.43594,0.26350
correction_delay,0.8,full_demo_imitation,7,120,0.34167,0.35361,0.08333,0.53970,0.53722,0.54659,1.00000,0.77541,0.20833,0.20586,0.30535,0.44551,0.37623
correction_delay,0.8,full_demo_imitation,8,120,0.35833,0.35126,0.08333,0.56300,0.53662,0.55224,1.00000,0.79032,0.17500,0.20015,0.31267,0.41984,0.40050
correction_delay,0.8,full_demo_imitation,9,120,0.26667,0.24832,0.04167,0.51701,0.58858,0.55054,1.00000,0.76089,0.13333,0.22201,0.34228,0.46293,0.32277
correction_delay,0.8,minimum_intervention_boundary_learner_v5,0,120,0.55000,0.70660,0.05000,0.48502,0.18627,0.50436,1.00000,0.39041,0.00833,0.10714,0.13097,0.50087,0.75016
correction_delay,0.8,minimum_intervention_boundary_learner_v5,1,120,0.40000,0.55064,0.04167,0.46189,0.21178,0.50291,1.00000,0.37561,0.02500,0.11395,0.13652,0.50637,0.56627
correction_delay,0.8,minimum_intervention_boundary_learner_v5,2,120,0.53333,0.71696,0.04167,0.47418,0.21086,0.51472,1.00000,0.38348,0.00833,0.12060,0.13503,0.51518,0.74248
correction_delay,0.8,minimum_intervention_boundary_learner_v5,3,120,0.52500,0.73720,0.05833,0.47362,0.19164,0.50801,1.00000,0.38312,0.00833,0.11007,0.12769,0.49844,0.72824
correction_delay,0.8,minimum_intervention_boundary_learner_v5,4,120,0.45833,0.64109,0.07500,0.47286,0.19158,0.51157,1.00000,0.38263,0.00833,0.10751,0.13646,0.50288,0.63247
correction_delay,0.8,minimum_intervention_boundary_learner_v5,5,120,0.45833,0.65062,0.04167,0.48795,0.18267,0.48906,1.00000,0.39229,0.01667,0.11215,0.13590,0.49470,0.64580
correction_delay,0.8,minimum_intervention_boundary_learner_v5,6,120,0.43333,0.57996,0.04167,0.46987,0.20832,0.50784,1.00000,0.38072,0.01667,0.11352,0.13752,0.51181,0.60907
correction_delay,0.8,minimum_intervention_boundary_learner_v5,7,120,0.50000,0.66645,0.03333,0.50126,0.20736,0.51042,1.00000,0.40081,0.02500,0.11535,0.12944,0.50184,0.69570
correction_delay,0.8,minimum_intervention_boundary_learner_v5,8,120,0.45833,0.63507,0.06667,0.50310,0.16456,0.51579,1.00000,0.40198,0.00000,0.10315,0.11619,0.48624,0.63666
correction_delay,0.8,minimum_intervention_boundary_learner_v5,9,120,0.45000,0.62169,0.05000,0.49677,0.19693,0.51038,1.00000,0.39793,0.02500,0.10986,0.12840,0.50199,0.62731
correction_delay,0.8,oracle_minimal_correction,0,120,0.64167,0.87165,0.03333,0.51769,0.10957,0.50923,1.00000,0.41132,0.00833,0.36434,0.03617,0.47154,0.88503
correction_delay,0.8,oracle_minimal_correction,1,120,0.58333,0.81888,0.06667,0.49865,0.13120,0.51005,1.00000,0.39914,0.01667,0.37543,0.03543,0.47297,0.79615
correction_delay,0.8,oracle_minimal_correction,2,120,0.61667,0.80854,0.04167,0.51787,0.14148,0.52102,1.00000,0.41144,0.01667,0.38312,0.03615,0.47953,0.84141
correction_delay,0.8,oracle_minimal_correction,3,120,0.60833,0.84456,0.04167,0.50467,0.11407,0.51210,1.00000,0.40299,0.00000,0.36718,0.03550,0.46849,0.84433
correction_delay,0.8,oracle_minimal_correction,4,120,0.59167,0.80981,0.07500,0.51106,0.11075,0.51926,1.00000,0.40708,0.00000,0.35981,0.03561,0.46666,0.80334
correction_delay,0.8,oracle_minimal_correction,5,120,0.60000,0.84083,0.04167,0.52664,0.10737,0.49668,1.00000,0.41705,0.00000,0.36201,0.03799,0.46448,0.83234
correction_delay,0.8,oracle_minimal_correction,6,120,0.57500,0.79403,0.02500,0.51166,0.10744,0.51287,1.00000,0.40746,0.00833,0.36053,0.03548,0.46487,0.80593
correction_delay,0.8,oracle_minimal_correction,7,120,0.54167,0.73711,0.04167,0.53220,0.11989,0.51534,1.00000,0.42061,0.00000,0.37356,0.03585,0.47278,0.75387
correction_delay,0.8,oracle_minimal_correction,8,120,0.63333,0.85610,0.05000,0.52267,0.11068,0.52259,1.00000,0.41451,0.00833,0.36137,0.03626,0.47044,0.86615
correction_delay,0.8,oracle_minimal_correction,9,120,0.54167,0.73623,0.08333,0.52726,0.12258,0.51535,1.00000,0.41745,0.00833,0.37065,0.03621,0.47261,0.72981
correction_delay,0.8,residual_correction_learner,0,120,0.28333,0.32015,0.07500,0.34626,0.55278,0.50403,1.00000,0.30161,0.07500,0.26876,0.34738,0.63286,0.37736
correction_delay,0.8,residual_correction_learner,1,120,0.25000,0.33343,0.04167,0.35525,0.56431,0.49643,1.00000,0.30736,0.15000,0.25841,0.31641,0.60399,0.34059
correction_delay,0.8,residual_correction_learner,2,120,0.32500,0.38779,0.04167,0.33934,0.59156,0.53219,1.00000,0.29717,0.12500,0.27728,0.33550,0.63437,0.44118
correction_delay,0.8,residual_correction_learner,3,120,0.30000,0.33171,0.01667,0.36394,0.57129,0.53437,1.00000,0.31292,0.13333,0.25875,0.32513,0.60520,0.41262
correction_delay,0.8,residual_correction_learner,4,120,0.35000,0.37291,0.07500,0.36415,0.54678,0.52052,1.00000,0.31306,0.17500,0.24585,0.32455,0.60423,0.42783
correction_delay,0.8,residual_correction_learner,5,120,0.19167,0.23810,0.07500,0.31797,0.58705,0.49848,1.00000,0.28350,0.15833,0.28605,0.37223,0.65964,0.24574
correction_delay,0.8,residual_correction_learner,6,120,0.33333,0.38062,0.05000,0.34846,0.57569,0.50920,1.00000,0.30301,0.14167,0.26793,0.34182,0.62659,0.43529
correction_delay,0.8,residual_correction_learner,7,120,0.28333,0.31077,0.04167,0.35263,0.57134,0.50842,1.00000,0.30568,0.14167,0.27152,0.33828,0.63599,0.37451
correction_delay,0.8,residual_correction_learner,8,120,0.36667,0.41450,0.05000,0.37525,0.54520,0.51388,1.00000,0.32016,0.15833,0.25338,0.33256,0.61017,0.47043
correction_delay,0.8,residual_correction_learner,9,120,0.24167,0.25222,0.06667,0.33756,0.59354,0.51366,1.00000,0.29604,0.18333,0.28832,0.36579,0.65364,0.29729
correction_delay,0.8,robust_mpc_correction,0,120,0.58333,0.80916,0.05833,0.56362,0.10313,0.48892,1.00000,0.44071,0.01667,0.04035,0.06463,0.42191,0.79117
correction_delay,0.8,robust_mpc_correction,1,120,0.45833,0.66393,0.04167,0.54240,0.11181,0.48680,1.00000,0.42713,0.05000,0.04755,0.06320,0.42651,0.63412
correction_delay,0.8,robust_mpc_correction,2,120,0.51667,0.72023,0.07500,0.56722,0.12154,0.49852,1.00000,0.44302,0.00833,0.04988,0.06181,0.42724,0.70002
correction_delay,0.8,robust_mpc_correction,3,120,0.63333,0.92028,0.05000,0.54579,0.10900,0.49405,1.00000,0.42931,0.03333,0.04411,0.06420,0.42527,0.86663
correction_delay,0.8,robust_mpc_correction,4,120,0.59167,0.86792,0.03333,0.55683,0.09755,0.49611,1.00000,0.43637,0.01667,0.03382,0.05866,0.41795,0.82636
correction_delay,0.8,robust_mpc_correction,5,120,0.60833,0.86024,0.08333,0.56979,0.11923,0.47480,1.00000,0.44466,0.04167,0.04456,0.06852,0.41807,0.80520
correction_delay,0.8,robust_mpc_correction,6,120,0.58333,0.83773,0.03333,0.54649,0.11254,0.49097,1.00000,0.42975,0.00833,0.04520,0.06874,0.42928,0.81392
correction_delay,0.8,robust_mpc_correction,7,120,0.50000,0.69507,0.04167,0.57884,0.11224,0.49627,1.00000,0.45045,0.04167,0.04677,0.05799,0.42760,0.68521
correction_delay,0.8,robust_mpc_correction,8,120,0.62500,0.88511,0.03333,0.57071,0.10350,0.50238,1.00000,0.44525,0.03333,0.03811,0.05991,0.42145,0.85940
correction_delay,0.8,robust_mpc_correction,9,120,0.56667,0.77752,0.04167,0.57615,0.10610,0.49459,1.00000,0.44873,0.02500,0.04028,0.05649,0.42276,0.77430
correction_delay,0.8,uncertainty_query_policy,0,120,0.37500,0.42044,0.06667,0.47564,0.38809,0.51970,1.00000,0.38441,0.17500,0.22986,0.27160,0.49641,0.45891
correction_delay,0.8,uncertainty_query_policy,1,120,0.38333,0.44081,0.04167,0.48437,0.40212,0.51260,1.00000,0.39000,0.14167,0.21930,0.24785,0.46244,0.49119
correction_delay,0.8,uncertainty_query_policy,2,120,0.33333,0.36834,0.03333,0.47423,0.40661,0.53096,1.00000,0.38351,0.15000,0.24010,0.26532,0.49489,0.43155
correction_delay,0.8,uncertainty_query_policy,3,120,0.38333,0.44365,0.10833,0.49629,0.43410,0.52344,1.00000,0.39763,0.11667,0.22300,0.26127,0.46297,0.46524
correction_delay,0.8,uncertainty_query_policy,4,120,0.30833,0.36061,0.06667,0.48816,0.39812,0.53241,1.00000,0.39242,0.14167,0.21755,0.26083,0.47015,0.38840
correction_delay,0.8,uncertainty_query_policy,5,120,0.35000,0.39519,0.03333,0.43854,0.41904,0.50563,1.00000,0.36066,0.15000,0.25938,0.30323,0.52920,0.45357
correction_delay,0.8,uncertainty_query_policy,6,120,0.37500,0.42183,0.05833,0.46687,0.43392,0.53146,1.00000,0.37880,0.09167,0.24014,0.27931,0.50490,0.48909
correction_delay,0.8,uncertainty_query_policy,7,120,0.40000,0.45438,0.05000,0.48459,0.38756,0.51988,1.00000,0.39014,0.19167,0.23221,0.26028,0.50503,0.49558
correction_delay,0.8,uncertainty_query_policy,8,120,0.35000,0.38171,0.10000,0.49990,0.37496,0.53126,1.00000,0.39993,0.12500,0.21724,0.26254,0.47791,0.42194
correction_delay,0.8,uncertainty_query_policy,9,120,0.36667,0.39207,0.04167,0.46228,0.41180,0.52664,1.00000,0.37586,0.13333,0.24608,0.28351,0.52692,0.47182
correction_delay,1.0,active_entropy_query_policy,0,120,0.40000,0.56798,0.02500,0.41156,0.30030,0.46540,1.00000,0.34340,0.10000,0.23996,0.23057,0.57770,0.55789
correction_delay,1.0,active_entropy_query_policy,1,120,0.34167,0.44169,0.05000,0.42797,0.31294,0.48384,1.00000,0.35390,0.08333,0.22762,0.19841,0.56894,0.46493
correction_delay,1.0,active_entropy_query_policy,2,120,0.40000,0.53711,0.10000,0.45529,0.28254,0.50773,1.00000,0.37139,0.11667,0.20040,0.20677,0.54293,0.50994
correction_delay,1.0,active_entropy_query_policy,3,120,0.47500,0.63669,0.01667,0.42349,0.29080,0.47982,1.00000,0.35103,0.06667,0.21379,0.21197,0.55568,0.66210
correction_delay,1.0,active_entropy_query_policy,4,120,0.38333,0.50605,0.05000,0.39537,0.33221,0.48472,1.00000,0.33303,0.08333,0.24265,0.23361,0.58140,0.52243
correction_delay,1.0,active_entropy_query_policy,5,120,0.44167,0.60992,0.05833,0.44169,0.27844,0.48842,1.00000,0.36268,0.12500,0.21046,0.20886,0.55585,0.58548
correction_delay,1.0,active_entropy_query_policy,6,120,0.39167,0.52024,0.08333,0.42221,0.30875,0.50212,1.00000,0.35022,0.15000,0.23137,0.22267,0.58467,0.49954
correction_delay,1.0,active_entropy_query_policy,7,120,0.40000,0.53746,0.07500,0.42479,0.31232,0.51020,1.00000,0.35187,0.10833,0.20696,0.21361,0.55988,0.52739
correction_delay,1.0,active_entropy_query_policy,8,120,0.48333,0.64269,0.06667,0.41215,0.30471,0.47398,1.00000,0.34378,0.09167,0.23676,0.23111,0.57860,0.63947
correction_delay,1.0,active_entropy_query_policy,9,120,0.45833,0.59235,0.05000,0.42508,0.31751,0.49932,1.00000,0.35205,0.10833,0.22388,0.19688,0.57416,0.61009
correction_delay,1.0,full_demo_imitation,0,120,0.22500,0.22168,0.07500,0.53455,0.60531,0.50390,1.00000,0.77211,0.10833,0.22653,0.35052,0.44692,0.25754
correction_delay,1.0,full_demo_imitation,1,120,0.35000,0.32458,0.10000,0.60701,0.59389,0.53493,1.00000,0.81849,0.19167,0.21311,0.29025,0.36880,0.36689
correction_delay,1.0,full_demo_imitation,2,120,0.31667,0.28961,0.10000,0.60091,0.57861,0.52937,1.00000,0.81458,0.17500,0.21150,0.32023,0.38219,0.33065
correction_delay,1.0,full_demo_imitation,3,120,0.26667,0.25210,0.10833,0.60167,0.56772,0.53355,1.00000,0.81507,0.25000,0.19632,0.30033,0.35582,0.24627
correction_delay,1.0,full_demo_imitation,4,120,0.30833,0.30791,0.04167,0.55002,0.62923,0.51274,1.00000,0.78201,0.10833,0.22123,0.32638,0.41347,0.37621
correction_delay,1.0,full_demo_imitation,5,120,0.30833,0.32303,0.09167,0.60342,0.52820,0.52769,1.00000,0.81619,0.10000,0.19341,0.29605,0.38052,0.35463
correction_delay,1.0,full_demo_imitation,6,120,0.28333,0.25276,0.10000,0.53008,0.59841,0.51965,1.00000,0.76925,0.10833,0.22742,0.34214,0.46366,0.31273
correction_delay,1.0,full_demo_imitation,7,120,0.35000,0.36188,0.09167,0.56962,0.56464,0.53662,1.00000,0.79455,0.13333,0.20379,0.30311,0.39929,0.39858
correction_delay,1.0,full_demo_imitation,8,120,0.29167,0.25157,0.09167,0.53915,0.60411,0.52568,1.00000,0.77505,0.15000,0.23014,0.35035,0.44180,0.31290
correction_delay,1.0,full_demo_imitation,9,120,0.28333,0.25143,0.05000,0.60959,0.56194,0.55090,1.00000,0.82014,0.15000,0.20387,0.28413,0.37631,0.32417
correction_delay,1.0,minimum_intervention_boundary_learner_v5,0,120,0.52500,0.72285,0.04167,0.48496,0.19905,0.46763,1.00000,0.39037,0.00833,0.12065,0.13703,0.50270,0.72839
correction_delay,1.0,minimum_intervention_boundary_learner_v5,1,120,0.35833,0.48329,0.02500,0.47905,0.21338,0.48014,1.00000,0.38659,0.01667,0.12913,0.12606,0.50935,0.51748
correction_delay,1.0,minimum_intervention_boundary_learner_v5,2,120,0.53333,0.72590,0.05000,0.50982,0.18462,0.50908,1.00000,0.40628,0.00833,0.10697,0.12472,0.48815,0.73700
correction_delay,1.0,minimum_intervention_boundary_learner_v5,3,120,0.50000,0.67341,0.05833,0.47825,0.19869,0.48360,1.00000,0.38608,0.01667,0.11827,0.13931,0.50060,0.68368
correction_delay,1.0,minimum_intervention_boundary_learner_v5,4,120,0.48333,0.67682,0.06667,0.46272,0.22313,0.48432,1.00000,0.37614,0.01667,0.13066,0.14801,0.51158,0.66451
correction_delay,1.0,minimum_intervention_boundary_learner_v5,5,120,0.45000,0.63162,0.05833,0.49523,0.20029,0.48980,1.00000,0.39694,0.00833,0.12176,0.13814,0.49840,0.62702
correction_delay,1.0,minimum_intervention_boundary_learner_v5,6,120,0.44167,0.59521,0.05000,0.49588,0.18485,0.50219,1.00000,0.39736,0.03333,0.11358,0.12610,0.50150,0.60976
correction_delay,1.0,minimum_intervention_boundary_learner_v5,7,120,0.44167,0.64248,0.03333,0.47505,0.20032,0.50823,1.00000,0.38403,0.00833,0.11044,0.13702,0.50276,0.63727
correction_delay,1.0,minimum_intervention_boundary_learner_v5,8,120,0.51667,0.71633,0.08333,0.48805,0.19370,0.47418,1.00000,0.39235,0.00000,0.11210,0.13868,0.50107,0.69997
correction_delay,1.0,minimum_intervention_boundary_learner_v5,9,120,0.45000,0.61894,0.05000,0.47113,0.23972,0.49925,1.00000,0.38152,0.02500,0.13314,0.13294,0.52269,0.62704
correction_delay,1.0,oracle_minimal_correction,0,120,0.60833,0.83434,0.03333,0.51988,0.12476,0.47362,1.00000,0.41272,0.01667,0.37631,0.03963,0.47381,0.83658
correction_delay,1.0,oracle_minimal_correction,1,120,0.58333,0.79700,0.07500,0.50905,0.14550,0.48405,1.00000,0.40579,0.00000,0.39435,0.03702,0.47871,0.78827
correction_delay,1.0,oracle_minimal_correction,2,120,0.59167,0.79451,0.03333,0.52980,0.11594,0.51322,1.00000,0.41907,0.01667,0.36021,0.03803,0.47143,0.81589
correction_delay,1.0,oracle_minimal_correction,3,120,0.60000,0.81318,0.05000,0.51397,0.10835,0.48896,1.00000,0.40894,0.00000,0.36091,0.03728,0.46646,0.82138
correction_delay,1.0,oracle_minimal_correction,4,120,0.60000,0.79563,0.06667,0.51136,0.11504,0.48721,1.00000,0.40727,0.00000,0.36665,0.03826,0.46705,0.80873
correction_delay,1.0,oracle_minimal_correction,5,120,0.58333,0.81179,0.04167,0.52741,0.11428,0.49325,1.00000,0.41754,0.01667,0.36477,0.03841,0.46874,0.80436
correction_delay,1.0,oracle_minimal_correction,6,120,0.53333,0.75600,0.03333,0.52809,0.11857,0.50792,1.00000,0.41798,0.00833,0.36701,0.03774,0.46871,0.75064
correction_delay,1.0,oracle_minimal_correction,7,120,0.54167,0.77887,0.03333,0.50953,0.10680,0.51384,1.00000,0.40610,0.01667,0.35319,0.03791,0.46593,0.76284
correction_delay,1.0,oracle_minimal_correction,8,120,0.55000,0.76909,0.04167,0.52361,0.10981,0.47961,1.00000,0.41511,0.00000,0.36688,0.03898,0.46721,0.76456
correction_delay,1.0,oracle_minimal_correction,9,120,0.55833,0.73822,0.09167,0.50768,0.14925,0.50243,1.00000,0.40491,0.02500,0.39428,0.03702,0.48276,0.73731
correction_delay,1.0,residual_correction_learner,0,120,0.26667,0.29460,0.06667,0.34278,0.58167,0.46949,1.00000,0.29938,0.10833,0.28121,0.35879,0.63552,0.34582
correction_delay,1.0,residual_correction_learner,1,120,0.27500,0.29169,0.05000,0.37602,0.56513,0.50108,1.00000,0.32066,0.11667,0.25768,0.30470,0.61041,0.36174
correction_delay,1.0,residual_correction_learner,2,120,0.35833,0.38378,0.04167,0.41260,0.52073,0.51091,1.00000,0.34407,0.12500,0.23578,0.31688,0.57602,0.46583
correction_delay,1.0,residual_correction_learner,3,120,0.28333,0.32422,0.02500,0.37811,0.50184,0.48522,1.00000,0.32199,0.14167,0.24029,0.31718,0.59129,0.38015
correction_delay,1.0,residual_correction_learner,4,120,0.31667,0.38293,0.07500,0.35672,0.57872,0.48485,1.00000,0.30830,0.10833,0.26595,0.33356,0.61332,0.41140
correction_delay,1.0,residual_correction_learner,5,120,0.25833,0.31500,0.05833,0.40093,0.48443,0.49641,1.00000,0.33660,0.15833,0.23458,0.31118,0.58600,0.33165
correction_delay,1.0,residual_correction_learner,6,120,0.28333,0.23496,0.05000,0.34438,0.60192,0.51398,1.00000,0.30041,0.16667,0.28438,0.35687,0.65500,0.34841
correction_delay,1.0,residual_correction_learner,7,120,0.36667,0.42575,0.05833,0.39026,0.55179,0.50026,1.00000,0.32977,0.11667,0.24353,0.32479,0.58646,0.47685
correction_delay,1.0,residual_correction_learner,8,120,0.23333,0.24104,0.03333,0.33368,0.60740,0.50711,1.00000,0.29356,0.15833,0.28386,0.36678,0.64861,0.30984
correction_delay,1.0,residual_correction_learner,9,120,0.24167,0.27104,0.08333,0.39807,0.54669,0.50657,1.00000,0.33477,0.17500,0.24389,0.29768,0.59568,0.28954
correction_delay,1.0,robust_mpc_correction,0,120,0.55833,0.75708,0.06667,0.56237,0.11025,0.45329,1.00000,0.43992,0.02500,0.04869,0.06689,0.42824,0.74377
correction_delay,1.0,robust_mpc_correction,1,120,0.45000,0.61591,0.04167,0.55644,0.10962,0.46357,1.00000,0.43612,0.02500,0.05488,0.06009,0.42894,0.61892
correction_delay,1.0,robust_mpc_correction,2,120,0.52500,0.71306,0.07500,0.57663,0.10843,0.49658,1.00000,0.44904,0.02500,0.03821,0.06638,0.42336,0.70139
correction_delay,1.0,robust_mpc_correction,3,120,0.58333,0.83731,0.04167,0.55163,0.10215,0.46827,1.00000,0.43305,0.03333,0.04022,0.06607,0.42513,0.79919
correction_delay,1.0,robust_mpc_correction,4,120,0.59167,0.85954,0.05000,0.54558,0.12999,0.46902,1.00000,0.42917,0.01667,0.05531,0.07383,0.42971,0.81324
correction_delay,1.0,robust_mpc_correction,5,120,0.58333,0.81999,0.07500,0.56652,0.13038,0.47650,1.00000,0.44257,0.02500,0.05341,0.07347,0.43015,0.78127
correction_delay,1.0,robust_mpc_correction,6,120,0.60833,0.86414,0.04167,0.57483,0.10819,0.48846,1.00000,0.44789,0.01667,0.03777,0.06117,0.42354,0.83663
correction_delay,1.0,robust_mpc_correction,7,120,0.51667,0.74737,0.04167,0.53727,0.12246,0.49283,1.00000,0.42385,0.02500,0.04833,0.07684,0.43514,0.71917
correction_delay,1.0,robust_mpc_correction,8,120,0.55000,0.80217,0.04167,0.56444,0.11185,0.46078,1.00000,0.44124,0.03333,0.04523,0.06906,0.42611,0.75683
correction_delay,1.0,robust_mpc_correction,9,120,0.54167,0.72655,0.05833,0.54718,0.13945,0.48236,1.00000,0.43019,0.03333,0.06891,0.06643,0.44194,0.72729
correction_delay,1.0,uncertainty_query_policy,0,120,0.32500,0.38546,0.04167,0.47853,0.41944,0.48195,1.00000,0.38626,0.16667,0.24765,0.29167,0.49663,0.41157
correction_delay,1.0,uncertainty_query_policy,1,120,0.41667,0.43117,0.04167,0.52341,0.41498,0.51220,1.00000,0.41498,0.15000,0.21686,0.23899,0.45118,0.51833
correction_delay,1.0,uncertainty_query_policy,2,120,0.37500,0.40349,0.02500,0.52483,0.40952,0.51035,1.00000,0.41589,0.16667,0.21270,0.26654,0.45756,0.47461
correction_delay,1.0,uncertainty_query_policy,3,120,0.36667,0.40408,0.11667,0.50914,0.39541,0.50222,1.00000,0.40585,0.15833,0.21301,0.25654,0.44530,0.41985
correction_delay,1.0,uncertainty_query_policy,4,120,0.30833,0.34621,0.07500,0.47235,0.44326,0.49297,1.00000,0.38231,0.11667,0.23778,0.27811,0.48625,0.38403
correction_delay,1.0,uncertainty_query_policy,5,120,0.40833,0.46878,0.05000,0.52119,0.37466,0.50904,1.00000,0.41356,0.12500,0.20300,0.25701,0.45715,0.52089
correction_delay,1.0,uncertainty_query_policy,6,120,0.37500,0.41821,0.06667,0.47519,0.41364,0.50141,1.00000,0.38412,0.09167,0.24613,0.28325,0.51537,0.48034
correction_delay,1.0,uncertainty_query_policy,7,120,0.41667,0.45104,0.05833,0.49640,0.41578,0.51502,1.00000,0.39769,0.20000,0.20790,0.26043,0.47312,0.50227
correction_delay,1.0,uncertainty_query_policy,8,120,0.33333,0.35328,0.08333,0.47827,0.41909,0.49982,1.00000,0.38609,0.10833,0.24550,0.28963,0.50206,0.41010
correction_delay,1.0,uncertainty_query_policy,9,120,0.39167,0.42143,0.09167,0.51876,0.42168,0.52414,1.00000,0.41201,0.13333,0.22119,0.24124,0.46001,0.47198
helpfulness_shift,0.0,active_entropy_query_policy,0,120,0.43333,0.58050,0.02500,0.50023,0.27316,0.50616,1.00000,0.40015,0.11667,0.17639,0.15091,0.49216,0.58778
helpfulness_shift,0.0,active_entropy_query_policy,1,120,0.38333,0.50587,0.06667,0.51325,0.25345,0.52180,1.00000,0.40848,0.06667,0.16901,0.15900,0.49844,0.51567
helpfulness_shift,0.0,active_entropy_query_policy,2,120,0.38333,0.50631,0.11667,0.47873,0.27705,0.49207,1.00000,0.38639,0.12500,0.18842,0.15860,0.50873,0.47107
helpfulness_shift,0.0,active_entropy_query_policy,3,120,0.46667,0.62734,0.00833,0.51083,0.25922,0.51166,1.00000,0.40693,0.07500,0.16914,0.16011,0.48963,0.65203
helpfulness_shift,0.0,active_entropy_query_policy,4,120,0.48333,0.65310,0.05000,0.50005,0.25691,0.50584,1.00000,0.40003,0.12500,0.16465,0.15200,0.48723,0.63813
helpfulness_shift,0.0,active_entropy_query_policy,5,120,0.49167,0.66962,0.05833,0.51466,0.24319,0.51558,1.00000,0.40938,0.12500,0.16042,0.16217,0.48818,0.64666
helpfulness_shift,0.0,active_entropy_query_policy,6,120,0.45833,0.61095,0.08333,0.49751,0.24362,0.49594,1.00000,0.39841,0.15833,0.16443,0.14847,0.48597,0.57592
helpfulness_shift,0.0,active_entropy_query_policy,7,120,0.40833,0.56567,0.08333,0.48609,0.26479,0.50219,1.00000,0.39110,0.11667,0.17306,0.14954,0.50265,0.52960
helpfulness_shift,0.0,active_entropy_query_policy,8,120,0.52500,0.75097,0.06667,0.53166,0.23413,0.49788,1.00000,0.42026,0.10000,0.15042,0.13703,0.46354,0.69654
helpfulness_shift,0.0,active_entropy_query_policy,9,120,0.47500,0.64997,0.05833,0.50365,0.25719,0.49949,1.00000,0.40234,0.10000,0.16280,0.14266,0.48582,0.63078
helpfulness_shift,0.0,full_demo_imitation,0,120,0.38333,0.40021,0.10833,0.70570,0.58500,0.55903,1.00000,0.88165,0.11667,0.16079,0.21557,0.29624,0.43019
helpfulness_shift,0.0,full_demo_imitation,1,120,0.41667,0.42153,0.11667,0.71877,0.58130,0.56122,1.00000,0.89002,0.23333,0.17698,0.23938,0.30522,0.43157
helpfulness_shift,0.0,full_demo_imitation,2,120,0.36667,0.39584,0.06667,0.69322,0.59557,0.53922,1.00000,0.87366,0.14167,0.17737,0.23507,0.30076,0.42524
helpfulness_shift,0.0,full_demo_imitation,3,120,0.43333,0.43640,0.10833,0.71405,0.60489,0.56398,1.00000,0.88699,0.25000,0.16742,0.24074,0.30275,0.45155
helpfulness_shift,0.0,full_demo_imitation,4,120,0.49167,0.53637,0.10000,0.71613,0.51699,0.56160,1.00000,0.88832,0.10833,0.14213,0.19814,0.28245,0.57449
helpfulness_shift,0.0,full_demo_imitation,5,120,0.36667,0.39181,0.07500,0.68189,0.54942,0.55066,1.00000,0.86641,0.10833,0.16039,0.23464,0.32901,0.43258
helpfulness_shift,0.0,full_demo_imitation,6,120,0.36667,0.37250,0.14167,0.69592,0.56488,0.54465,1.00000,0.87539,0.12500,0.15715,0.22528,0.29053,0.38589
helpfulness_shift,0.0,full_demo_imitation,7,120,0.40833,0.42171,0.08333,0.66794,0.57046,0.55362,1.00000,0.85748,0.19167,0.16403,0.23221,0.33279,0.45413
helpfulness_shift,0.0,full_demo_imitation,8,120,0.46667,0.46933,0.12500,0.75529,0.61555,0.55060,1.00000,0.91338,0.15833,0.14858,0.20414,0.28151,0.50514
helpfulness_shift,0.0,full_demo_imitation,9,120,0.38333,0.39128,0.08333,0.69518,0.57876,0.56158,1.00000,0.87492,0.15833,0.16398,0.20899,0.29397,0.43008
helpfulness_shift,0.0,minimum_intervention_boundary_learner_v5,0,120,0.49167,0.67469,0.04167,0.52360,0.18203,0.51359,1.00000,0.41510,0.00833,0.10328,0.09133,0.46388,0.68738
helpfulness_shift,0.0,minimum_intervention_boundary_learner_v5,1,120,0.43333,0.57417,0.03333,0.54840,0.15532,0.52299,1.00000,0.43097,0.00833,0.09012,0.09674,0.45917,0.61154
helpfulness_shift,0.0,minimum_intervention_boundary_learner_v5,2,120,0.56667,0.77169,0.05000,0.51302,0.16231,0.49607,1.00000,0.40833,0.00833,0.09426,0.08970,0.46534,0.77749
helpfulness_shift,0.0,minimum_intervention_boundary_learner_v5,3,120,0.56667,0.77205,0.05833,0.54174,0.16164,0.51796,1.00000,0.42671,0.00833,0.09742,0.09059,0.45327,0.77465
helpfulness_shift,0.0,minimum_intervention_boundary_learner_v5,4,120,0.51667,0.71269,0.05833,0.52491,0.15704,0.51055,1.00000,0.41594,0.02500,0.08720,0.08985,0.45553,0.70656
helpfulness_shift,0.0,minimum_intervention_boundary_learner_v5,5,120,0.48333,0.67317,0.05000,0.55168,0.15472,0.52210,1.00000,0.43307,0.01667,0.08441,0.09431,0.45029,0.67166
helpfulness_shift,0.0,minimum_intervention_boundary_learner_v5,6,120,0.49167,0.67665,0.05833,0.52904,0.15359,0.50243,1.00000,0.41859,0.04167,0.08983,0.08466,0.45214,0.66762
helpfulness_shift,0.0,minimum_intervention_boundary_learner_v5,7,120,0.50000,0.69456,0.03333,0.52088,0.16661,0.50735,1.00000,0.41337,0.00833,0.10122,0.08808,0.46073,0.70353
helpfulness_shift,0.0,minimum_intervention_boundary_learner_v5,8,120,0.53333,0.71744,0.07500,0.55359,0.13433,0.50023,1.00000,0.43430,0.00833,0.07760,0.08188,0.44038,0.71734
helpfulness_shift,0.0,minimum_intervention_boundary_learner_v5,9,120,0.52500,0.72676,0.05833,0.52894,0.16115,0.49937,1.00000,0.41852,0.02500,0.08721,0.08655,0.45477,0.71638
helpfulness_shift,0.0,oracle_minimal_correction,0,120,0.59167,0.79101,0.02500,0.51073,0.14061,0.52290,1.00000,0.40687,0.00833,0.38701,0.03398,0.47617,0.82383
helpfulness_shift,0.0,oracle_minimal_correction,1,120,0.61667,0.83284,0.06667,0.54036,0.11399,0.52977,1.00000,0.42583,0.00833,0.36418,0.03355,0.46789,0.83599
helpfulness_shift,0.0,oracle_minimal_correction,2,120,0.59167,0.82017,0.03333,0.50625,0.13247,0.50454,1.00000,0.40400,0.00833,0.38072,0.03515,0.47429,0.82356
helpfulness_shift,0.0,oracle_minimal_correction,3,120,0.60833,0.83471,0.05833,0.52555,0.12252,0.52685,1.00000,0.41635,0.00000,0.36864,0.03467,0.47179,0.83498
helpfulness_shift,0.0,oracle_minimal_correction,4,120,0.61667,0.84327,0.08333,0.50801,0.11784,0.51892,1.00000,0.40513,0.00000,0.37173,0.03406,0.47070,0.83162
helpfulness_shift,0.0,oracle_minimal_correction,5,120,0.63333,0.85964,0.03333,0.53791,0.10770,0.53170,1.00000,0.42426,0.00833,0.35334,0.03513,0.46553,0.87609
helpfulness_shift,0.0,oracle_minimal_correction,6,120,0.55000,0.73815,0.02500,0.50978,0.13037,0.51357,1.00000,0.40626,0.00000,0.37967,0.03465,0.47093,0.77142
helpfulness_shift,0.0,oracle_minimal_correction,7,120,0.55833,0.76790,0.03333,0.50629,0.12682,0.51554,1.00000,0.40403,0.00833,0.37771,0.03534,0.47395,0.78014
helpfulness_shift,0.0,oracle_minimal_correction,8,120,0.57500,0.77647,0.04167,0.52751,0.11680,0.50980,1.00000,0.41761,0.00000,0.37734,0.03379,0.47010,0.79514
helpfulness_shift,0.0,oracle_minimal_correction,9,120,0.55833,0.78104,0.08333,0.51316,0.12167,0.50611,1.00000,0.40842,0.01667,0.37179,0.03525,0.47127,0.75314
helpfulness_shift,0.0,residual_correction_learner,0,120,0.42500,0.52911,0.05833,0.52070,0.50406,0.51758,1.00000,0.41325,0.10833,0.17887,0.22432,0.47294,0.55307
helpfulness_shift,0.0,residual_correction_learner,1,120,0.34167,0.44026,0.06667,0.51769,0.51528,0.54095,1.00000,0.41132,0.10833,0.19148,0.24492,0.48431,0.44955
helpfulness_shift,0.0,residual_correction_learner,2,120,0.40833,0.44617,0.06667,0.49288,0.56373,0.52222,1.00000,0.39545,0.12500,0.20304,0.24567,0.49368,0.51160
helpfulness_shift,0.0,residual_correction_learner,3,120,0.37500,0.41931,0.02500,0.51906,0.52831,0.53210,1.00000,0.41220,0.13333,0.19264,0.25102,0.48740,0.49191
helpfulness_shift,0.0,residual_correction_learner,4,120,0.46667,0.59275,0.07500,0.52614,0.45873,0.52117,1.00000,0.41673,0.15000,0.15831,0.20968,0.45742,0.58794
helpfulness_shift,0.0,residual_correction_learner,5,120,0.32500,0.38975,0.09167,0.51537,0.49616,0.53163,1.00000,0.40984,0.15000,0.18982,0.25256,0.48685,0.39609
helpfulness_shift,0.0,residual_correction_learner,6,120,0.43333,0.50413,0.06667,0.50105,0.51311,0.51126,1.00000,0.40067,0.17500,0.18644,0.24362,0.47689,0.53285
helpfulness_shift,0.0,residual_correction_learner,7,120,0.40000,0.45690,0.05000,0.47318,0.55771,0.51987,1.00000,0.38283,0.13333,0.21145,0.26538,0.51935,0.51351
helpfulness_shift,0.0,residual_correction_learner,8,120,0.38333,0.46016,0.05833,0.55934,0.55096,0.50517,1.00000,0.43798,0.17500,0.17562,0.22719,0.43691,0.47304
helpfulness_shift,0.0,residual_correction_learner,9,120,0.33333,0.42824,0.10833,0.51267,0.49773,0.51123,1.00000,0.40811,0.18333,0.17761,0.22015,0.47203,0.39157
helpfulness_shift,0.0,robust_mpc_correction,0,120,0.56667,0.80796,0.06667,0.56383,0.11961,0.50075,1.00000,0.44085,0.02500,0.05165,0.05547,0.42219,0.76912
helpfulness_shift,0.0,robust_mpc_correction,1,120,0.49167,0.66119,0.04167,0.58570,0.10047,0.51165,1.00000,0.45485,0.05000,0.03876,0.05635,0.42174,0.66860
helpfulness_shift,0.0,robust_mpc_correction,2,120,0.54167,0.75686,0.08333,0.55332,0.10056,0.48379,1.00000,0.43413,0.00833,0.04613,0.05322,0.42330,0.72703
helpfulness_shift,0.0,robust_mpc_correction,3,120,0.61667,0.82955,0.07500,0.57732,0.11060,0.50608,1.00000,0.44949,0.03333,0.04206,0.05632,0.41907,0.81735
helpfulness_shift,0.0,robust_mpc_correction,4,120,0.61667,0.87383,0.05000,0.55005,0.10588,0.49872,1.00000,0.43203,0.01667,0.04769,0.06034,0.42818,0.84504
helpfulness_shift,0.0,robust_mpc_correction,5,120,0.63333,0.89065,0.08333,0.58090,0.11782,0.50987,1.00000,0.45178,0.01667,0.04209,0.06682,0.42137,0.84830
helpfulness_shift,0.0,robust_mpc_correction,6,120,0.57500,0.84360,0.03333,0.55630,0.11550,0.49020,1.00000,0.43603,0.00833,0.05101,0.05796,0.42472,0.80626
helpfulness_shift,0.0,robust_mpc_correction,7,120,0.51667,0.73340,0.04167,0.55103,0.11396,0.49358,1.00000,0.43266,0.03333,0.05134,0.06057,0.42676,0.71305
helpfulness_shift,0.0,robust_mpc_correction,8,120,0.57500,0.83175,0.04167,0.58214,0.09797,0.49053,1.00000,0.45257,0.05833,0.03870,0.05114,0.41530,0.78415
helpfulness_shift,0.0,robust_mpc_correction,9,120,0.55833,0.77939,0.05000,0.55849,0.09970,0.48700,1.00000,0.43743,0.02500,0.04288,0.05375,0.42312,0.76158
helpfulness_shift,0.0,uncertainty_query_policy,0,120,0.46667,0.55051,0.05833,0.61030,0.39982,0.53625,1.00000,0.47059,0.20000,0.15319,0.17841,0.36831,0.56840
helpfulness_shift,0.0,uncertainty_query_policy,1,120,0.48333,0.53683,0.05833,0.62206,0.38863,0.54789,1.00000,0.47812,0.12500,0.15653,0.19210,0.37967,0.60480
helpfulness_shift,0.0,uncertainty_query_policy,2,120,0.43333,0.47158,0.05000,0.59270,0.39988,0.51751,1.00000,0.45933,0.14167,0.16967,0.18976,0.37718,0.53688
helpfulness_shift,0.0,uncertainty_query_policy,3,120,0.45000,0.52379,0.11667,0.61369,0.41028,0.54025,1.00000,0.47276,0.15000,0.15901,0.19915,0.38353,0.53070
helpfulness_shift,0.0,uncertainty_query_policy,4,120,0.41667,0.49938,0.08333,0.60623,0.36875,0.53985,1.00000,0.46799,0.15833,0.13930,0.17166,0.37009,0.50649
helpfulness_shift,0.0,uncertainty_query_policy,5,120,0.48333,0.55796,0.04167,0.59517,0.37178,0.53554,1.00000,0.46091,0.10833,0.15240,0.19607,0.40233,0.62308
helpfulness_shift,0.0,uncertainty_query_policy,6,120,0.50833,0.61854,0.09167,0.59875,0.37709,0.52553,1.00000,0.46320,0.10000,0.14895,0.17961,0.37132,0.63479
helpfulness_shift,0.0,uncertainty_query_policy,7,120,0.46667,0.52907,0.08333,0.58163,0.38930,0.53169,1.00000,0.45224,0.20000,0.16165,0.18850,0.40326,0.55266
helpfulness_shift,0.0,uncertainty_query_policy,8,120,0.43333,0.50993,0.10833,0.65027,0.42415,0.52859,1.00000,0.49617,0.17500,0.13948,0.16778,0.34472,0.50381
helpfulness_shift,0.0,uncertainty_query_policy,9,120,0.43333,0.52394,0.08333,0.59254,0.38911,0.53446,1.00000,0.45923,0.12500,0.14891,0.17625,0.38319,0.53824
helpfulness_shift,0.2,active_entropy_query_policy,0,120,0.44167,0.63456,0.02500,0.46395,0.24546,0.50882,1.00000,0.37693,0.10833,0.18090,0.17588,0.51486,0.61287
helpfulness_shift,0.2,active_entropy_query_policy,1,120,0.40000,0.54239,0.05833,0.48663,0.25660,0.51578,1.00000,0.39144,0.07500,0.17660,0.15742,0.50451,0.54266
helpfulness_shift,0.2,active_entropy_query_policy,2,120,0.41667,0.55063,0.10000,0.47757,0.28200,0.51682,1.00000,0.38565,0.13333,0.20374,0.17378,0.53092,0.52485
helpfulness_shift,0.2,active_entropy_query_policy,3,120,0.45833,0.62479,0.00833,0.47741,0.22933,0.50581,1.00000,0.38554,0.09167,0.16833,0.14028,0.50247,0.63932
helpfulness_shift,0.2,active_entropy_query_policy,4,120,0.46667,0.66839,0.05000,0.45482,0.26810,0.50927,1.00000,0.37108,0.10000,0.19224,0.16769,0.51722,0.63508
helpfulness_shift,0.2,active_entropy_query_policy,5,120,0.51667,0.74678,0.05833,0.46296,0.26002,0.52548,1.00000,0.37630,0.10833,0.18478,0.18148,0.51983,0.69766
helpfulness_shift,0.2,active_entropy_query_policy,6,120,0.48333,0.67199,0.08333,0.48466,0.24266,0.52906,1.00000,0.39018,0.14167,0.15745,0.14751,0.49561,0.62417
helpfulness_shift,0.2,active_entropy_query_policy,7,120,0.43333,0.59113,0.08333,0.49121,0.25252,0.51774,1.00000,0.39437,0.10833,0.17361,0.16286,0.51015,0.56478
helpfulness_shift,0.2,active_entropy_query_policy,8,120,0.49167,0.69495,0.06667,0.47305,0.25858,0.52087,1.00000,0.38275,0.10000,0.18670,0.16639,0.51556,0.65816
helpfulness_shift,0.2,active_entropy_query_policy,9,120,0.46667,0.64391,0.04167,0.45420,0.27360,0.50263,1.00000,0.37069,0.10833,0.19792,0.17539,0.52781,0.63138
helpfulness_shift,0.2,full_demo_imitation,0,120,0.32500,0.35153,0.10000,0.61015,0.52991,0.55997,1.00000,0.82050,0.12500,0.17823,0.26573,0.35179,0.36880
helpfulness_shift,0.2,full_demo_imitation,1,120,0.42500,0.45375,0.10833,0.63498,0.53587,0.53648,1.00000,0.83639,0.20833,0.17771,0.23742,0.35153,0.45984
helpfulness_shift,0.2,full_demo_imitation,2,120,0.35833,0.36451,0.05833,0.61997,0.57302,0.58288,1.00000,0.82678,0.15833,0.19787,0.25821,0.38396,0.42163
helpfulness_shift,0.2,full_demo_imitation,3,120,0.38333,0.40854,0.09167,0.63767,0.47613,0.54459,1.00000,0.83811,0.20000,0.16394,0.21046,0.32930,0.41909
helpfulness_shift,0.2,full_demo_imitation,4,120,0.45833,0.44976,0.05000,0.62078,0.58484,0.56780,1.00000,0.82730,0.08333,0.18751,0.24152,0.34380,0.56172
helpfulness_shift,0.2,full_demo_imitation,5,120,0.35000,0.38765,0.07500,0.62122,0.55594,0.57481,1.00000,0.82758,0.09167,0.17464,0.26981,0.36089,0.42614
helpfulness_shift,0.2,full_demo_imitation,6,120,0.40000,0.45043,0.15833,0.66472,0.54419,0.57361,1.00000,0.85542,0.16667,0.15999,0.22227,0.31503,0.42192
helpfulness_shift,0.2,full_demo_imitation,7,120,0.42500,0.45058,0.06667,0.63281,0.53841,0.55615,1.00000,0.83500,0.21667,0.18127,0.24513,0.35757,0.48140
helpfulness_shift,0.2,full_demo_imitation,8,120,0.40833,0.44800,0.08333,0.61230,0.50828,0.55356,1.00000,0.82187,0.14167,0.16916,0.23305,0.37298,0.47752
helpfulness_shift,0.2,full_demo_imitation,9,120,0.34167,0.34897,0.05833,0.61556,0.56201,0.53664,1.00000,0.82396,0.14167,0.18584,0.25614,0.35763,0.39901
helpfulness_shift,0.2,minimum_intervention_boundary_learner_v5,0,120,0.58333,0.78957,0.05000,0.51622,0.14629,0.51458,1.00000,0.41038,0.00833,0.07896,0.09866,0.45953,0.80011
helpfulness_shift,0.2,minimum_intervention_boundary_learner_v5,1,120,0.41667,0.55721,0.02500,0.52218,0.16433,0.51716,1.00000,0.41420,0.00833,0.09120,0.08934,0.46495,0.59576
helpfulness_shift,0.2,minimum_intervention_boundary_learner_v5,2,120,0.54167,0.73719,0.05000,0.52638,0.18637,0.52056,1.00000,0.41688,0.02500,0.11152,0.10328,0.47716,0.74362
helpfulness_shift,0.2,minimum_intervention_boundary_learner_v5,3,120,0.57500,0.79200,0.05833,0.51236,0.14437,0.51302,1.00000,0.40791,0.01667,0.08233,0.07300,0.45972,0.78556
helpfulness_shift,0.2,minimum_intervention_boundary_learner_v5,4,120,0.51667,0.74043,0.06667,0.50334,0.16858,0.51421,1.00000,0.40214,0.01667,0.09879,0.09617,0.46456,0.71221
helpfulness_shift,0.2,minimum_intervention_boundary_learner_v5,5,120,0.47500,0.66989,0.06667,0.51365,0.15826,0.52903,1.00000,0.40873,0.00833,0.09257,0.10221,0.46818,0.65917
helpfulness_shift,0.2,minimum_intervention_boundary_learner_v5,6,120,0.49167,0.67898,0.04167,0.51503,0.16282,0.53160,1.00000,0.40962,0.02500,0.08230,0.09068,0.46096,0.68610
helpfulness_shift,0.2,minimum_intervention_boundary_learner_v5,7,120,0.51667,0.70825,0.03333,0.53384,0.15710,0.51929,1.00000,0.42166,0.01667,0.08697,0.09609,0.46250,0.72214
helpfulness_shift,0.2,minimum_intervention_boundary_learner_v5,8,120,0.54167,0.77469,0.07500,0.51761,0.16381,0.52615,1.00000,0.41127,0.00833,0.09817,0.09623,0.47162,0.74424
helpfulness_shift,0.2,minimum_intervention_boundary_learner_v5,9,120,0.48333,0.69350,0.05833,0.50152,0.17499,0.50445,1.00000,0.40097,0.01667,0.09697,0.10136,0.47360,0.67212
helpfulness_shift,0.2,oracle_minimal_correction,0,120,0.64167,0.85874,0.02500,0.51585,0.10238,0.52306,1.00000,0.41014,0.00833,0.35567,0.03490,0.46464,0.88803
helpfulness_shift,0.2,oracle_minimal_correction,1,120,0.58333,0.77516,0.06667,0.51290,0.12620,0.52454,1.00000,0.40826,0.00833,0.37253,0.03421,0.47433,0.79040
helpfulness_shift,0.2,oracle_minimal_correction,2,120,0.60833,0.80332,0.02500,0.52947,0.12895,0.52794,1.00000,0.41886,0.01667,0.37964,0.03422,0.47498,0.84093
helpfulness_shift,0.2,oracle_minimal_correction,3,120,0.59167,0.80634,0.05000,0.49527,0.13948,0.52123,1.00000,0.39697,0.00000,0.38756,0.03351,0.47637,0.81677
helpfulness_shift,0.2,oracle_minimal_correction,4,120,0.55833,0.75370,0.08333,0.50133,0.12836,0.52245,1.00000,0.40085,0.00833,0.37736,0.03301,0.47132,0.75193
helpfulness_shift,0.2,oracle_minimal_correction,5,120,0.61667,0.85324,0.02500,0.51870,0.10420,0.53637,1.00000,0.41197,0.00833,0.35045,0.03455,0.46461,0.86347
helpfulness_shift,0.2,oracle_minimal_correction,6,120,0.55833,0.76250,0.02500,0.50439,0.13165,0.53978,1.00000,0.40281,0.00000,0.36842,0.03465,0.47515,0.78888
helpfulness_shift,0.2,oracle_minimal_correction,7,120,0.58333,0.76996,0.02500,0.52811,0.10718,0.52569,1.00000,0.41799,0.00833,0.35920,0.03462,0.46859,0.81035
helpfulness_shift,0.2,oracle_minimal_correction,8,120,0.59167,0.80641,0.04167,0.51988,0.11890,0.53416,1.00000,0.41272,0.00000,0.36971,0.03352,0.46899,0.82173
helpfulness_shift,0.2,oracle_minimal_correction,9,120,0.53333,0.72346,0.08333,0.50301,0.12639,0.51238,1.00000,0.40192,0.00000,0.37517,0.03471,0.47229,0.72130
helpfulness_shift,0.2,residual_correction_learner,0,120,0.46667,0.56357,0.05000,0.43410,0.48863,0.51700,1.00000,0.35782,0.10000,0.20727,0.27344,0.53144,0.61433
helpfulness_shift,0.2,residual_correction_learner,1,120,0.32500,0.39165,0.05000,0.46381,0.50114,0.51680,1.00000,0.37684,0.11667,0.19816,0.25196,0.52157,0.42880
helpfulness_shift,0.2,residual_correction_learner,2,120,0.37500,0.42094,0.04167,0.43692,0.53672,0.54074,1.00000,0.35963,0.12500,0.23576,0.27940,0.56563,0.49333
helpfulness_shift,0.2,residual_correction_learner,3,120,0.40000,0.47915,0.03333,0.46645,0.42862,0.51857,1.00000,0.37853,0.15000,0.18260,0.22500,0.50547,0.52173
helpfulness_shift,0.2,residual_correction_learner,4,120,0.44167,0.56940,0.06667,0.42762,0.51428,0.53819,1.00000,0.35368,0.14167,0.21165,0.25794,0.53879,0.57359
helpfulness_shift,0.2,residual_correction_learner,5,120,0.27500,0.34198,0.05833,0.44818,0.51055,0.54105,1.00000,0.36684,0.16667,0.20755,0.27840,0.52338,0.35323
helpfulness_shift,0.2,residual_correction_learner,6,120,0.40000,0.46894,0.06667,0.48811,0.50303,0.53836,1.00000,0.39239,0.21667,0.18396,0.24134,0.48223,0.48427
helpfulness_shift,0.2,residual_correction_learner,7,120,0.41667,0.49766,0.05000,0.45575,0.49164,0.52238,1.00000,0.37168,0.15000,0.20774,0.26182,0.54050,0.53636
helpfulness_shift,0.2,residual_correction_learner,8,120,0.42500,0.51256,0.05000,0.45328,0.47444,0.53008,1.00000,0.37010,0.20000,0.19900,0.24825,0.52630,0.53433
helpfulness_shift,0.2,residual_correction_learner,9,120,0.28333,0.34297,0.08333,0.42773,0.52357,0.51901,1.00000,0.35375,0.17500,0.21626,0.26748,0.54624,0.34532
helpfulness_shift,0.2,robust_mpc_correction,0,120,0.60000,0.86448,0.05833,0.56013,0.09969,0.50043,1.00000,0.43848,0.01667,0.03301,0.05969,0.41879,0.82145
helpfulness_shift,0.2,robust_mpc_correction,1,120,0.50000,0.69758,0.03333,0.56076,0.11161,0.50575,1.00000,0.43889,0.04167,0.04795,0.05574,0.42660,0.69179
helpfulness_shift,0.2,robust_mpc_correction,2,120,0.52500,0.69783,0.07500,0.57857,0.11474,0.50723,1.00000,0.45028,0.00833,0.05054,0.05721,0.42685,0.70421
helpfulness_shift,0.2,robust_mpc_correction,3,120,0.63333,0.90386,0.05833,0.55521,0.09863,0.49954,1.00000,0.43533,0.03333,0.04096,0.04592,0.41423,0.85858
helpfulness_shift,0.2,robust_mpc_correction,4,120,0.59167,0.84062,0.04167,0.55331,0.09556,0.50008,1.00000,0.43412,0.03333,0.03862,0.04969,0.41463,0.81181
helpfulness_shift,0.2,robust_mpc_correction,5,120,0.62500,0.88385,0.06667,0.56323,0.11173,0.51622,1.00000,0.44047,0.03333,0.03599,0.05863,0.41845,0.84366
helpfulness_shift,0.2,robust_mpc_correction,6,120,0.60000,0.88320,0.02500,0.55493,0.10499,0.51874,1.00000,0.43515,0.00833,0.03829,0.05491,0.41965,0.84781
helpfulness_shift,0.2,robust_mpc_correction,7,120,0.53333,0.77286,0.03333,0.57335,0.10151,0.50644,1.00000,0.44695,0.03333,0.03697,0.05717,0.42208,0.74353
helpfulness_shift,0.2,robust_mpc_correction,8,120,0.58333,0.83467,0.03333,0.56918,0.10837,0.51301,1.00000,0.44428,0.04167,0.04224,0.05314,0.42031,0.80568
helpfulness_shift,0.2,robust_mpc_correction,9,120,0.55000,0.76414,0.05000,0.55386,0.10342,0.49115,1.00000,0.43447,0.00833,0.04236,0.05430,0.41919,0.75503
helpfulness_shift,0.2,uncertainty_query_policy,0,120,0.43333,0.50834,0.05000,0.53615,0.35956,0.53572,1.00000,0.42314,0.13333,0.18131,0.22344,0.42187,0.55353
helpfulness_shift,0.2,uncertainty_query_policy,1,120,0.46667,0.52990,0.05833,0.55902,0.36004,0.52518,1.00000,0.43777,0.13333,0.16419,0.19408,0.41747,0.58502
helpfulness_shift,0.2,uncertainty_query_policy,2,120,0.37500,0.41464,0.03333,0.54653,0.37971,0.55403,1.00000,0.42978,0.15833,0.19352,0.21049,0.45088,0.47978
helpfulness_shift,0.2,uncertainty_query_policy,3,120,0.45833,0.54126,0.10833,0.55807,0.33581,0.52631,1.00000,0.43716,0.15833,0.15352,0.17662,0.40717,0.54585
helpfulness_shift,0.2,uncertainty_query_policy,4,120,0.36667,0.47296,0.08333,0.53743,0.38581,0.54251,1.00000,0.42396,0.13333,0.17772,0.20050,0.42396,0.46270
helpfulness_shift,0.2,uncertainty_query_policy,5,120,0.46667,0.57106,0.03333,0.54667,0.37747,0.55272,1.00000,0.42987,0.11667,0.17501,0.22087,0.42676,0.61615
helpfulness_shift,0.2,uncertainty_query_policy,6,120,0.52500,0.64049,0.10000,0.56572,0.37154,0.55771,1.00000,0.44206,0.10833,0.15123,0.18582,0.40087,0.65623
helpfulness_shift,0.2,uncertainty_query_policy,7,120,0.43333,0.53687,0.08333,0.55349,0.37081,0.53700,1.00000,0.43424,0.19167,0.17062,0.20293,0.43553,0.52649
helpfulness_shift,0.2,uncertainty_query_policy,8,120,0.36667,0.45717,0.10000,0.53827,0.37394,0.53574,1.00000,0.42449,0.15000,0.17514,0.20245,0.43754,0.44566
helpfulness_shift,0.2,uncertainty_query_policy,9,120,0.43333,0.52225,0.08333,0.53297,0.39014,0.51948,1.00000,0.42110,0.13333,0.19062,0.21594,0.43411,0.53785
helpfulness_shift,0.4,active_entropy_query_policy,0,120,0.38333,0.50465,0.02500,0.44426,0.29560,0.50582,1.00000,0.36432,0.10833,0.22800,0.20831,0.55657,0.52821
helpfulness_shift,0.4,active_entropy_query_policy,1,120,0.35833,0.49256,0.05000,0.42858,0.28168,0.50612,1.00000,0.35429,0.06667,0.22831,0.19774,0.55705,0.49973
helpfulness_shift,0.4,active_entropy_query_policy,2,120,0.41667,0.54149,0.09167,0.42022,0.27260,0.50190,1.00000,0.34894,0.11667,0.21944,0.19508,0.56458,0.53323
helpfulness_shift,0.4,active_entropy_query_policy,3,120,0.40000,0.51423,0.01667,0.43405,0.28318,0.51581,1.00000,0.35779,0.07500,0.22306,0.20735,0.55609,0.56222
helpfulness_shift,0.4,active_entropy_query_policy,4,120,0.42500,0.59904,0.05000,0.47111,0.26154,0.50734,1.00000,0.38151,0.09167,0.19508,0.17542,0.52191,0.58000
helpfulness_shift,0.4,active_entropy_query_policy,5,120,0.46667,0.64157,0.05833,0.47033,0.25892,0.53873,1.00000,0.38101,0.10833,0.20115,0.17538,0.54361,0.62722
helpfulness_shift,0.4,active_entropy_query_policy,6,120,0.46667,0.64805,0.08333,0.44892,0.24534,0.51697,1.00000,0.36731,0.17500,0.19008,0.17677,0.53140,0.59415
helpfulness_shift,0.4,active_entropy_query_policy,7,120,0.38333,0.52575,0.07500,0.44890,0.29638,0.53492,1.00000,0.36730,0.11667,0.21011,0.18171,0.54452,0.50757
helpfulness_shift,0.4,active_entropy_query_policy,8,120,0.48333,0.68150,0.06667,0.46099,0.26124,0.51347,1.00000,0.37503,0.09167,0.19199,0.16130,0.52830,0.64922
helpfulness_shift,0.4,active_entropy_query_policy,9,120,0.45833,0.61554,0.04167,0.44478,0.25903,0.53267,1.00000,0.36466,0.10833,0.20531,0.19378,0.55369,0.62227
helpfulness_shift,0.4,full_demo_imitation,0,120,0.30833,0.32448,0.07500,0.58021,0.54827,0.55320,1.00000,0.80134,0.12500,0.20389,0.28986,0.40859,0.36200
helpfulness_shift,0.4,full_demo_imitation,1,120,0.37500,0.39604,0.09167,0.53640,0.54815,0.55759,1.00000,0.77329,0.20000,0.21315,0.28726,0.44136,0.41822
helpfulness_shift,0.4,full_demo_imitation,2,120,0.33333,0.33688,0.05000,0.52787,0.52570,0.55845,1.00000,0.76783,0.12500,0.20327,0.28567,0.43266,0.40613
helpfulness_shift,0.4,full_demo_imitation,3,120,0.30000,0.30449,0.05833,0.56183,0.49522,0.57640,1.00000,0.78957,0.22500,0.19404,0.27713,0.41032,0.33357
helpfulness_shift,0.4,full_demo_imitation,4,120,0.40000,0.41742,0.05833,0.56523,0.52524,0.53982,1.00000,0.79175,0.10833,0.19084,0.26588,0.42434,0.48693
helpfulness_shift,0.4,full_demo_imitation,5,120,0.34167,0.33856,0.04167,0.58137,0.53092,0.57366,1.00000,0.80208,0.11667,0.20087,0.27269,0.43007,0.42180
helpfulness_shift,0.4,full_demo_imitation,6,120,0.36667,0.37356,0.10000,0.57269,0.47942,0.56367,1.00000,0.79652,0.12500,0.17634,0.25041,0.39091,0.41883
helpfulness_shift,0.4,full_demo_imitation,7,120,0.35833,0.35831,0.08333,0.57350,0.50209,0.57610,1.00000,0.79704,0.19167,0.18667,0.24607,0.40653,0.39952
helpfulness_shift,0.4,full_demo_imitation,8,120,0.40833,0.42744,0.08333,0.55781,0.49547,0.55846,1.00000,0.78700,0.15833,0.18288,0.23949,0.41649,0.47271
helpfulness_shift,0.4,full_demo_imitation,9,120,0.32500,0.33259,0.05000,0.56299,0.49491,0.56347,1.00000,0.79031,0.13333,0.19009,0.28150,0.42627,0.39384
helpfulness_shift,0.4,minimum_intervention_boundary_learner_v5,0,120,0.50833,0.65832,0.04167,0.50323,0.19498,0.51388,1.00000,0.40207,0.00833,0.12043,0.12775,0.49500,0.70263
helpfulness_shift,0.4,minimum_intervention_boundary_learner_v5,1,120,0.36667,0.49704,0.02500,0.49003,0.19264,0.51326,1.00000,0.39362,0.01667,0.11623,0.11847,0.49343,0.53203
helpfulness_shift,0.4,minimum_intervention_boundary_learner_v5,2,120,0.52500,0.73506,0.04167,0.48394,0.17425,0.50308,1.00000,0.38972,0.00000,0.09984,0.11517,0.49295,0.73756
helpfulness_shift,0.4,minimum_intervention_boundary_learner_v5,3,120,0.54167,0.74420,0.05833,0.49150,0.18771,0.51839,1.00000,0.39456,0.00833,0.10826,0.12933,0.49693,0.74721
helpfulness_shift,0.4,minimum_intervention_boundary_learner_v5,4,120,0.49167,0.68672,0.05833,0.51986,0.16280,0.51288,1.00000,0.41271,0.01667,0.09686,0.10207,0.47216,0.67946
helpfulness_shift,0.4,minimum_intervention_boundary_learner_v5,5,120,0.48333,0.64780,0.05000,0.52161,0.19029,0.54410,1.00000,0.41383,0.02500,0.11995,0.10612,0.48615,0.66927
helpfulness_shift,0.4,minimum_intervention_boundary_learner_v5,6,120,0.45833,0.62681,0.05000,0.49753,0.15783,0.51815,1.00000,0.39842,0.01667,0.08806,0.10851,0.47927,0.63896
helpfulness_shift,0.4,minimum_intervention_boundary_learner_v5,7,120,0.46667,0.63171,0.03333,0.49378,0.20039,0.53957,1.00000,0.39602,0.04167,0.11172,0.11245,0.49498,0.65372
helpfulness_shift,0.4,minimum_intervention_boundary_learner_v5,8,120,0.50833,0.70560,0.08333,0.50715,0.18189,0.51529,1.00000,0.40458,0.00000,0.10672,0.09477,0.48135,0.69308
helpfulness_shift,0.4,minimum_intervention_boundary_learner_v5,9,120,0.51667,0.69870,0.05000,0.50312,0.17342,0.53715,1.00000,0.40200,0.02500,0.10549,0.11617,0.49192,0.71372
helpfulness_shift,0.4,oracle_minimal_correction,0,120,0.61667,0.82532,0.02500,0.53039,0.11734,0.51948,1.00000,0.41945,0.01667,0.36958,0.03428,0.46869,0.85266
helpfulness_shift,0.4,oracle_minimal_correction,1,120,0.60833,0.79894,0.08333,0.51510,0.13365,0.52123,1.00000,0.40966,0.00000,0.38123,0.03364,0.47515,0.81385
helpfulness_shift,0.4,oracle_minimal_correction,2,120,0.60833,0.83723,0.02500,0.50868,0.12315,0.50882,1.00000,0.40555,0.00833,0.37196,0.03538,0.47382,0.84878
helpfulness_shift,0.4,oracle_minimal_correction,3,120,0.62500,0.85890,0.05000,0.52384,0.11323,0.52266,1.00000,0.41526,0.00000,0.36224,0.03451,0.46920,0.86068
helpfulness_shift,0.4,oracle_minimal_correction,4,120,0.57500,0.74343,0.06667,0.52699,0.11000,0.52100,1.00000,0.41728,0.00000,0.36471,0.03376,0.46676,0.77618
helpfulness_shift,0.4,oracle_minimal_correction,5,120,0.60833,0.81828,0.04167,0.52971,0.13879,0.55297,1.00000,0.41901,0.01667,0.38050,0.03417,0.48262,0.83918
helpfulness_shift,0.4,oracle_minimal_correction,6,120,0.57500,0.80097,0.02500,0.51435,0.10770,0.52293,1.00000,0.40918,0.01667,0.35855,0.03420,0.46585,0.80641
helpfulness_shift,0.4,oracle_minimal_correction,7,120,0.55000,0.76269,0.03333,0.50777,0.13899,0.54622,1.00000,0.40497,0.00833,0.38157,0.03360,0.47987,0.77490
helpfulness_shift,0.4,oracle_minimal_correction,8,120,0.57500,0.77964,0.04167,0.50718,0.14796,0.52180,1.00000,0.40460,0.00000,0.38445,0.03546,0.48282,0.79862
helpfulness_shift,0.4,oracle_minimal_correction,9,120,0.59167,0.77492,0.06667,0.52581,0.12068,0.54423,1.00000,0.41652,0.00833,0.36399,0.03393,0.47236,0.80077
helpfulness_shift,0.4,residual_correction_learner,0,120,0.35000,0.39522,0.05833,0.39698,0.55853,0.53483,1.00000,0.33407,0.09167,0.25309,0.31851,0.59155,0.46502
helpfulness_shift,0.4,residual_correction_learner,1,120,0.32500,0.40408,0.05000,0.36071,0.54674,0.53146,1.00000,0.31085,0.19167,0.25623,0.30793,0.61735,0.42020
helpfulness_shift,0.4,residual_correction_learner,2,120,0.30000,0.32617,0.05000,0.37305,0.49769,0.52765,1.00000,0.31875,0.10000,0.23653,0.29796,0.60034,0.40202
helpfulness_shift,0.4,residual_correction_learner,3,120,0.30000,0.36237,0.02500,0.36812,0.52187,0.54467,1.00000,0.31560,0.13333,0.25048,0.31257,0.61485,0.41674
helpfulness_shift,0.4,residual_correction_learner,4,120,0.40833,0.45823,0.08333,0.41003,0.52140,0.51935,1.00000,0.34242,0.12500,0.23647,0.29147,0.57759,0.51180
helpfulness_shift,0.4,residual_correction_learner,5,120,0.23333,0.25088,0.05833,0.40773,0.50983,0.56359,1.00000,0.34095,0.15000,0.24116,0.29494,0.60352,0.30429
helpfulness_shift,0.4,residual_correction_learner,6,120,0.34167,0.39695,0.05000,0.39546,0.44692,0.52875,1.00000,0.33310,0.15000,0.21405,0.27683,0.57445,0.44347
helpfulness_shift,0.4,residual_correction_learner,7,120,0.31667,0.36062,0.05000,0.40535,0.51658,0.55114,1.00000,0.33942,0.13333,0.22990,0.26911,0.57666,0.41788
helpfulness_shift,0.4,residual_correction_learner,8,120,0.44167,0.54246,0.03333,0.41972,0.49140,0.53967,1.00000,0.34862,0.15833,0.21743,0.26184,0.56058,0.58184
helpfulness_shift,0.4,residual_correction_learner,9,120,0.31667,0.36860,0.08333,0.38971,0.48419,0.53928,1.00000,0.32941,0.15833,0.23107,0.29810,0.60480,0.39562
helpfulness_shift,0.4,robust_mpc_correction,0,120,0.58333,0.80989,0.06667,0.58046,0.10235,0.49878,1.00000,0.45149,0.01667,0.04191,0.05657,0.41860,0.78763
helpfulness_shift,0.4,robust_mpc_correction,1,120,0.47500,0.63066,0.03333,0.56145,0.11008,0.49779,1.00000,0.43933,0.05833,0.05031,0.05764,0.42433,0.64624
helpfulness_shift,0.4,robust_mpc_correction,2,120,0.50833,0.70642,0.07500,0.55730,0.09675,0.48944,1.00000,0.43667,0.01667,0.03954,0.05617,0.42041,0.68508
helpfulness_shift,0.4,robust_mpc_correction,3,120,0.59167,0.84017,0.06667,0.56922,0.09702,0.50528,1.00000,0.44430,0.03333,0.03760,0.05726,0.42209,0.79930
helpfulness_shift,0.4,robust_mpc_correction,4,120,0.60833,0.82735,0.03333,0.57693,0.09088,0.49977,1.00000,0.44924,0.04167,0.03536,0.05136,0.41529,0.82687
helpfulness_shift,0.4,robust_mpc_correction,5,120,0.60000,0.85057,0.05833,0.58381,0.12344,0.52991,1.00000,0.45364,0.04167,0.05500,0.05968,0.42924,0.81506
helpfulness_shift,0.4,robust_mpc_correction,6,120,0.61667,0.88685,0.03333,0.55980,0.09174,0.50525,1.00000,0.43827,0.03333,0.03225,0.05377,0.41711,0.85192
helpfulness_shift,0.4,robust_mpc_correction,7,120,0.51667,0.74664,0.03333,0.56222,0.11540,0.52420,1.00000,0.43982,0.05833,0.04621,0.05533,0.42579,0.71690
helpfulness_shift,0.4,robust_mpc_correction,8,120,0.60000,0.84322,0.03333,0.56728,0.11443,0.50290,1.00000,0.44306,0.02500,0.04741,0.05008,0.42188,0.82771
helpfulness_shift,0.4,robust_mpc_correction,9,120,0.54167,0.74240,0.05000,0.57291,0.10917,0.52303,1.00000,0.44666,0.02500,0.03831,0.06228,0.42396,0.74109
helpfulness_shift,0.4,uncertainty_query_policy,0,120,0.38333,0.42892,0.05000,0.51263,0.38869,0.53158,1.00000,0.40808,0.12500,0.21535,0.24573,0.47161,0.49102
helpfulness_shift,0.4,uncertainty_query_policy,1,120,0.40000,0.44460,0.07500,0.48116,0.38655,0.53119,1.00000,0.38794,0.12500,0.22809,0.24513,0.49031,0.49992
helpfulness_shift,0.4,uncertainty_query_policy,2,120,0.35000,0.40262,0.03333,0.47458,0.36095,0.53375,1.00000,0.38373,0.14167,0.21097,0.23714,0.49041,0.45822
helpfulness_shift,0.4,uncertainty_query_policy,3,120,0.43333,0.51989,0.08333,0.49262,0.36486,0.54510,1.00000,0.39528,0.13333,0.21128,0.24549,0.48627,0.54443
helpfulness_shift,0.4,uncertainty_query_policy,4,120,0.33333,0.39086,0.08333,0.51691,0.36279,0.51781,1.00000,0.41082,0.13333,0.19110,0.21743,0.46712,0.41084
helpfulness_shift,0.4,uncertainty_query_policy,5,120,0.45000,0.51022,0.03333,0.52003,0.35680,0.55517,1.00000,0.41282,0.13333,0.20268,0.22573,0.48662,0.58551
helpfulness_shift,0.4,uncertainty_query_policy,6,120,0.45833,0.55950,0.08333,0.50424,0.34274,0.54964,1.00000,0.40271,0.12500,0.18256,0.21802,0.46285,0.57956
helpfulness_shift,0.4,uncertainty_query_policy,7,120,0.42500,0.47074,0.06667,0.51413,0.36148,0.55401,1.00000,0.40904,0.20833,0.19121,0.20963,0.46166,0.51226
helpfulness_shift,0.4,uncertainty_query_policy,8,120,0.37500,0.44026,0.06667,0.51286,0.34371,0.53472,1.00000,0.40823,0.14167,0.17511,0.19456,0.46294,0.47181
helpfulness_shift,0.4,uncertainty_query_policy,9,120,0.42500,0.48716,0.05833,0.50422,0.36081,0.54278,1.00000,0.40270,0.11667,0.20670,0.24337,0.48106,0.54567
helpfulness_shift,0.6,active_entropy_query_policy,0,120,0.40833,0.54035,0.02500,0.41225,0.31697,0.53129,1.00000,0.34384,0.10833,0.23219,0.21799,0.57859,0.56640
helpfulness_shift,0.6,active_entropy_query_policy,1,120,0.32500,0.42809,0.05000,0.41394,0.27114,0.52982,1.00000,0.34492,0.07500,0.22642,0.19916,0.57697,0.45438
helpfulness_shift,0.6,active_entropy_query_policy,2,120,0.34167,0.45737,0.10000,0.38690,0.32472,0.52755,1.00000,0.32762,0.14167,0.24815,0.21571,0.58626,0.43377
helpfulness_shift,0.6,active_entropy_query_policy,3,120,0.36667,0.45496,0.00833,0.40853,0.32399,0.50114,1.00000,0.34146,0.12500,0.26310,0.23048,0.59767,0.50709
helpfulness_shift,0.6,active_entropy_query_policy,4,120,0.45833,0.60870,0.05000,0.40837,0.30668,0.50736,1.00000,0.34136,0.10000,0.23127,0.21317,0.57377,0.61753
helpfulness_shift,0.6,active_entropy_query_policy,5,120,0.38333,0.52313,0.05833,0.41277,0.29345,0.51501,1.00000,0.34417,0.10000,0.23800,0.21301,0.57967,0.52053
helpfulness_shift,0.6,active_entropy_query_policy,6,120,0.42500,0.54767,0.07500,0.42594,0.26587,0.52542,1.00000,0.35260,0.15000,0.21535,0.20725,0.55903,0.54488
helpfulness_shift,0.6,active_entropy_query_policy,7,120,0.39167,0.53875,0.07500,0.42928,0.26665,0.51302,1.00000,0.35474,0.09167,0.21218,0.19658,0.55204,0.52386
helpfulness_shift,0.6,active_entropy_query_policy,8,120,0.43333,0.57192,0.06667,0.40100,0.30837,0.51543,1.00000,0.33664,0.10833,0.23944,0.20379,0.58649,0.57534
helpfulness_shift,0.6,active_entropy_query_policy,9,120,0.41667,0.58488,0.05000,0.40385,0.29891,0.50365,1.00000,0.33847,0.10833,0.23096,0.21059,0.56992,0.56775
helpfulness_shift,0.6,full_demo_imitation,0,120,0.31667,0.31502,0.06667,0.50785,0.57382,0.58298,1.00000,0.75503,0.09167,0.21402,0.31889,0.45211,0.39005
helpfulness_shift,0.6,full_demo_imitation,1,120,0.32500,0.30789,0.10000,0.53519,0.51023,0.56682,1.00000,0.77252,0.18333,0.20662,0.30272,0.41687,0.34917
helpfulness_shift,0.6,full_demo_imitation,2,120,0.31667,0.31163,0.05833,0.47481,0.59059,0.57136,1.00000,0.73388,0.14167,0.22702,0.31780,0.47740,0.38035
helpfulness_shift,0.6,full_demo_imitation,3,120,0.28333,0.27078,0.08333,0.47878,0.59585,0.55693,1.00000,0.73642,0.21667,0.23738,0.33191,0.49632,0.30298
helpfulness_shift,0.6,full_demo_imitation,4,120,0.36667,0.37499,0.05000,0.49530,0.52942,0.53111,1.00000,0.74699,0.10833,0.20792,0.30371,0.45908,0.45121
helpfulness_shift,0.6,full_demo_imitation,5,120,0.28333,0.27366,0.07500,0.47299,0.55683,0.56966,1.00000,0.73271,0.10833,0.22439,0.31481,0.50327,0.34045
helpfulness_shift,0.6,full_demo_imitation,6,120,0.28333,0.28349,0.10000,0.49230,0.55192,0.54934,1.00000,0.74507,0.10833,0.21254,0.31970,0.48371,0.32544
helpfulness_shift,0.6,full_demo_imitation,7,120,0.37500,0.42027,0.05833,0.53661,0.47183,0.53287,1.00000,0.77343,0.19167,0.19012,0.27832,0.42812,0.43933
helpfulness_shift,0.6,full_demo_imitation,8,120,0.32500,0.35165,0.06667,0.50811,0.52112,0.53872,1.00000,0.75519,0.12500,0.21121,0.29316,0.46002,0.39175
helpfulness_shift,0.6,full_demo_imitation,9,120,0.30833,0.31531,0.04167,0.50699,0.59320,0.56597,1.00000,0.75447,0.12500,0.22508,0.31971,0.43735,0.38253
helpfulness_shift,0.6,minimum_intervention_boundary_learner_v5,0,120,0.54167,0.71863,0.03333,0.48048,0.19196,0.53106,1.00000,0.38751,0.00833,0.10822,0.12718,0.50356,0.75688
helpfulness_shift,0.6,minimum_intervention_boundary_learner_v5,1,120,0.39167,0.51506,0.04167,0.48032,0.19671,0.53611,1.00000,0.38741,0.02500,0.11104,0.12038,0.50273,0.55371
helpfulness_shift,0.6,minimum_intervention_boundary_learner_v5,2,120,0.53333,0.72185,0.04167,0.45529,0.21561,0.53032,1.00000,0.37138,0.00833,0.12441,0.13014,0.51428,0.74608
helpfulness_shift,0.6,minimum_intervention_boundary_learner_v5,3,120,0.49167,0.61705,0.05833,0.48248,0.20566,0.50252,1.00000,0.38879,0.02500,0.12038,0.13365,0.52170,0.66400
helpfulness_shift,0.6,minimum_intervention_boundary_learner_v5,4,120,0.45000,0.63295,0.05000,0.46725,0.20807,0.51191,1.00000,0.37904,0.02500,0.10949,0.13706,0.50884,0.63118
helpfulness_shift,0.6,minimum_intervention_boundary_learner_v5,5,120,0.44167,0.58736,0.05000,0.48355,0.19009,0.51975,1.00000,0.38947,0.00000,0.10884,0.12692,0.50449,0.62015
helpfulness_shift,0.6,minimum_intervention_boundary_learner_v5,6,120,0.49167,0.67785,0.05000,0.49135,0.16166,0.52971,1.00000,0.39446,0.02500,0.09397,0.12070,0.49064,0.68344
helpfulness_shift,0.6,minimum_intervention_boundary_learner_v5,7,120,0.45833,0.62502,0.02500,0.47738,0.18692,0.51779,1.00000,0.38552,0.02500,0.10572,0.12469,0.50086,0.65085
helpfulness_shift,0.6,minimum_intervention_boundary_learner_v5,8,120,0.49167,0.66503,0.06667,0.46495,0.22241,0.52201,1.00000,0.37757,0.00000,0.12966,0.12891,0.51514,0.67993
helpfulness_shift,0.6,minimum_intervention_boundary_learner_v5,9,120,0.51667,0.73480,0.05000,0.46992,0.18924,0.50424,1.00000,0.38075,0.04167,0.11332,0.12141,0.49645,0.71390
helpfulness_shift,0.6,oracle_minimal_correction,0,120,0.65000,0.90787,0.03333,0.51465,0.11188,0.53363,1.00000,0.40937,0.00833,0.35490,0.03367,0.46589,0.90431
helpfulness_shift,0.6,oracle_minimal_correction,1,120,0.58333,0.84061,0.07500,0.50961,0.13305,0.54151,1.00000,0.40615,0.00000,0.37537,0.03283,0.47497,0.80514
helpfulness_shift,0.6,oracle_minimal_correction,2,120,0.60833,0.81931,0.02500,0.49260,0.14265,0.53492,1.00000,0.39526,0.00000,0.38012,0.03362,0.47943,0.85131
helpfulness_shift,0.6,oracle_minimal_correction,3,120,0.58333,0.77571,0.05833,0.52599,0.13366,0.50535,1.00000,0.41663,0.00000,0.38108,0.03477,0.47737,0.79447
helpfulness_shift,0.6,oracle_minimal_correction,4,120,0.62500,0.85957,0.06667,0.50420,0.11883,0.51884,1.00000,0.40269,0.00833,0.36583,0.03499,0.47028,0.84995
helpfulness_shift,0.6,oracle_minimal_correction,5,120,0.60833,0.85058,0.03333,0.51888,0.13396,0.52423,1.00000,0.41208,0.00833,0.37546,0.03440,0.47169,0.84899
helpfulness_shift,0.6,oracle_minimal_correction,6,120,0.60000,0.82575,0.02500,0.51897,0.10009,0.53508,1.00000,0.41214,0.00000,0.35150,0.03502,0.46571,0.84296
helpfulness_shift,0.6,oracle_minimal_correction,7,120,0.53333,0.73432,0.03333,0.50832,0.11614,0.52395,1.00000,0.40532,0.00833,0.36782,0.03427,0.47240,0.74871
helpfulness_shift,0.6,oracle_minimal_correction,8,120,0.60833,0.81855,0.04167,0.50128,0.14603,0.52665,1.00000,0.40082,0.00000,0.38313,0.03423,0.48018,0.84118
helpfulness_shift,0.6,oracle_minimal_correction,9,120,0.55833,0.77691,0.08333,0.49800,0.11834,0.51138,1.00000,0.39872,0.01667,0.36648,0.03530,0.47015,0.75330
helpfulness_shift,0.6,residual_correction_learner,0,120,0.29167,0.33414,0.05000,0.34439,0.57352,0.53950,1.00000,0.30041,0.10000,0.26825,0.34104,0.63546,0.39957
helpfulness_shift,0.6,residual_correction_learner,1,120,0.29167,0.32562,0.05000,0.35320,0.50004,0.55908,1.00000,0.30605,0.15000,0.24713,0.31300,0.62660,0.38554
helpfulness_shift,0.6,residual_correction_learner,2,120,0.34167,0.37360,0.04167,0.31661,0.61101,0.53156,1.00000,0.28263,0.13333,0.28623,0.34254,0.65031,0.45376
helpfulness_shift,0.6,residual_correction_learner,3,120,0.23333,0.22431,0.01667,0.33701,0.58572,0.51597,1.00000,0.29569,0.11667,0.28914,0.34823,0.65391,0.32781
helpfulness_shift,0.6,residual_correction_learner,4,120,0.35000,0.41510,0.07500,0.35313,0.50545,0.50956,1.00000,0.30600,0.10833,0.24949,0.31420,0.61923,0.45542
helpfulness_shift,0.6,residual_correction_learner,5,120,0.18333,0.21928,0.05833,0.33907,0.60364,0.52589,1.00000,0.29700,0.17500,0.28965,0.34880,0.64264,0.23937
helpfulness_shift,0.6,residual_correction_learner,6,120,0.29167,0.30488,0.04167,0.33791,0.59036,0.52975,1.00000,0.29626,0.15833,0.27792,0.35402,0.64135,0.38034
helpfulness_shift,0.6,residual_correction_learner,7,120,0.32500,0.40025,0.05833,0.36758,0.49600,0.53334,1.00000,0.31525,0.10833,0.23676,0.30934,0.59810,0.43744
helpfulness_shift,0.6,residual_correction_learner,8,120,0.30833,0.30415,0.03333,0.33412,0.53607,0.53300,1.00000,0.29384,0.16667,0.26557,0.32035,0.64241,0.39943
helpfulness_shift,0.6,residual_correction_learner,9,120,0.33333,0.38725,0.05833,0.33821,0.57222,0.53179,1.00000,0.29646,0.18333,0.26863,0.33209,0.62595,0.42395
helpfulness_shift,0.6,robust_mpc_correction,0,120,0.61667,0.85474,0.06667,0.55984,0.11059,0.51670,1.00000,0.43830,0.01667,0.03700,0.06005,0.42119,0.83388
helpfulness_shift,0.6,robust_mpc_correction,1,120,0.46667,0.66219,0.03333,0.56352,0.10625,0.52030,1.00000,0.44065,0.04167,0.04303,0.05086,0.41905,0.65211
helpfulness_shift,0.6,robust_mpc_correction,2,120,0.52500,0.73210,0.07500,0.54450,0.11383,0.51407,1.00000,0.42848,0.00833,0.04520,0.05599,0.42345,0.71345
helpfulness_shift,0.6,robust_mpc_correction,3,120,0.59167,0.80464,0.04167,0.57690,0.10829,0.48685,1.00000,0.44922,0.02500,0.04729,0.05485,0.42486,0.80434
helpfulness_shift,0.6,robust_mpc_correction,4,120,0.60000,0.85545,0.03333,0.54370,0.11379,0.49555,1.00000,0.42797,0.04167,0.04758,0.06117,0.42861,0.82579
helpfulness_shift,0.6,robust_mpc_correction,5,120,0.60000,0.81178,0.07500,0.56588,0.10812,0.50478,1.00000,0.44216,0.03333,0.04163,0.05780,0.42352,0.79716
helpfulness_shift,0.6,robust_mpc_correction,6,120,0.61667,0.89847,0.04167,0.56583,0.10557,0.51612,1.00000,0.44213,0.01667,0.03770,0.05754,0.41815,0.85610
helpfulness_shift,0.6,robust_mpc_correction,7,120,0.52500,0.79436,0.04167,0.55114,0.09723,0.50228,1.00000,0.43273,0.04167,0.04289,0.05850,0.42625,0.73356
helpfulness_shift,0.6,robust_mpc_correction,8,120,0.53333,0.76800,0.02500,0.55144,0.10546,0.50477,1.00000,0.43292,0.03333,0.04693,0.05345,0.42335,0.74727
helpfulness_shift,0.6,robust_mpc_correction,9,120,0.56667,0.80253,0.05000,0.54587,0.10926,0.48803,1.00000,0.42935,0.02500,0.04289,0.05882,0.41979,0.77534
helpfulness_shift,0.6,uncertainty_query_policy,0,120,0.38333,0.41998,0.05000,0.45453,0.40989,0.55755,1.00000,0.37090,0.19167,0.23682,0.26948,0.51501,0.47760
helpfulness_shift,0.6,uncertainty_query_policy,1,120,0.38333,0.42965,0.03333,0.47907,0.35350,0.54902,1.00000,0.38661,0.15000,0.22294,0.24805,0.48498,0.49675
helpfulness_shift,0.6,uncertainty_query_policy,2,120,0.34167,0.41599,0.03333,0.43283,0.41117,0.54877,1.00000,0.35701,0.18333,0.24336,0.26009,0.52555,0.44607
helpfulness_shift,0.6,uncertainty_query_policy,3,120,0.30000,0.31812,0.10000,0.44263,0.43439,0.52166,1.00000,0.36328,0.12500,0.26645,0.28573,0.54192,0.36155
helpfulness_shift,0.6,uncertainty_query_policy,4,120,0.34167,0.37651,0.05833,0.45377,0.38556,0.51498,1.00000,0.37041,0.10833,0.22717,0.25497,0.51055,0.43964
helpfulness_shift,0.6,uncertainty_query_policy,5,120,0.42500,0.49515,0.04167,0.43968,0.37810,0.53399,1.00000,0.36139,0.14167,0.24025,0.26297,0.53983,0.55275
helpfulness_shift,0.6,uncertainty_query_policy,6,120,0.38333,0.44732,0.08333,0.45203,0.37353,0.52883,1.00000,0.36930,0.08333,0.22757,0.26669,0.52419,0.49342
helpfulness_shift,0.6,uncertainty_query_policy,7,120,0.37500,0.45398,0.08333,0.47847,0.35199,0.51327,1.00000,0.38622,0.21667,0.20471,0.24151,0.49051,0.44475
helpfulness_shift,0.6,uncertainty_query_policy,8,120,0.35000,0.38216,0.09167,0.44736,0.38437,0.51926,1.00000,0.36631,0.12500,0.23272,0.25202,0.52764,0.42881
helpfulness_shift,0.6,uncertainty_query_policy,9,120,0.35833,0.42362,0.04167,0.45454,0.40832,0.53888,1.00000,0.37090,0.13333,0.23511,0.26344,0.49521,0.47066
helpfulness_shift,0.8,active_entropy_query_policy,0,120,0.39167,0.52565,0.02500,0.38964,0.30921,0.52317,1.00000,0.32937,0.10833,0.23950,0.23835,0.59345,0.54684
helpfulness_shift,0.8,active_entropy_query_policy,1,120,0.31667,0.43426,0.05000,0.36883,0.32867,0.49818,1.00000,0.31605,0.07500,0.26629,0.21584,0.59757,0.44562
helpfulness_shift,0.8,active_entropy_query_policy,2,120,0.38333,0.49462,0.08333,0.39122,0.32346,0.51062,1.00000,0.33038,0.13333,0.25689,0.24341,0.59845,0.49292
helpfulness_shift,0.8,active_entropy_query_policy,3,120,0.44167,0.55978,0.00833,0.38759,0.31399,0.52183,1.00000,0.32805,0.06667,0.26114,0.23184,0.59741,0.62476
helpfulness_shift,0.8,active_entropy_query_policy,4,120,0.40000,0.52095,0.05000,0.39495,0.31794,0.52735,1.00000,0.33277,0.09167,0.25480,0.22952,0.58825,0.54594
helpfulness_shift,0.8,active_entropy_query_policy,5,120,0.40000,0.53520,0.05000,0.39187,0.31799,0.50644,1.00000,0.33079,0.11667,0.26595,0.24619,0.60036,0.54005
helpfulness_shift,0.8,active_entropy_query_policy,6,120,0.33333,0.41233,0.08333,0.35846,0.35833,0.51682,1.00000,0.30941,0.14167,0.28020,0.24737,0.62502,0.42556
helpfulness_shift,0.8,active_entropy_query_policy,7,120,0.32500,0.42051,0.07500,0.40323,0.31610,0.50293,1.00000,0.33807,0.11667,0.25646,0.21655,0.59158,0.42559
helpfulness_shift,0.8,active_entropy_query_policy,8,120,0.43333,0.59293,0.06667,0.38535,0.31545,0.51069,1.00000,0.32662,0.10000,0.26217,0.22938,0.59524,0.58256
helpfulness_shift,0.8,active_entropy_query_policy,9,120,0.35000,0.46940,0.04167,0.38327,0.33521,0.50522,1.00000,0.32529,0.10000,0.27656,0.23634,0.60423,0.48485
helpfulness_shift,0.8,full_demo_imitation,0,120,0.28333,0.27057,0.05833,0.45931,0.59045,0.56140,1.00000,0.72396,0.15000,0.23757,0.35761,0.49661,0.33576
helpfulness_shift,0.8,full_demo_imitation,1,120,0.25833,0.25415,0.10000,0.44761,0.60196,0.54380,1.00000,0.71647,0.18333,0.23697,0.32694,0.48972,0.27385
helpfulness_shift,0.8,full_demo_imitation,2,120,0.19167,0.19997,0.04167,0.45414,0.65629,0.55760,1.00000,0.72065,0.15000,0.25557,0.38140,0.50681,0.23739
helpfulness_shift,0.8,full_demo_imitation,3,120,0.27500,0.22596,0.05833,0.45685,0.65282,0.56876,1.00000,0.72239,0.20000,0.25460,0.36257,0.49759,0.30469
helpfulness_shift,0.8,full_demo_imitation,4,120,0.31667,0.26027,0.03333,0.46883,0.64323,0.55591,1.00000,0.73005,0.08333,0.24293,0.35112,0.50003,0.39768
helpfulness_shift,0.8,full_demo_imitation,5,120,0.22500,0.21789,0.06667,0.46288,0.63353,0.54026,1.00000,0.72624,0.09167,0.25160,0.36656,0.50510,0.27541
helpfulness_shift,0.8,full_demo_imitation,6,120,0.21667,0.17512,0.10833,0.44241,0.67750,0.57056,1.00000,0.71314,0.10833,0.25719,0.37019,0.50463,0.23584
helpfulness_shift,0.8,full_demo_imitation,7,120,0.25833,0.25026,0.05833,0.46566,0.55521,0.54093,1.00000,0.72802,0.19167,0.23304,0.32217,0.50895,0.29240
helpfulness_shift,0.8,full_demo_imitation,8,120,0.25000,0.22620,0.05000,0.43347,0.60455,0.55373,1.00000,0.70742,0.15000,0.24375,0.34748,0.52445,0.29814
helpfulness_shift,0.8,full_demo_imitation,9,120,0.25000,0.21271,0.04167,0.45997,0.65427,0.56770,1.00000,0.72438,0.16667,0.25334,0.34738,0.51277,0.29531
helpfulness_shift,0.8,minimum_intervention_boundary_learner_v5,0,120,0.54167,0.74182,0.05000,0.46475,0.20084,0.52615,1.00000,0.37744,0.00000,0.10958,0.14335,0.51055,0.75581
helpfulness_shift,0.8,minimum_intervention_boundary_learner_v5,1,120,0.37500,0.52277,0.02500,0.43973,0.23141,0.49907,1.00000,0.36143,0.00833,0.13469,0.13350,0.51961,0.54927
helpfulness_shift,0.8,minimum_intervention_boundary_learner_v5,2,120,0.50000,0.69658,0.04167,0.47562,0.19284,0.51302,1.00000,0.38440,0.00833,0.10972,0.13588,0.50614,0.70395
helpfulness_shift,0.8,minimum_intervention_boundary_learner_v5,3,120,0.52500,0.70256,0.06667,0.47390,0.19135,0.52721,1.00000,0.38330,0.02500,0.11422,0.12950,0.50775,0.71457
helpfulness_shift,0.8,minimum_intervention_boundary_learner_v5,4,120,0.42500,0.61275,0.06667,0.46472,0.21494,0.52966,1.00000,0.37742,0.02500,0.12001,0.14055,0.51492,0.59576
helpfulness_shift,0.8,minimum_intervention_boundary_learner_v5,5,120,0.45000,0.61623,0.05833,0.47067,0.18889,0.50852,1.00000,0.38123,0.00833,0.11661,0.14387,0.51547,0.62763
helpfulness_shift,0.8,minimum_intervention_boundary_learner_v5,6,120,0.42500,0.58527,0.04167,0.43864,0.22457,0.51911,1.00000,0.36073,0.00833,0.12498,0.14151,0.53198,0.60761
helpfulness_shift,0.8,minimum_intervention_boundary_learner_v5,7,120,0.46667,0.60823,0.03333,0.47292,0.20609,0.50589,1.00000,0.38267,0.01667,0.11787,0.13203,0.51595,0.65282
helpfulness_shift,0.8,minimum_intervention_boundary_learner_v5,8,120,0.44167,0.60974,0.07500,0.46485,0.21191,0.51706,1.00000,0.37751,0.00000,0.12383,0.13844,0.51481,0.61278
helpfulness_shift,0.8,minimum_intervention_boundary_learner_v5,9,120,0.42500,0.60255,0.05000,0.46048,0.22304,0.50671,1.00000,0.37471,0.03333,0.13753,0.14062,0.52300,0.59739
helpfulness_shift,0.8,oracle_minimal_correction,0,120,0.65833,0.91118,0.02500,0.50984,0.10298,0.52897,1.00000,0.40630,0.00833,0.34485,0.03455,0.46292,0.91709
helpfulness_shift,0.8,oracle_minimal_correction,1,120,0.54167,0.76226,0.08333,0.48122,0.15542,0.50441,1.00000,0.38798,0.01667,0.39505,0.03352,0.48372,0.73366
helpfulness_shift,0.8,oracle_minimal_correction,2,120,0.61667,0.83983,0.04167,0.51698,0.10881,0.51802,1.00000,0.41087,0.00833,0.35917,0.03477,0.46572,0.84957
helpfulness_shift,0.8,oracle_minimal_correction,3,120,0.56667,0.78688,0.05833,0.51248,0.13001,0.53268,1.00000,0.40799,0.00000,0.37301,0.03323,0.47247,0.78396
helpfulness_shift,0.8,oracle_minimal_correction,4,120,0.62500,0.85257,0.07500,0.50986,0.13011,0.53406,1.00000,0.40631,0.00833,0.36904,0.03366,0.47527,0.84614
helpfulness_shift,0.8,oracle_minimal_correction,5,120,0.60833,0.83375,0.04167,0.52283,0.10630,0.51353,1.00000,0.41461,0.00000,0.36204,0.03390,0.46646,0.84152
helpfulness_shift,0.8,oracle_minimal_correction,6,120,0.52500,0.73762,0.03333,0.49057,0.13403,0.52220,1.00000,0.39397,0.00000,0.37843,0.03496,0.47801,0.74400
helpfulness_shift,0.8,oracle_minimal_correction,7,120,0.54167,0.70304,0.03333,0.51395,0.13511,0.51054,1.00000,0.40893,0.01667,0.38562,0.03418,0.47555,0.74608
helpfulness_shift,0.8,oracle_minimal_correction,8,120,0.56667,0.77088,0.05000,0.51319,0.13322,0.52210,1.00000,0.40844,0.00000,0.37599,0.03483,0.47449,0.78348
helpfulness_shift,0.8,oracle_minimal_correction,9,120,0.55000,0.72084,0.08333,0.50688,0.13823,0.51205,1.00000,0.40440,0.02500,0.38855,0.03421,0.47945,0.73059
helpfulness_shift,0.8,residual_correction_learner,0,120,0.34167,0.36975,0.05000,0.31099,0.58965,0.54041,1.00000,0.27903,0.09167,0.28311,0.36848,0.65889,0.46199
helpfulness_shift,0.8,residual_correction_learner,1,120,0.16667,0.21161,0.03333,0.27835,0.64130,0.54441,1.00000,0.25814,0.15833,0.30576,0.34998,0.68318,0.24487
helpfulness_shift,0.8,residual_correction_learner,2,120,0.25833,0.28000,0.03333,0.29403,0.65409,0.52628,1.00000,0.26818,0.09167,0.31978,0.39945,0.68349,0.36746
helpfulness_shift,0.8,residual_correction_learner,3,120,0.23333,0.22519,0.01667,0.28978,0.63787,0.54832,1.00000,0.26546,0.13333,0.30540,0.37537,0.68502,0.33046
helpfulness_shift,0.8,residual_correction_learner,4,120,0.30000,0.30867,0.06667,0.31905,0.60554,0.52421,1.00000,0.28419,0.11667,0.29136,0.36006,0.65621,0.38874
helpfulness_shift,0.8,residual_correction_learner,5,120,0.15833,0.17587,0.06667,0.30013,0.63002,0.52354,1.00000,0.27208,0.14167,0.31452,0.38792,0.67682,0.21235
helpfulness_shift,0.8,residual_correction_learner,6,120,0.25833,0.24652,0.03333,0.29229,0.67360,0.55369,1.00000,0.26707,0.14167,0.31473,0.37794,0.68192,0.34963
helpfulness_shift,0.8,residual_correction_learner,7,120,0.22500,0.25327,0.05833,0.30675,0.59729,0.51504,1.00000,0.27632,0.14167,0.30415,0.35440,0.67833,0.29916
helpfulness_shift,0.8,residual_correction_learner,8,120,0.21667,0.23788,0.03333,0.30304,0.60143,0.54061,1.00000,0.27394,0.17500,0.29649,0.35710,0.66776,0.29401
helpfulness_shift,0.8,residual_correction_learner,9,120,0.24167,0.26138,0.07500,0.30113,0.60306,0.52298,1.00000,0.27272,0.16667,0.30180,0.35018,0.67808,0.30312
helpfulness_shift,0.8,robust_mpc_correction,0,120,0.60000,0.86215,0.05833,0.55131,0.11676,0.50992,1.00000,0.43284,0.01667,0.03854,0.06840,0.41842,0.82241
helpfulness_shift,0.8,robust_mpc_correction,1,120,0.50833,0.74912,0.04167,0.54108,0.10753,0.48310,1.00000,0.42629,0.03333,0.04866,0.04630,0.41785,0.70665
helpfulness_shift,0.8,robust_mpc_correction,2,120,0.55833,0.77956,0.06667,0.56518,0.09955,0.49680,1.00000,0.44171,0.00833,0.03533,0.05550,0.41586,0.75834
helpfulness_shift,0.8,robust_mpc_correction,3,120,0.60000,0.83133,0.07500,0.56417,0.10216,0.51015,1.00000,0.44107,0.02500,0.03846,0.04872,0.41881,0.80431
helpfulness_shift,0.8,robust_mpc_correction,4,120,0.61667,0.88065,0.04167,0.56370,0.10655,0.51528,1.00000,0.44077,0.04167,0.03861,0.04936,0.41826,0.84514
helpfulness_shift,0.8,robust_mpc_correction,5,120,0.61667,0.85633,0.07500,0.57327,0.09369,0.49286,1.00000,0.44689,0.04167,0.03519,0.05297,0.41491,0.81910
helpfulness_shift,0.8,robust_mpc_correction,6,120,0.58333,0.84541,0.03333,0.53872,0.12135,0.50092,1.00000,0.42478,0.01667,0.05276,0.05985,0.42839,0.81475
helpfulness_shift,0.8,robust_mpc_correction,7,120,0.50833,0.70469,0.04167,0.57057,0.09380,0.49062,1.00000,0.44517,0.02500,0.03884,0.04796,0.41724,0.69931
helpfulness_shift,0.8,robust_mpc_correction,8,120,0.56667,0.80874,0.03333,0.56151,0.11113,0.50128,1.00000,0.43937,0.03333,0.04564,0.05316,0.42303,0.78447
helpfulness_shift,0.8,robust_mpc_correction,9,120,0.51667,0.69178,0.05833,0.56204,0.09178,0.49143,1.00000,0.43971,0.04167,0.04338,0.04838,0.42235,0.69207
helpfulness_shift,0.8,uncertainty_query_policy,0,120,0.34167,0.40836,0.04167,0.42294,0.41398,0.54856,1.00000,0.35068,0.17500,0.25159,0.29641,0.54175,0.44346
helpfulness_shift,0.8,uncertainty_query_policy,1,120,0.38333,0.41472,0.04167,0.41306,0.40723,0.51443,1.00000,0.34436,0.12500,0.26294,0.26308,0.53459,0.49601
helpfulness_shift,0.8,uncertainty_query_policy,2,120,0.33333,0.33679,0.02500,0.42052,0.46494,0.53182,1.00000,0.34913,0.14167,0.28004,0.31657,0.55224,0.43580
helpfulness_shift,0.8,uncertainty_query_policy,3,120,0.30833,0.35848,0.09167,0.42563,0.45042,0.53781,1.00000,0.35240,0.15000,0.27757,0.30085,0.54228,0.37870
helpfulness_shift,0.8,uncertainty_query_policy,4,120,0.28333,0.32408,0.05833,0.43071,0.42485,0.54006,1.00000,0.35566,0.15833,0.25766,0.28546,0.53870,0.36110
helpfulness_shift,0.8,uncertainty_query_policy,5,120,0.32500,0.35072,0.02500,0.42348,0.45642,0.51880,1.00000,0.35103,0.17500,0.28785,0.31567,0.55196,0.41941
helpfulness_shift,0.8,uncertainty_query_policy,6,120,0.27500,0.29123,0.08333,0.40135,0.48803,0.53695,1.00000,0.33687,0.10833,0.29287,0.31535,0.55898,0.34800
helpfulness_shift,0.8,uncertainty_query_policy,7,120,0.35833,0.38861,0.05833,0.43223,0.40907,0.51330,1.00000,0.35663,0.19167,0.26431,0.27167,0.54863,0.43794
helpfulness_shift,0.8,uncertainty_query_policy,8,120,0.33333,0.38290,0.09167,0.41333,0.41265,0.52833,1.00000,0.34453,0.14167,0.26684,0.28425,0.54874,0.41085
helpfulness_shift,0.8,uncertainty_query_policy,9,120,0.34167,0.34990,0.04167,0.42367,0.44961,0.53608,1.00000,0.35115,0.12500,0.27764,0.29184,0.54793,0.44326
helpfulness_shift,1.0,active_entropy_query_policy,0,120,0.35000,0.42514,0.02500,0.33985,0.37835,0.52917,1.00000,0.29751,0.10833,0.30820,0.27942,0.65354,0.48828
helpfulness_shift,1.0,active_entropy_query_policy,1,120,0.27500,0.33493,0.05000,0.34177,0.39246,0.48453,1.00000,0.29873,0.07500,0.32894,0.30619,0.65756,0.38411
helpfulness_shift,1.0,active_entropy_query_policy,2,120,0.32500,0.40580,0.09167,0.34204,0.37899,0.48848,1.00000,0.29890,0.11667,0.31899,0.31133,0.64783,0.41638
helpfulness_shift,1.0,active_entropy_query_policy,3,120,0.37500,0.44282,0.01667,0.33024,0.39669,0.50995,1.00000,0.29135,0.07500,0.31745,0.28140,0.65298,0.52859
helpfulness_shift,1.0,active_entropy_query_policy,4,120,0.33333,0.42691,0.05000,0.35558,0.36532,0.49751,1.00000,0.30757,0.09167,0.29909,0.28989,0.63050,0.45795
helpfulness_shift,1.0,active_entropy_query_policy,5,120,0.38333,0.49459,0.05833,0.34573,0.37701,0.50881,1.00000,0.30127,0.13333,0.30724,0.28530,0.64605,0.50937
helpfulness_shift,1.0,active_entropy_query_policy,6,120,0.29167,0.36445,0.08333,0.34438,0.38157,0.50835,1.00000,0.30040,0.14167,0.31383,0.29185,0.65351,0.37409
helpfulness_shift,1.0,active_entropy_query_policy,7,120,0.28333,0.37845,0.08333,0.33815,0.39670,0.49936,1.00000,0.29642,0.11667,0.32026,0.27349,0.65141,0.37474
helpfulness_shift,1.0,active_entropy_query_policy,8,120,0.39167,0.50498,0.06667,0.38235,0.33860,0.52351,1.00000,0.32470,0.10833,0.29434,0.26988,0.62492,0.52245
helpfulness_shift,1.0,active_entropy_query_policy,9,120,0.32500,0.42187,0.04167,0.34677,0.37510,0.50319,1.00000,0.30193,0.10833,0.31282,0.29210,0.64444,0.44986
helpfulness_shift,1.0,full_demo_imitation,0,120,0.12500,0.09232,0.06667,0.42969,0.77490,0.53756,1.00000,0.70500,0.10833,0.29160,0.42333,0.53543,0.14524
helpfulness_shift,1.0,full_demo_imitation,1,120,0.18333,0.14680,0.06667,0.38875,0.74262,0.51948,1.00000,0.67880,0.18333,0.30203,0.43623,0.59080,0.19616
helpfulness_shift,1.0,full_demo_imitation,2,120,0.13333,0.08389,0.04167,0.39232,0.76533,0.55687,1.00000,0.68108,0.12500,0.29879,0.44692,0.58074,0.16590
helpfulness_shift,1.0,full_demo_imitation,3,120,0.19167,0.13775,0.05000,0.39340,0.77600,0.55467,1.00000,0.68178,0.21667,0.29730,0.41790,0.57050,0.20526
helpfulness_shift,1.0,full_demo_imitation,4,120,0.20000,0.13938,0.04167,0.39671,0.75569,0.53992,1.00000,0.68389,0.11667,0.29487,0.44072,0.56678,0.24408
helpfulness_shift,1.0,full_demo_imitation,5,120,0.16667,0.14268,0.05000,0.41810,0.72050,0.53615,1.00000,0.69759,0.09167,0.27863,0.41799,0.55245,0.21232
helpfulness_shift,1.0,full_demo_imitation,6,120,0.13333,0.08749,0.08333,0.40668,0.75589,0.55469,1.00000,0.69027,0.12500,0.29039,0.42600,0.57673,0.14413
helpfulness_shift,1.0,full_demo_imitation,7,120,0.18333,0.15221,0.06667,0.41032,0.79092,0.54767,1.00000,0.69260,0.15833,0.30423,0.41445,0.55467,0.20558
helpfulness_shift,1.0,full_demo_imitation,8,120,0.20833,0.16076,0.04167,0.42975,0.70957,0.55806,1.00000,0.70504,0.17500,0.28888,0.41664,0.56020,0.24186
helpfulness_shift,1.0,full_demo_imitation,9,120,0.19167,0.15443,0.04167,0.41825,0.75286,0.53934,1.00000,0.69768,0.11667,0.29366,0.42444,0.55669,0.23786
helpfulness_shift,1.0,minimum_intervention_boundary_learner_v5,0,120,0.49167,0.64201,0.04167,0.44089,0.23543,0.53108,1.00000,0.36217,0.00833,0.13756,0.16187,0.54990,0.68915
helpfulness_shift,1.0,minimum_intervention_boundary_learner_v5,1,120,0.33333,0.43111,0.04167,0.45022,0.23168,0.48477,1.00000,0.36814,0.02500,0.13026,0.18139,0.54728,0.47333
helpfulness_shift,1.0,minimum_intervention_boundary_learner_v5,2,120,0.47500,0.62286,0.04167,0.45517,0.21683,0.49017,1.00000,0.37131,0.00833,0.12573,0.18117,0.53435,0.66176
helpfulness_shift,1.0,minimum_intervention_boundary_learner_v5,3,120,0.45833,0.60682,0.05000,0.43248,0.24515,0.51013,1.00000,0.35679,0.02500,0.13140,0.16006,0.54340,0.63626
helpfulness_shift,1.0,minimum_intervention_boundary_learner_v5,4,120,0.45000,0.62689,0.05833,0.46228,0.19955,0.49678,1.00000,0.37586,0.00833,0.12211,0.15925,0.51944,0.62889
helpfulness_shift,1.0,minimum_intervention_boundary_learner_v5,5,120,0.41667,0.59847,0.05000,0.44489,0.22971,0.51035,1.00000,0.36473,0.00000,0.14090,0.16684,0.53715,0.59912
helpfulness_shift,1.0,minimum_intervention_boundary_learner_v5,6,120,0.41667,0.52699,0.04167,0.44853,0.23124,0.51019,1.00000,0.36706,0.00833,0.13370,0.17006,0.54517,0.58567
helpfulness_shift,1.0,minimum_intervention_boundary_learner_v5,7,120,0.42500,0.57366,0.02500,0.43304,0.25305,0.49831,1.00000,0.35715,0.02500,0.13719,0.16140,0.54898,0.60736
helpfulness_shift,1.0,minimum_intervention_boundary_learner_v5,8,120,0.42500,0.57116,0.06667,0.48560,0.20433,0.52667,1.00000,0.39078,0.00000,0.12044,0.14868,0.52278,0.59301
helpfulness_shift,1.0,minimum_intervention_boundary_learner_v5,9,120,0.40000,0.56685,0.05000,0.45147,0.22838,0.50471,1.00000,0.36894,0.01667,0.13232,0.17463,0.53856,0.56998
helpfulness_shift,1.0,oracle_minimal_correction,0,120,0.55000,0.76277,0.02500,0.51676,0.12999,0.53739,1.00000,0.41073,0.00833,0.37190,0.03380,0.47616,0.77766
helpfulness_shift,1.0,oracle_minimal_correction,1,120,0.57500,0.75209,0.06667,0.53229,0.11096,0.49019,1.00000,0.42066,0.00833,0.36979,0.03564,0.46862,0.77168
helpfulness_shift,1.0,oracle_minimal_correction,2,120,0.60000,0.80316,0.05833,0.53685,0.09317,0.49617,1.00000,0.42358,0.00000,0.35404,0.03515,0.46160,0.81488
helpfulness_shift,1.0,oracle_minimal_correction,3,120,0.61667,0.87107,0.04167,0.50152,0.13273,0.51785,1.00000,0.40097,0.00000,0.37822,0.03385,0.47524,0.85967
helpfulness_shift,1.0,oracle_minimal_correction,4,120,0.60833,0.85174,0.07500,0.52392,0.10005,0.50488,1.00000,0.41531,0.00000,0.35524,0.03606,0.46600,0.82696
helpfulness_shift,1.0,oracle_minimal_correction,5,120,0.60833,0.82944,0.04167,0.52134,0.11463,0.51704,1.00000,0.41366,0.00833,0.36489,0.03353,0.46703,0.83876
helpfulness_shift,1.0,oracle_minimal_correction,6,120,0.55833,0.73752,0.02500,0.52963,0.11915,0.51925,1.00000,0.41896,0.01667,0.36652,0.03443,0.46971,0.77506
helpfulness_shift,1.0,oracle_minimal_correction,7,120,0.50833,0.72540,0.02500,0.50417,0.13994,0.50523,1.00000,0.40267,0.01667,0.38875,0.03409,0.47959,0.72179
helpfulness_shift,1.0,oracle_minimal_correction,8,120,0.63333,0.82972,0.05000,0.54141,0.11837,0.53428,1.00000,0.42651,0.00833,0.37129,0.03289,0.47273,0.86144
helpfulness_shift,1.0,oracle_minimal_correction,9,120,0.60833,0.82919,0.07500,0.53095,0.11064,0.51140,1.00000,0.41981,0.00000,0.36292,0.03409,0.46682,0.82269
helpfulness_shift,1.0,residual_correction_learner,0,120,0.21667,0.17744,0.04167,0.24721,0.72952,0.54828,1.00000,0.23822,0.09167,0.35345,0.42639,0.73545,0.30570
helpfulness_shift,1.0,residual_correction_learner,1,120,0.09167,0.08865,0.03333,0.24893,0.72558,0.52561,1.00000,0.23932,0.15833,0.36547,0.43697,0.73911,0.14402
helpfulness_shift,1.0,residual_correction_learner,2,120,0.21667,0.19972,0.04167,0.24200,0.74423,0.53480,1.00000,0.23488,0.11667,0.36127,0.45011,0.73631,0.30204
helpfulness_shift,1.0,residual_correction_learner,3,120,0.17500,0.15898,0.03333,0.24788,0.75392,0.51891,1.00000,0.23864,0.14167,0.35733,0.42070,0.72115,0.24575
helpfulness_shift,1.0,residual_correction_learner,4,120,0.18333,0.16083,0.06667,0.24736,0.72223,0.51829,1.00000,0.23831,0.13333,0.35085,0.44020,0.73036,0.23989
helpfulness_shift,1.0,residual_correction_learner,5,120,0.13333,0.12279,0.05833,0.25890,0.72812,0.51336,1.00000,0.24569,0.14167,0.34867,0.43098,0.72611,0.18233
helpfulness_shift,1.0,residual_correction_learner,6,120,0.21667,0.16490,0.04167,0.25395,0.74589,0.53924,1.00000,0.24253,0.16667,0.35432,0.43254,0.72934,0.28027
helpfulness_shift,1.0,residual_correction_learner,7,120,0.20833,0.17490,0.04167,0.24880,0.73627,0.52750,1.00000,0.23923,0.14167,0.36371,0.41910,0.73225,0.27990
helpfulness_shift,1.0,residual_correction_learner,8,120,0.18333,0.17340,0.03333,0.25910,0.70599,0.54755,1.00000,0.24582,0.18333,0.35438,0.42473,0.73653,0.24976
helpfulness_shift,1.0,residual_correction_learner,9,120,0.18333,0.15721,0.06667,0.24351,0.73673,0.52257,1.00000,0.23585,0.17500,0.35855,0.43534,0.73674,0.22841
helpfulness_shift,1.0,robust_mpc_correction,0,120,0.60833,0.85623,0.06667,0.56590,0.11589,0.51610,1.00000,0.44218,0.01667,0.04606,0.05865,0.42508,0.82582
helpfulness_shift,1.0,robust_mpc_correction,1,120,0.45000,0.60617,0.04167,0.58292,0.10055,0.47114,1.00000,0.45307,0.03333,0.03702,0.05871,0.41673,0.61405
helpfulness_shift,1.0,robust_mpc_correction,2,120,0.55000,0.74675,0.08333,0.57486,0.09373,0.47805,1.00000,0.44791,0.00833,0.03684,0.06387,0.42014,0.73162
helpfulness_shift,1.0,robust_mpc_correction,3,120,0.59167,0.84819,0.07500,0.55018,0.12012,0.49578,1.00000,0.43212,0.03333,0.04912,0.05848,0.42675,0.79628
helpfulness_shift,1.0,robust_mpc_correction,4,120,0.60000,0.86470,0.03333,0.57176,0.10516,0.48502,1.00000,0.44593,0.02500,0.03377,0.05971,0.41522,0.82965
helpfulness_shift,1.0,robust_mpc_correction,5,120,0.59167,0.83531,0.06667,0.56389,0.11533,0.49608,1.00000,0.44089,0.04167,0.04684,0.06189,0.42300,0.79490
helpfulness_shift,1.0,robust_mpc_correction,6,120,0.60000,0.83598,0.03333,0.57333,0.11225,0.49670,1.00000,0.44693,0.02500,0.04459,0.06248,0.42375,0.82523
helpfulness_shift,1.0,robust_mpc_correction,7,120,0.51667,0.74297,0.04167,0.55481,0.11070,0.48394,1.00000,0.43508,0.04167,0.05306,0.04925,0.42689,0.71147
helpfulness_shift,1.0,robust_mpc_correction,8,120,0.58333,0.81933,0.02500,0.60127,0.09667,0.51529,1.00000,0.46481,0.03333,0.03292,0.05057,0.41475,0.80806
helpfulness_shift,1.0,robust_mpc_correction,9,120,0.55000,0.77484,0.05000,0.57579,0.09948,0.49114,1.00000,0.44850,0.00833,0.03687,0.05495,0.41884,0.75674
helpfulness_shift,1.0,uncertainty_query_policy,0,120,0.25000,0.26866,0.05000,0.38115,0.53623,0.52246,1.00000,0.32394,0.19167,0.33205,0.35452,0.59459,0.31251
helpfulness_shift,1.0,uncertainty_query_policy,1,120,0.26667,0.25609,0.05833,0.37023,0.52693,0.49097,1.00000,0.31695,0.17500,0.34451,0.36857,0.61603,0.32404
helpfulness_shift,1.0,uncertainty_query_policy,2,120,0.28333,0.27245,0.03333,0.35360,0.54803,0.51428,1.00000,0.30630,0.13333,0.34819,0.38813,0.62248,0.37280
helpfulness_shift,1.0,uncertainty_query_policy,3,120,0.27500,0.25172,0.09167,0.36100,0.54907,0.52758,1.00000,0.31104,0.15000,0.33915,0.35223,0.61151,0.32588
helpfulness_shift,1.0,uncertainty_query_policy,4,120,0.20000,0.21142,0.05833,0.36254,0.51969,0.51781,1.00000,0.31202,0.13333,0.32698,0.36459,0.60900,0.26257
helpfulness_shift,1.0,uncertainty_query_policy,5,120,0.32500,0.32185,0.02500,0.37405,0.51216,0.52074,1.00000,0.31939,0.11667,0.32602,0.35492,0.60652,0.43379
helpfulness_shift,1.0,uncertainty_query_policy,6,120,0.29167,0.28253,0.06667,0.36905,0.53839,0.52419,1.00000,0.31619,0.09167,0.33832,0.36687,0.61746,0.37828
helpfulness_shift,1.0,uncertainty_query_policy,7,120,0.25000,0.22921,0.05833,0.37050,0.56569,0.51811,1.00000,0.31712,0.20000,0.34748,0.35094,0.60265,0.29731
helpfulness_shift,1.0,uncertainty_query_policy,8,120,0.26667,0.27065,0.08333,0.40401,0.48924,0.54150,1.00000,0.33856,0.14167,0.32473,0.34734,0.59283,0.32801
helpfulness_shift,1.0,uncertainty_query_policy,9,120,0.30000,0.28900,0.03333,0.37163,0.52814,0.51444,1.00000,0.31784,0.10833,0.33527,0.36274,0.60948,0.39896
human_noise,0.0,active_entropy_query_policy,0,120,0.40000,0.55196,0.02500,0.42677,0.24400,0.51889,1.00000,0.35313,0.11667,0.22148,0.18890,0.55796,0.55523
human_noise,0.0,active_entropy_query_policy,1,120,0.38333,0.50542,0.05000,0.42892,0.26132,0.51921,1.00000,0.35451,0.09167,0.21788,0.17794,0.55677,0.52224
human_noise,0.0,active_entropy_query_policy,2,120,0.40833,0.56985,0.08333,0.40114,0.26522,0.51664,1.00000,0.33673,0.12500,0.23180,0.19855,0.57316,0.53604
human_noise,0.0,active_entropy_query_policy,3,120,0.41667,0.56204,0.00833,0.41327,0.26418,0.50885,1.00000,0.34449,0.09167,0.23337,0.20751,0.57323,0.58963
human_noise,0.0,active_entropy_query_policy,4,120,0.41667,0.54693,0.05000,0.41170,0.28135,0.52919,1.00000,0.34349,0.09167,0.24281,0.20905,0.58688,0.56801
human_noise,0.0,active_entropy_query_policy,5,120,0.41667,0.57175,0.05833,0.39169,0.27581,0.52489,1.00000,0.33068,0.13333,0.23655,0.19614,0.57973,0.55713
human_noise,0.0,active_entropy_query_policy,6,120,0.45000,0.60688,0.08333,0.42662,0.23539,0.53548,1.00000,0.35304,0.15833,0.20478,0.16754,0.55442,0.57729
human_noise,0.0,active_entropy_query_policy,7,120,0.37500,0.49080,0.08333,0.40424,0.26246,0.51103,1.00000,0.33871,0.10833,0.23534,0.19360,0.57452,0.48923
human_noise,0.0,active_entropy_query_policy,8,120,0.42500,0.56971,0.05000,0.41533,0.26703,0.51368,1.00000,0.34581,0.09167,0.23385,0.20647,0.57413,0.57859
human_noise,0.0,active_entropy_query_policy,9,120,0.41667,0.53846,0.05000,0.42191,0.26002,0.51867,1.00000,0.35002,0.10833,0.22747,0.18012,0.56739,0.55884
human_noise,0.0,full_demo_imitation,0,120,0.34167,0.41196,0.05000,0.40087,0.44621,0.55091,1.00000,0.68656,0.12500,0.20263,0.27649,0.57331,0.44069
human_noise,0.0,full_demo_imitation,1,120,0.36667,0.43061,0.07500,0.40565,0.43361,0.54975,1.00000,0.68961,0.16667,0.19087,0.26160,0.56756,0.44455
human_noise,0.0,full_demo_imitation,2,120,0.35833,0.43051,0.03333,0.36180,0.43658,0.54637,1.00000,0.66155,0.12500,0.20287,0.28627,0.60101,0.47202
human_noise,0.0,full_demo_imitation,3,120,0.30000,0.29097,0.05833,0.37052,0.47917,0.55259,1.00000,0.66713,0.17500,0.21874,0.31228,0.60878,0.35693
human_noise,0.0,full_demo_imitation,4,120,0.39167,0.40537,0.02500,0.39451,0.49534,0.58292,1.00000,0.68249,0.10000,0.20834,0.29879,0.59745,0.51479
human_noise,0.0,full_demo_imitation,5,120,0.29167,0.36888,0.04167,0.36462,0.48015,0.56925,1.00000,0.66336,0.10000,0.21046,0.28056,0.60048,0.39733
human_noise,0.0,full_demo_imitation,6,120,0.34167,0.42184,0.07500,0.41370,0.40434,0.56955,1.00000,0.69477,0.10000,0.18019,0.24958,0.55965,0.43823
human_noise,0.0,full_demo_imitation,7,120,0.35000,0.43068,0.05000,0.38102,0.45567,0.55439,1.00000,0.67386,0.15000,0.20008,0.27723,0.59027,0.44801
human_noise,0.0,full_demo_imitation,8,120,0.32500,0.37778,0.05000,0.38118,0.46250,0.54294,1.00000,0.67395,0.17500,0.21144,0.29807,0.60086,0.40341
human_noise,0.0,full_demo_imitation,9,120,0.29167,0.36255,0.03333,0.39453,0.43969,0.55762,1.00000,0.68250,0.14167,0.19680,0.26469,0.59144,0.38578
human_noise,0.0,minimum_intervention_boundary_learner_v5,0,120,0.56667,0.74779,0.04167,0.49461,0.15338,0.52355,1.00000,0.39655,0.00000,0.09687,0.10211,0.48799,0.78413
human_noise,0.0,minimum_intervention_boundary_learner_v5,1,120,0.42500,0.60923,0.03333,0.48812,0.18163,0.51899,1.00000,0.39240,0.00833,0.10274,0.10095,0.48964,0.61366
human_noise,0.0,minimum_intervention_boundary_learner_v5,2,120,0.49167,0.69666,0.05000,0.47141,0.17641,0.52319,1.00000,0.38170,0.00833,0.09942,0.11322,0.49541,0.69221
human_noise,0.0,minimum_intervention_boundary_learner_v5,3,120,0.55833,0.75127,0.05000,0.49049,0.15909,0.51021,1.00000,0.39391,0.00833,0.09367,0.10973,0.49080,0.76842
human_noise,0.0,minimum_intervention_boundary_learner_v5,4,120,0.44167,0.61201,0.06667,0.48745,0.18032,0.53490,1.00000,0.39197,0.01667,0.10342,0.11907,0.50002,0.61387
human_noise,0.0,minimum_intervention_boundary_learner_v5,5,120,0.45000,0.63891,0.05000,0.46318,0.17630,0.52636,1.00000,0.37644,0.01667,0.10079,0.10690,0.50150,0.63646
human_noise,0.0,minimum_intervention_boundary_learner_v5,6,120,0.47500,0.66659,0.03333,0.48362,0.16450,0.54167,1.00000,0.38952,0.00833,0.09889,0.09506,0.48902,0.67932
human_noise,0.0,minimum_intervention_boundary_learner_v5,7,120,0.49167,0.68962,0.02500,0.47542,0.17414,0.51456,1.00000,0.38427,0.01667,0.10607,0.10961,0.49655,0.70015
human_noise,0.0,minimum_intervention_boundary_learner_v5,8,120,0.48333,0.66623,0.05833,0.48875,0.15628,0.51992,1.00000,0.39280,0.00000,0.08989,0.11215,0.49309,0.67414
human_noise,0.0,minimum_intervention_boundary_learner_v5,9,120,0.48333,0.68659,0.05000,0.48428,0.17943,0.52045,1.00000,0.38994,0.03333,0.10850,0.10000,0.49769,0.67405
human_noise,0.0,oracle_minimal_correction,0,120,0.56667,0.79401,0.03333,0.51644,0.12327,0.52912,1.00000,0.41052,0.01667,0.36802,0.03381,0.47149,0.79324
human_noise,0.0,oracle_minimal_correction,1,120,0.56667,0.77268,0.06667,0.50118,0.13870,0.52555,1.00000,0.40075,0.00833,0.38063,0.03393,0.47890,0.77389
human_noise,0.0,oracle_minimal_correction,2,120,0.59167,0.83512,0.04167,0.49994,0.13130,0.52924,1.00000,0.39996,0.00833,0.37211,0.03383,0.47301,0.82585
human_noise,0.0,oracle_minimal_correction,3,120,0.61667,0.81871,0.05000,0.51401,0.11490,0.51538,1.00000,0.40897,0.00000,0.36279,0.03546,0.47005,0.84288
human_noise,0.0,oracle_minimal_correction,4,120,0.60000,0.83010,0.07500,0.52066,0.12017,0.53854,1.00000,0.41322,0.00833,0.36651,0.03279,0.47050,0.81623
human_noise,0.0,oracle_minimal_correction,5,120,0.57500,0.80353,0.03333,0.49073,0.13935,0.53262,1.00000,0.39407,0.00833,0.38152,0.03372,0.47898,0.80757
human_noise,0.0,oracle_minimal_correction,6,120,0.54167,0.73267,0.02500,0.49850,0.13303,0.54844,1.00000,0.39904,0.00000,0.37600,0.03228,0.47612,0.76700
human_noise,0.0,oracle_minimal_correction,7,120,0.56667,0.78334,0.03333,0.50185,0.13224,0.52141,1.00000,0.40118,0.00000,0.37845,0.03337,0.47404,0.79510
human_noise,0.0,oracle_minimal_correction,8,120,0.59167,0.81218,0.04167,0.51709,0.11357,0.52623,1.00000,0.41094,0.00000,0.36356,0.03382,0.46944,0.82207
human_noise,0.0,oracle_minimal_correction,9,120,0.56667,0.76825,0.08333,0.50247,0.14742,0.52697,1.00000,0.40158,0.00833,0.38757,0.03403,0.48263,0.76458
human_noise,0.0,residual_correction_learner,0,120,0.34167,0.37258,0.05000,0.34595,0.47919,0.53002,1.00000,0.30140,0.11667,0.24470,0.30905,0.62670,0.45164
human_noise,0.0,residual_correction_learner,1,120,0.27500,0.35753,0.04167,0.34786,0.48141,0.53272,1.00000,0.30263,0.12500,0.25139,0.30070,0.62696,0.38397
human_noise,0.0,residual_correction_learner,2,120,0.33333,0.36472,0.04167,0.31383,0.50737,0.51547,1.00000,0.28085,0.10000,0.26830,0.33069,0.65035,0.45080
human_noise,0.0,residual_correction_learner,3,120,0.25833,0.29467,0.01667,0.32154,0.51272,0.52075,1.00000,0.28579,0.10000,0.27596,0.34062,0.65774,0.37422
human_noise,0.0,residual_correction_learner,4,120,0.30000,0.29714,0.06667,0.32684,0.54721,0.53828,1.00000,0.28918,0.14167,0.27813,0.34225,0.66072,0.38104
human_noise,0.0,residual_correction_learner,5,120,0.25000,0.33592,0.06667,0.32274,0.52673,0.53478,1.00000,0.28655,0.15000,0.26324,0.31174,0.64259,0.33599
human_noise,0.0,residual_correction_learner,6,120,0.35833,0.43819,0.04167,0.35324,0.44399,0.53750,1.00000,0.30608,0.15833,0.23320,0.28649,0.62061,0.47587
human_noise,0.0,residual_correction_learner,7,120,0.31667,0.37883,0.05000,0.32844,0.50966,0.52607,1.00000,0.29020,0.13333,0.25719,0.30863,0.64597,0.42430
human_noise,0.0,residual_correction_learner,8,120,0.32500,0.37119,0.03333,0.32599,0.52633,0.52461,1.00000,0.28864,0.18333,0.27355,0.33999,0.65568,0.42599
human_noise,0.0,residual_correction_learner,9,120,0.33333,0.39107,0.05833,0.34809,0.46671,0.53577,1.00000,0.30278,0.17500,0.24292,0.29336,0.63651,0.42789
human_noise,0.0,robust_mpc_correction,0,120,0.59167,0.86017,0.06667,0.57659,0.10527,0.50911,1.00000,0.44902,0.01667,0.03681,0.04881,0.40863,0.80798
human_noise,0.0,robust_mpc_correction,1,120,0.45833,0.65593,0.04167,0.56836,0.10724,0.50524,1.00000,0.44375,0.02500,0.03675,0.04490,0.40871,0.64012
human_noise,0.0,robust_mpc_correction,2,120,0.53333,0.76939,0.07500,0.55865,0.10523,0.50663,1.00000,0.43754,0.02500,0.03600,0.04708,0.40840,0.72319
human_noise,0.0,robust_mpc_correction,3,120,0.60833,0.87759,0.05833,0.57366,0.09576,0.49666,1.00000,0.44714,0.03333,0.02981,0.04962,0.40659,0.82651
human_noise,0.0,robust_mpc_correction,4,120,0.59167,0.85281,0.04167,0.58043,0.09872,0.51890,1.00000,0.45147,0.03333,0.03389,0.04532,0.40821,0.81584
human_noise,0.0,robust_mpc_correction,5,120,0.61667,0.91028,0.07500,0.55242,0.10576,0.51249,1.00000,0.43355,0.02500,0.03923,0.04566,0.41387,0.83874
human_noise,0.0,robust_mpc_correction,6,120,0.60000,0.89014,0.03333,0.56076,0.10379,0.52668,1.00000,0.43888,0.02500,0.03557,0.04646,0.41122,0.84078
human_noise,0.0,robust_mpc_correction,7,120,0.52500,0.74844,0.04167,0.56358,0.09347,0.50029,1.00000,0.44069,0.03333,0.03551,0.04309,0.40863,0.72429
human_noise,0.0,robust_mpc_correction,8,120,0.59167,0.84784,0.02500,0.57434,0.09345,0.50367,1.00000,0.44758,0.04167,0.03164,0.04688,0.40907,0.81932
human_noise,0.0,robust_mpc_correction,9,120,0.54167,0.76852,0.05000,0.56828,0.10944,0.50779,1.00000,0.44370,0.03333,0.04596,0.04449,0.41358,0.74213
human_noise,0.0,uncertainty_query_policy,0,120,0.39167,0.50950,0.05833,0.42122,0.30457,0.52892,1.00000,0.34958,0.13333,0.20980,0.23169,0.55633,0.51694
human_noise,0.0,uncertainty_query_policy,1,120,0.40000,0.47606,0.03333,0.41837,0.31623,0.52692,1.00000,0.34776,0.13333,0.20727,0.22273,0.56031,0.53093
human_noise,0.0,uncertainty_query_policy,2,120,0.43333,0.55271,0.02500,0.39474,0.33135,0.52323,1.00000,0.33263,0.11667,0.22296,0.24174,0.56995,0.59081
human_noise,0.0,uncertainty_query_policy,3,120,0.34167,0.43105,0.10000,0.40057,0.33928,0.52405,1.00000,0.33637,0.13333,0.23655,0.25898,0.58061,0.42919
human_noise,0.0,uncertainty_query_policy,4,120,0.27500,0.33377,0.05833,0.41027,0.35319,0.55388,1.00000,0.34257,0.12500,0.23519,0.25029,0.58213,0.36879
human_noise,0.0,uncertainty_query_policy,5,120,0.41667,0.52804,0.03333,0.37921,0.35555,0.54273,1.00000,0.32270,0.10833,0.23334,0.24475,0.58797,0.57060
human_noise,0.0,uncertainty_query_policy,6,120,0.48333,0.59812,0.06667,0.42781,0.28955,0.54898,1.00000,0.35380,0.10000,0.18938,0.20704,0.54708,0.63505
human_noise,0.0,uncertainty_query_policy,7,120,0.38333,0.50395,0.03333,0.39631,0.33589,0.52555,1.00000,0.33364,0.18333,0.22846,0.24182,0.57782,0.50773
human_noise,0.0,uncertainty_query_policy,8,120,0.34167,0.43100,0.08333,0.41008,0.34126,0.51461,1.00000,0.34245,0.10833,0.23269,0.25368,0.57296,0.44296
human_noise,0.0,uncertainty_query_policy,9,120,0.39167,0.49179,0.04167,0.41816,0.31523,0.52559,1.00000,0.34762,0.10833,0.21353,0.22547,0.56647,0.52887
human_noise,0.2,active_entropy_query_policy,0,120,0.39167,0.53372,0.02500,0.41499,0.29068,0.53514,1.00000,0.34560,0.12500,0.22745,0.19152,0.57063,0.54363
human_noise,0.2,active_entropy_query_policy,1,120,0.32500,0.42435,0.05000,0.41666,0.27430,0.53414,1.00000,0.34666,0.09167,0.23079,0.20482,0.57470,0.44926
human_noise,0.2,active_entropy_query_policy,2,120,0.40833,0.52179,0.09167,0.40649,0.28416,0.51700,1.00000,0.34015,0.09167,0.23490,0.19405,0.57781,0.53059
human_noise,0.2,active_entropy_query_policy,3,120,0.41667,0.54979,0.00833,0.42053,0.28825,0.51484,1.00000,0.34914,0.08333,0.23412,0.20533,0.57080,0.58971
human_noise,0.2,active_entropy_query_policy,4,120,0.44167,0.60401,0.05000,0.40787,0.29433,0.50322,1.00000,0.34104,0.07500,0.24383,0.22371,0.58556,0.60690
human_noise,0.2,active_entropy_query_policy,5,120,0.45833,0.62827,0.05833,0.43687,0.26065,0.51993,1.00000,0.35960,0.11667,0.21439,0.19288,0.54729,0.61233
human_noise,0.2,active_entropy_query_policy,6,120,0.43333,0.61895,0.08333,0.40537,0.26048,0.49939,1.00000,0.33944,0.15833,0.21662,0.17912,0.54900,0.55893
human_noise,0.2,active_entropy_query_policy,7,120,0.35000,0.43929,0.07500,0.41688,0.29070,0.52978,1.00000,0.34680,0.09167,0.23984,0.21793,0.58227,0.46436
human_noise,0.2,active_entropy_query_policy,8,120,0.46667,0.61068,0.06667,0.40964,0.29802,0.51865,1.00000,0.34217,0.10000,0.24247,0.22387,0.58089,0.61942
human_noise,0.2,active_entropy_query_policy,9,120,0.45833,0.57440,0.04167,0.42581,0.27680,0.51636,1.00000,0.35252,0.10000,0.23556,0.22441,0.57112,0.61485
human_noise,0.2,full_demo_imitation,0,120,0.33333,0.36445,0.05000,0.42366,0.50901,0.55914,1.00000,0.70114,0.10000,0.21478,0.29389,0.54039,0.42767
human_noise,0.2,full_demo_imitation,1,120,0.35833,0.38761,0.08333,0.43686,0.47147,0.56361,1.00000,0.70959,0.18333,0.20058,0.29037,0.54165,0.41736
human_noise,0.2,full_demo_imitation,2,120,0.32500,0.38533,0.03333,0.43415,0.51441,0.57515,1.00000,0.70786,0.12500,0.22007,0.29187,0.53019,0.42686
human_noise,0.2,full_demo_imitation,3,120,0.30833,0.31795,0.05833,0.42864,0.51382,0.55778,1.00000,0.70433,0.20833,0.21787,0.29943,0.55424,0.35814
human_noise,0.2,full_demo_imitation,4,120,0.33333,0.32469,0.04167,0.43547,0.53474,0.55864,1.00000,0.70870,0.06667,0.22322,0.31693,0.54528,0.43243
human_noise,0.2,full_demo_imitation,5,120,0.33333,0.38552,0.05000,0.45157,0.48334,0.56772,1.00000,0.71900,0.05833,0.20402,0.28192,0.52630,0.44358
human_noise,0.2,full_demo_imitation,6,120,0.27500,0.33445,0.08333,0.42735,0.46922,0.55623,1.00000,0.70351,0.07500,0.18984,0.26393,0.51244,0.35052
human_noise,0.2,full_demo_imitation,7,120,0.30833,0.36220,0.07500,0.42185,0.51781,0.56220,1.00000,0.69999,0.13333,0.21693,0.31301,0.56186,0.38136
human_noise,0.2,full_demo_imitation,8,120,0.34167,0.38604,0.05833,0.42856,0.54159,0.57418,1.00000,0.70428,0.11667,0.21123,0.30953,0.55144,0.43412
human_noise,0.2,full_demo_imitation,9,120,0.29167,0.31092,0.04167,0.45268,0.50688,0.57719,1.00000,0.71972,0.10000,0.21766,0.30282,0.53176,0.37964
human_noise,0.2,minimum_intervention_boundary_learner_v5,0,120,0.54167,0.73316,0.05833,0.47716,0.19329,0.53639,1.00000,0.38538,0.01667,0.10905,0.10661,0.50367,0.74553
human_noise,0.2,minimum_intervention_boundary_learner_v5,1,120,0.41667,0.55108,0.02500,0.48463,0.17720,0.53848,1.00000,0.39016,0.01667,0.09943,0.11995,0.50228,0.59780
human_noise,0.2,minimum_intervention_boundary_learner_v5,2,120,0.50000,0.70683,0.04167,0.47261,0.19751,0.51900,1.00000,0.38247,0.00000,0.11452,0.11352,0.50343,0.70927
human_noise,0.2,minimum_intervention_boundary_learner_v5,3,120,0.52500,0.72881,0.05000,0.48961,0.18606,0.51998,1.00000,0.39335,0.01667,0.10081,0.11606,0.49461,0.72930
human_noise,0.2,minimum_intervention_boundary_learner_v5,4,120,0.45833,0.64803,0.05000,0.48458,0.17698,0.50480,1.00000,0.39013,0.02500,0.10107,0.12677,0.49790,0.64086
human_noise,0.2,minimum_intervention_boundary_learner_v5,5,120,0.50000,0.69235,0.05833,0.50076,0.16975,0.52424,1.00000,0.40049,0.00833,0.09512,0.11334,0.48147,0.69385
human_noise,0.2,minimum_intervention_boundary_learner_v5,6,120,0.45833,0.63332,0.05000,0.46563,0.17166,0.50518,1.00000,0.37800,0.04167,0.09863,0.10173,0.48453,0.63289
human_noise,0.2,minimum_intervention_boundary_learner_v5,7,120,0.45833,0.62355,0.03333,0.49502,0.17880,0.53431,1.00000,0.39681,0.01667,0.09668,0.11850,0.49826,0.65003
human_noise,0.2,minimum_intervention_boundary_learner_v5,8,120,0.50833,0.70607,0.06667,0.48397,0.17456,0.52203,1.00000,0.38974,0.00000,0.10293,0.12630,0.50075,0.70437
human_noise,0.2,minimum_intervention_boundary_learner_v5,9,120,0.48333,0.67091,0.05000,0.49868,0.16669,0.51977,1.00000,0.39915,0.01667,0.10513,0.12906,0.49717,0.67473
human_noise,0.2,oracle_minimal_correction,0,120,0.58333,0.79825,0.02500,0.49823,0.14755,0.54213,1.00000,0.39887,0.00833,0.37743,0.03470,0.48297,0.82029
human_noise,0.2,oracle_minimal_correction,1,120,0.60833,0.84706,0.08333,0.51692,0.11680,0.54416,1.00000,0.41083,0.00000,0.36738,0.03368,0.47294,0.82725
human_noise,0.2,oracle_minimal_correction,2,120,0.60000,0.82160,0.03333,0.49816,0.14723,0.52252,1.00000,0.39882,0.00833,0.38448,0.03457,0.48055,0.83509
human_noise,0.2,oracle_minimal_correction,3,120,0.60833,0.82832,0.04167,0.51460,0.12868,0.52704,1.00000,0.40934,0.00000,0.37062,0.03433,0.47513,0.84275
human_noise,0.2,oracle_minimal_correction,4,120,0.60000,0.84148,0.06667,0.52062,0.10308,0.50932,1.00000,0.41320,0.00000,0.35781,0.03366,0.46243,0.82120
human_noise,0.2,oracle_minimal_correction,5,120,0.62500,0.85637,0.03333,0.52014,0.11160,0.53075,1.00000,0.41289,0.01667,0.36228,0.03369,0.46800,0.86522
human_noise,0.2,oracle_minimal_correction,6,120,0.54167,0.74250,0.03333,0.48279,0.14292,0.51366,1.00000,0.38899,0.00000,0.38027,0.03393,0.47519,0.76071
human_noise,0.2,oracle_minimal_correction,7,120,0.55833,0.76568,0.03333,0.52299,0.11427,0.54068,1.00000,0.41471,0.00833,0.36222,0.03411,0.47051,0.78227
human_noise,0.2,oracle_minimal_correction,8,120,0.60833,0.83567,0.05000,0.51849,0.10311,0.52803,1.00000,0.41184,0.00000,0.36004,0.03378,0.46577,0.83958
human_noise,0.2,oracle_minimal_correction,9,120,0.56667,0.77804,0.08333,0.53700,0.09817,0.52431,1.00000,0.42368,0.00000,0.35493,0.03338,0.46355,0.76677
human_noise,0.2,residual_correction_learner,0,120,0.31667,0.37383,0.04167,0.34560,0.51150,0.54378,1.00000,0.30118,0.10000,0.25383,0.31282,0.62582,0.43767
human_noise,0.2,residual_correction_learner,1,120,0.27500,0.32212,0.04167,0.33803,0.53010,0.53871,1.00000,0.29634,0.12500,0.26827,0.33104,0.64739,0.37827
human_noise,0.2,residual_correction_learner,2,120,0.34167,0.38852,0.04167,0.35106,0.52725,0.52457,1.00000,0.30468,0.12500,0.25755,0.30956,0.61710,0.45581
human_noise,0.2,residual_correction_learner,3,120,0.30000,0.33719,0.01667,0.35168,0.54186,0.54588,1.00000,0.30507,0.14167,0.27046,0.32250,0.63151,0.41466
human_noise,0.2,residual_correction_learner,4,120,0.39167,0.41985,0.06667,0.32701,0.53859,0.54292,1.00000,0.28929,0.13333,0.27028,0.34071,0.65914,0.50255
human_noise,0.2,residual_correction_learner,5,120,0.24167,0.28674,0.08333,0.35215,0.51134,0.53008,1.00000,0.30537,0.15833,0.25313,0.31725,0.62686,0.30360
human_noise,0.2,residual_correction_learner,6,120,0.33333,0.40023,0.05833,0.34037,0.50998,0.51774,1.00000,0.29784,0.15833,0.24973,0.29865,0.60955,0.43110
human_noise,0.2,residual_correction_learner,7,120,0.30833,0.34785,0.05000,0.33209,0.54966,0.55762,1.00000,0.29253,0.12500,0.27221,0.34241,0.65335,0.41585
human_noise,0.2,residual_correction_learner,8,120,0.32500,0.36626,0.03333,0.34371,0.53024,0.53267,1.00000,0.29997,0.15000,0.26393,0.33329,0.63823,0.43390
human_noise,0.2,residual_correction_learner,9,120,0.30833,0.34923,0.05000,0.34604,0.51625,0.54271,1.00000,0.30147,0.15833,0.25945,0.33103,0.63865,0.40375
human_noise,0.2,robust_mpc_correction,0,120,0.59167,0.83910,0.05833,0.55884,0.12254,0.52081,1.00000,0.43766,0.01667,0.04540,0.05110,0.41800,0.81018
human_noise,0.2,robust_mpc_correction,1,120,0.46667,0.64265,0.03333,0.57357,0.09920,0.52437,1.00000,0.44709,0.03333,0.03386,0.04827,0.41471,0.65017
human_noise,0.2,robust_mpc_correction,2,120,0.50833,0.73533,0.07500,0.55754,0.11361,0.50356,1.00000,0.43683,0.01667,0.04427,0.04934,0.41765,0.69313
human_noise,0.2,robust_mpc_correction,3,120,0.60833,0.85071,0.05000,0.56890,0.10602,0.50499,1.00000,0.44410,0.02500,0.04037,0.04798,0.41661,0.82898
human_noise,0.2,robust_mpc_correction,4,120,0.60833,0.87992,0.05000,0.57334,0.09500,0.49105,1.00000,0.44693,0.02500,0.02891,0.05047,0.40675,0.83298
human_noise,0.2,robust_mpc_correction,5,120,0.63333,0.88423,0.07500,0.57604,0.09907,0.51067,1.00000,0.44867,0.04167,0.03133,0.04946,0.41013,0.84390
human_noise,0.2,robust_mpc_correction,6,120,0.59167,0.87806,0.03333,0.54273,0.09875,0.49094,1.00000,0.42735,0.04167,0.03565,0.04565,0.40722,0.82079
human_noise,0.2,robust_mpc_correction,7,120,0.51667,0.74087,0.03333,0.57965,0.10562,0.51955,1.00000,0.45097,0.01667,0.03391,0.05163,0.41289,0.72555
human_noise,0.2,robust_mpc_correction,8,120,0.61667,0.89718,0.03333,0.57389,0.09944,0.50708,1.00000,0.44729,0.03333,0.03133,0.05360,0.41024,0.85368
human_noise,0.2,robust_mpc_correction,9,120,0.56667,0.77500,0.05833,0.58802,0.09550,0.50476,1.00000,0.45633,0.01667,0.03043,0.05334,0.41127,0.76781
human_noise,0.2,uncertainty_query_policy,0,120,0.36667,0.47088,0.05833,0.42731,0.34169,0.54042,1.00000,0.35348,0.17500,0.21576,0.23462,0.54115,0.47233
human_noise,0.2,uncertainty_query_policy,1,120,0.40833,0.47487,0.02500,0.42688,0.34013,0.53960,1.00000,0.35320,0.12500,0.22565,0.24830,0.55630,0.54687
human_noise,0.2,uncertainty_query_policy,2,120,0.38333,0.44708,0.02500,0.42304,0.36357,0.54498,1.00000,0.35075,0.14167,0.23218,0.24219,0.54646,0.51141
human_noise,0.2,uncertainty_query_policy,3,120,0.36667,0.42693,0.08333,0.42505,0.36595,0.52838,1.00000,0.35203,0.10833,0.23720,0.25484,0.55985,0.46776
human_noise,0.2,uncertainty_query_policy,4,120,0.30000,0.36685,0.07500,0.41863,0.38281,0.53189,1.00000,0.34792,0.14167,0.24236,0.27023,0.56853,0.38396
human_noise,0.2,uncertainty_query_policy,5,120,0.43333,0.54876,0.02500,0.44618,0.34172,0.53835,1.00000,0.36555,0.13333,0.20951,0.23723,0.53351,0.58394
human_noise,0.2,uncertainty_query_policy,6,120,0.45833,0.61929,0.06667,0.41998,0.31716,0.52800,1.00000,0.34879,0.11667,0.20110,0.21593,0.52564,0.60647
human_noise,0.2,uncertainty_query_policy,7,120,0.35000,0.41614,0.05833,0.41758,0.36566,0.53564,1.00000,0.34725,0.15833,0.23990,0.26626,0.56997,0.44939
human_noise,0.2,uncertainty_query_policy,8,120,0.35833,0.44825,0.07500,0.41966,0.38051,0.54390,1.00000,0.34858,0.12500,0.23454,0.26373,0.56287,0.46611
human_noise,0.2,uncertainty_query_policy,9,120,0.37500,0.42706,0.05000,0.43775,0.37610,0.54555,1.00000,0.36016,0.11667,0.23406,0.27154,0.55061,0.49253
human_noise,0.4,active_entropy_query_policy,0,120,0.36667,0.52570,0.02500,0.40379,0.31539,0.51713,1.00000,0.33843,0.11667,0.23619,0.22086,0.57346,0.51733
human_noise,0.4,active_entropy_query_policy,1,120,0.32500,0.43641,0.04167,0.40354,0.30511,0.53584,1.00000,0.33826,0.06667,0.24446,0.23546,0.58431,0.46433
human_noise,0.4,active_entropy_query_policy,2,120,0.37500,0.48729,0.10000,0.47029,0.23924,0.50764,1.00000,0.38099,0.10833,0.19245,0.18156,0.53584,0.47551
human_noise,0.4,active_entropy_query_policy,3,120,0.40000,0.56174,0.00833,0.39615,0.29291,0.50328,1.00000,0.33353,0.06667,0.23323,0.22208,0.58037,0.58002
human_noise,0.4,active_entropy_query_policy,4,120,0.43333,0.59150,0.05000,0.43186,0.26749,0.52564,1.00000,0.35639,0.08333,0.21115,0.20586,0.55297,0.59407
human_noise,0.4,active_entropy_query_policy,5,120,0.38333,0.48348,0.05833,0.41398,0.32754,0.51128,1.00000,0.34494,0.12500,0.25382,0.20959,0.57863,0.50424
human_noise,0.4,active_entropy_query_policy,6,120,0.37500,0.48067,0.08333,0.44594,0.28160,0.51695,1.00000,0.36540,0.15000,0.23217,0.18952,0.56334,0.47434
human_noise,0.4,active_entropy_query_policy,7,120,0.42500,0.55893,0.07500,0.43002,0.30550,0.51299,1.00000,0.35521,0.11667,0.23685,0.21435,0.55616,0.55481
human_noise,0.4,active_entropy_query_policy,8,120,0.43333,0.58489,0.05833,0.39587,0.32572,0.52841,1.00000,0.33336,0.09167,0.24963,0.24100,0.58811,0.58911
human_noise,0.4,active_entropy_query_policy,9,120,0.42500,0.55995,0.05000,0.42677,0.27859,0.51680,1.00000,0.35313,0.10000,0.23528,0.19693,0.57145,0.57406
human_noise,0.4,full_demo_imitation,0,120,0.29167,0.26512,0.09167,0.50773,0.59630,0.56445,1.00000,0.75494,0.10833,0.22990,0.32226,0.44070,0.33343
human_noise,0.4,full_demo_imitation,1,120,0.27500,0.24921,0.10000,0.50920,0.59822,0.57927,1.00000,0.75589,0.18333,0.22509,0.33451,0.46679,0.29112
human_noise,0.4,full_demo_imitation,2,120,0.33333,0.34797,0.04167,0.55274,0.45686,0.52904,1.00000,0.78375,0.10833,0.18648,0.26995,0.44719,0.41375
human_noise,0.4,full_demo_imitation,3,120,0.34167,0.37165,0.05000,0.48288,0.56134,0.55788,1.00000,0.73904,0.20000,0.21525,0.32140,0.47092,0.40424
human_noise,0.4,full_demo_imitation,4,120,0.30833,0.27526,0.05833,0.51924,0.52244,0.56278,1.00000,0.76231,0.11667,0.20108,0.30723,0.44760,0.36713
human_noise,0.4,full_demo_imitation,5,120,0.26667,0.27690,0.05833,0.49793,0.57240,0.56507,1.00000,0.74867,0.10000,0.23611,0.30037,0.47552,0.33280
human_noise,0.4,full_demo_imitation,6,120,0.26667,0.27682,0.11667,0.52239,0.52733,0.54624,1.00000,0.76433,0.10833,0.21201,0.28296,0.47833,0.29710
human_noise,0.4,full_demo_imitation,7,120,0.33333,0.37783,0.05833,0.50903,0.52213,0.57012,1.00000,0.75578,0.19167,0.21185,0.29862,0.46145,0.39563
human_noise,0.4,full_demo_imitation,8,120,0.33333,0.34444,0.07500,0.52294,0.57125,0.57443,1.00000,0.76468,0.15833,0.22446,0.32270,0.44385,0.38823
human_noise,0.4,full_demo_imitation,9,120,0.27500,0.26320,0.03333,0.52602,0.53849,0.56075,1.00000,0.76665,0.15000,0.21126,0.28963,0.43829,0.33388
human_noise,0.4,minimum_intervention_boundary_learner_v5,0,120,0.52500,0.69822,0.05000,0.47562,0.18870,0.51926,1.00000,0.38440,0.00833,0.10361,0.12582,0.49611,0.72529
human_noise,0.4,minimum_intervention_boundary_learner_v5,1,120,0.40000,0.53946,0.03333,0.48115,0.18016,0.54085,1.00000,0.38793,0.01667,0.10156,0.13741,0.50526,0.57480
human_noise,0.4,minimum_intervention_boundary_learner_v5,2,120,0.57500,0.77342,0.05000,0.51954,0.15540,0.51053,1.00000,0.41250,0.00833,0.09220,0.11215,0.48150,0.78870
human_noise,0.4,minimum_intervention_boundary_learner_v5,3,120,0.51667,0.75249,0.05000,0.46071,0.19140,0.50455,1.00000,0.37485,0.02500,0.10987,0.13891,0.50661,0.72327
human_noise,0.4,minimum_intervention_boundary_learner_v5,4,120,0.49167,0.70099,0.06667,0.49268,0.16790,0.52806,1.00000,0.39532,0.02500,0.10311,0.12072,0.48885,0.67952
human_noise,0.4,minimum_intervention_boundary_learner_v5,5,120,0.47500,0.61995,0.05000,0.48195,0.20593,0.51240,1.00000,0.38845,0.01667,0.12035,0.12104,0.50537,0.65512
human_noise,0.4,minimum_intervention_boundary_learner_v5,6,120,0.45833,0.59047,0.05833,0.50178,0.20072,0.52362,1.00000,0.40114,0.01667,0.12145,0.11716,0.50280,0.62839
human_noise,0.4,minimum_intervention_boundary_learner_v5,7,120,0.45000,0.63328,0.03333,0.48804,0.20512,0.51556,1.00000,0.39235,0.01667,0.11296,0.13530,0.49956,0.64167
human_noise,0.4,minimum_intervention_boundary_learner_v5,8,120,0.45833,0.62926,0.07500,0.46333,0.20010,0.53383,1.00000,0.37653,0.00000,0.10981,0.15105,0.51639,0.63604
human_noise,0.4,minimum_intervention_boundary_learner_v5,9,120,0.45000,0.63312,0.05000,0.48815,0.19834,0.52072,1.00000,0.39242,0.04167,0.12242,0.11951,0.50387,0.62685
human_noise,0.4,oracle_minimal_correction,0,120,0.61667,0.84826,0.03333,0.50814,0.11687,0.52506,1.00000,0.40521,0.01667,0.35987,0.03425,0.46703,0.85466
human_noise,0.4,oracle_minimal_correction,1,120,0.62500,0.85613,0.06667,0.52492,0.11638,0.54661,1.00000,0.41595,0.00000,0.35548,0.03351,0.46946,0.85450
human_noise,0.4,oracle_minimal_correction,2,120,0.62500,0.82800,0.03333,0.53597,0.10413,0.51619,1.00000,0.42302,0.00000,0.36165,0.03503,0.46686,0.86124
human_noise,0.4,oracle_minimal_correction,3,120,0.61667,0.88233,0.05000,0.50581,0.10381,0.50948,1.00000,0.40372,0.00000,0.35550,0.03543,0.46590,0.85614
human_noise,0.4,oracle_minimal_correction,4,120,0.60000,0.82911,0.07500,0.52044,0.11003,0.53440,1.00000,0.41308,0.00833,0.35218,0.03447,0.46785,0.81535
human_noise,0.4,oracle_minimal_correction,5,120,0.55833,0.74014,0.03333,0.50976,0.14231,0.51748,1.00000,0.40624,0.00833,0.39128,0.03402,0.47943,0.77446
human_noise,0.4,oracle_minimal_correction,6,120,0.55000,0.70090,0.02500,0.52735,0.14474,0.52972,1.00000,0.41750,0.01667,0.38852,0.03364,0.48108,0.76066
human_noise,0.4,oracle_minimal_correction,7,120,0.55000,0.75991,0.03333,0.52462,0.11795,0.52239,1.00000,0.41576,0.00833,0.36470,0.03363,0.46961,0.77020
human_noise,0.4,oracle_minimal_correction,8,120,0.63333,0.87889,0.04167,0.51835,0.09845,0.53791,1.00000,0.41174,0.00000,0.35049,0.03354,0.46340,0.87959
human_noise,0.4,oracle_minimal_correction,9,120,0.54167,0.72745,0.07500,0.51941,0.14201,0.52608,1.00000,0.41242,0.00833,0.38994,0.03277,0.47980,0.73419
human_noise,0.4,residual_correction_learner,0,120,0.31667,0.35956,0.05833,0.33559,0.58986,0.54482,1.00000,0.29478,0.09167,0.27662,0.34311,0.63196,0.42893
human_noise,0.4,residual_correction_learner,1,120,0.23333,0.28378,0.04167,0.33627,0.59526,0.53986,1.00000,0.29521,0.11667,0.28019,0.35669,0.64076,0.33037
human_noise,0.4,residual_correction_learner,2,120,0.35833,0.39221,0.04167,0.40631,0.49056,0.51478,1.00000,0.34004,0.10000,0.23543,0.30904,0.59351,0.47625
human_noise,0.4,residual_correction_learner,3,120,0.29167,0.31845,0.02500,0.34988,0.53999,0.51655,1.00000,0.30392,0.12500,0.25982,0.33614,0.61618,0.39801
human_noise,0.4,residual_correction_learner,4,120,0.39167,0.44997,0.06667,0.37194,0.51487,0.54562,1.00000,0.31804,0.15000,0.24280,0.32176,0.60179,0.50070
human_noise,0.4,residual_correction_learner,5,120,0.20000,0.23280,0.05833,0.34028,0.56875,0.55042,1.00000,0.29778,0.17500,0.28055,0.31700,0.64220,0.26215
human_noise,0.4,residual_correction_learner,6,120,0.28333,0.28903,0.04167,0.37952,0.52132,0.52165,1.00000,0.32289,0.18333,0.26153,0.30202,0.62052,0.35823
human_noise,0.4,residual_correction_learner,7,120,0.31667,0.36445,0.04167,0.35806,0.54785,0.53530,1.00000,0.30916,0.13333,0.26011,0.32552,0.61931,0.42449
human_noise,0.4,residual_correction_learner,8,120,0.32500,0.35747,0.02500,0.34761,0.58283,0.53697,1.00000,0.30247,0.16667,0.27342,0.34374,0.62485,0.43142
human_noise,0.4,residual_correction_learner,9,120,0.22500,0.25630,0.05833,0.37276,0.53420,0.52726,1.00000,0.31856,0.19167,0.25940,0.30922,0.60882,0.28204
human_noise,0.4,robust_mpc_correction,0,120,0.59167,0.84142,0.06667,0.55708,0.10163,0.50418,1.00000,0.43653,0.01667,0.03288,0.05321,0.41330,0.80401
human_noise,0.4,robust_mpc_correction,1,120,0.50000,0.70623,0.04167,0.57141,0.10247,0.52536,1.00000,0.44570,0.02500,0.03265,0.05607,0.41884,0.69589
human_noise,0.4,robust_mpc_correction,2,120,0.50000,0.68250,0.09167,0.58275,0.10601,0.49730,1.00000,0.45296,0.00833,0.03940,0.05993,0.42011,0.66542
human_noise,0.4,robust_mpc_correction,3,120,0.59167,0.86047,0.06667,0.53553,0.11500,0.48940,1.00000,0.42274,0.01667,0.05017,0.07162,0.43107,0.80779
human_noise,0.4,robust_mpc_correction,4,120,0.60000,0.83683,0.04167,0.56003,0.11114,0.51297,1.00000,0.43842,0.02500,0.03988,0.06444,0.42248,0.82352
human_noise,0.4,robust_mpc_correction,5,120,0.61667,0.84273,0.06667,0.57111,0.09890,0.49881,1.00000,0.44551,0.05000,0.04462,0.04566,0.41682,0.81904
human_noise,0.4,robust_mpc_correction,6,120,0.60000,0.81712,0.03333,0.58039,0.11124,0.50925,1.00000,0.45145,0.03333,0.05351,0.05161,0.42682,0.82033
human_noise,0.4,robust_mpc_correction,7,120,0.54167,0.76851,0.04167,0.56722,0.11413,0.50197,1.00000,0.44302,0.02500,0.04658,0.06146,0.42470,0.74863
human_noise,0.4,robust_mpc_correction,8,120,0.60000,0.86779,0.02500,0.55601,0.10294,0.51760,1.00000,0.43585,0.04167,0.03640,0.06034,0.42425,0.83513
human_noise,0.4,robust_mpc_correction,9,120,0.52500,0.71784,0.05833,0.57215,0.11165,0.50618,1.00000,0.44618,0.04167,0.05188,0.04996,0.42370,0.70783
human_noise,0.4,uncertainty_query_policy,0,120,0.36667,0.41895,0.05833,0.44989,0.42035,0.54663,1.00000,0.36793,0.16667,0.23773,0.26847,0.50370,0.46153
human_noise,0.4,uncertainty_query_policy,1,120,0.35000,0.36738,0.02500,0.45136,0.42862,0.55751,1.00000,0.36887,0.10833,0.25057,0.28671,0.52563,0.46965
human_noise,0.4,uncertainty_query_policy,2,120,0.42500,0.47138,0.04167,0.51531,0.30450,0.50447,1.00000,0.40980,0.12500,0.17916,0.21701,0.48106,0.54323
human_noise,0.4,uncertainty_query_policy,3,120,0.36667,0.41512,0.10833,0.43548,0.40363,0.53733,1.00000,0.35871,0.11667,0.23514,0.27146,0.52497,0.44895
human_noise,0.4,uncertainty_query_policy,4,120,0.35000,0.41851,0.07500,0.47820,0.36699,0.54302,1.00000,0.38605,0.11667,0.21079,0.25486,0.49341,0.44829
human_noise,0.4,uncertainty_query_policy,5,120,0.38333,0.43289,0.02500,0.46026,0.42080,0.54412,1.00000,0.37457,0.11667,0.25097,0.25240,0.51979,0.51277
human_noise,0.4,uncertainty_query_policy,6,120,0.40833,0.46601,0.07500,0.48478,0.36018,0.53000,1.00000,0.39026,0.13333,0.22283,0.23441,0.51638,0.51168
human_noise,0.4,uncertainty_query_policy,7,120,0.37500,0.44614,0.05000,0.47267,0.38012,0.54130,1.00000,0.38251,0.17500,0.22219,0.24903,0.49984,0.47630
human_noise,0.4,uncertainty_query_policy,8,120,0.33333,0.35937,0.08333,0.45804,0.42275,0.55325,1.00000,0.37315,0.15000,0.24745,0.28471,0.50318,0.40735
human_noise,0.4,uncertainty_query_policy,9,120,0.37500,0.43190,0.04167,0.47926,0.38053,0.54182,1.00000,0.38673,0.10000,0.22876,0.24377,0.49471,0.49812
human_noise,0.6,active_entropy_query_policy,0,120,0.36667,0.45664,0.02500,0.40248,0.30922,0.50176,1.00000,0.33759,0.11667,0.24402,0.23224,0.58481,0.50074
human_noise,0.6,active_entropy_query_policy,1,120,0.35000,0.43395,0.04167,0.43109,0.31694,0.51603,1.00000,0.35589,0.06667,0.23857,0.21592,0.57567,0.48499
human_noise,0.6,active_entropy_query_policy,2,120,0.37500,0.46999,0.08333,0.41294,0.35036,0.52358,1.00000,0.34428,0.12500,0.25757,0.22381,0.58247,0.48176
human_noise,0.6,active_entropy_query_policy,3,120,0.43333,0.53729,0.00833,0.44741,0.29518,0.51530,1.00000,0.36634,0.07500,0.22428,0.20523,0.56027,0.60472
human_noise,0.6,active_entropy_query_policy,4,120,0.42500,0.57224,0.05000,0.43790,0.28370,0.53067,1.00000,0.36025,0.09167,0.21582,0.18358,0.55143,0.57957
human_noise,0.6,active_entropy_query_policy,5,120,0.41667,0.56849,0.05833,0.40699,0.32389,0.51536,1.00000,0.34047,0.10833,0.24318,0.20726,0.57545,0.56152
human_noise,0.6,active_entropy_query_policy,6,120,0.43333,0.61022,0.08333,0.41609,0.30971,0.52583,1.00000,0.34630,0.15000,0.21501,0.20018,0.56191,0.56312
human_noise,0.6,active_entropy_query_policy,7,120,0.40000,0.54708,0.07500,0.45309,0.26578,0.51111,1.00000,0.36998,0.10833,0.20208,0.18530,0.53939,0.52779
human_noise,0.6,active_entropy_query_policy,8,120,0.41667,0.55628,0.06667,0.39000,0.33159,0.48949,1.00000,0.32960,0.10000,0.25676,0.22532,0.58641,0.55450
human_noise,0.6,active_entropy_query_policy,9,120,0.41667,0.54584,0.04167,0.42353,0.32259,0.50782,1.00000,0.35106,0.10833,0.24980,0.22221,0.57552,0.56375
human_noise,0.6,full_demo_imitation,0,120,0.26667,0.26566,0.10000,0.58347,0.61957,0.53818,1.00000,0.80342,0.10833,0.23257,0.33393,0.38368,0.29577
human_noise,0.6,full_demo_imitation,1,120,0.26667,0.22474,0.11667,0.61971,0.55701,0.57709,1.00000,0.82661,0.18333,0.21963,0.31086,0.37778,0.26082
human_noise,0.6,full_demo_imitation,2,120,0.33333,0.30386,0.05833,0.57765,0.58470,0.56253,1.00000,0.79970,0.13333,0.22779,0.30586,0.40874,0.39010
human_noise,0.6,full_demo_imitation,3,120,0.32500,0.27635,0.06667,0.63943,0.60683,0.54724,1.00000,0.83923,0.24167,0.22710,0.32128,0.36107,0.33489
human_noise,0.6,full_demo_imitation,4,120,0.36667,0.34549,0.06667,0.62261,0.58992,0.57196,1.00000,0.82847,0.11667,0.21835,0.29127,0.35645,0.43024
human_noise,0.6,full_demo_imitation,5,120,0.23333,0.22395,0.10833,0.58855,0.67038,0.55404,1.00000,0.80667,0.10833,0.22960,0.32142,0.39758,0.25154
human_noise,0.6,full_demo_imitation,6,120,0.26667,0.26232,0.10833,0.60301,0.57215,0.56686,1.00000,0.81593,0.14167,0.20397,0.29396,0.36012,0.28336
human_noise,0.6,full_demo_imitation,7,120,0.33333,0.32173,0.06667,0.60863,0.56180,0.55962,1.00000,0.81952,0.20833,0.21087,0.29513,0.38498,0.36624
human_noise,0.6,full_demo_imitation,8,120,0.30000,0.28400,0.07500,0.57934,0.62294,0.54939,1.00000,0.80078,0.15833,0.22232,0.31291,0.38597,0.33383
human_noise,0.6,full_demo_imitation,9,120,0.28333,0.25848,0.05000,0.61336,0.57109,0.55050,1.00000,0.82255,0.15000,0.22407,0.31126,0.37928,0.32571
human_noise,0.6,minimum_intervention_boundary_learner_v5,0,120,0.49167,0.65200,0.05833,0.47135,0.21521,0.50654,1.00000,0.38166,0.00000,0.12623,0.15048,0.51243,0.67907
human_noise,0.6,minimum_intervention_boundary_learner_v5,1,120,0.35833,0.47370,0.04167,0.48667,0.21949,0.51669,1.00000,0.39147,0.01667,0.12725,0.14008,0.51534,0.51153
human_noise,0.6,minimum_intervention_boundary_learner_v5,2,120,0.51667,0.67386,0.05000,0.46601,0.26221,0.52623,1.00000,0.37825,0.00833,0.14469,0.14912,0.52744,0.71434
human_noise,0.6,minimum_intervention_boundary_learner_v5,3,120,0.55833,0.72225,0.05833,0.51002,0.19268,0.51713,1.00000,0.40641,0.01667,0.10667,0.12437,0.49695,0.75601
human_noise,0.6,minimum_intervention_boundary_learner_v5,4,120,0.46667,0.65673,0.06667,0.49166,0.19280,0.53703,1.00000,0.39467,0.02500,0.11500,0.11251,0.49397,0.64623
human_noise,0.6,minimum_intervention_boundary_learner_v5,5,120,0.45833,0.64809,0.05000,0.47655,0.21235,0.51877,1.00000,0.38499,0.00833,0.11857,0.12533,0.50328,0.64786
human_noise,0.6,minimum_intervention_boundary_learner_v5,6,120,0.47500,0.60584,0.04167,0.46619,0.21197,0.53001,1.00000,0.37836,0.04167,0.11694,0.13027,0.50379,0.65202
human_noise,0.6,minimum_intervention_boundary_learner_v5,7,120,0.45833,0.62061,0.03333,0.50590,0.18157,0.51333,1.00000,0.40378,0.01667,0.10904,0.11646,0.48522,0.64569
human_noise,0.6,minimum_intervention_boundary_learner_v5,8,120,0.48333,0.63762,0.06667,0.45331,0.22057,0.49308,1.00000,0.37012,0.00833,0.12145,0.14236,0.51906,0.66001
human_noise,0.6,minimum_intervention_boundary_learner_v5,9,120,0.45000,0.59024,0.05000,0.48533,0.20962,0.51235,1.00000,0.39061,0.01667,0.12979,0.13884,0.51094,0.62376
human_noise,0.6,oracle_minimal_correction,0,120,0.61667,0.83444,0.03333,0.51811,0.10691,0.51047,1.00000,0.41159,0.01667,0.36304,0.03422,0.46422,0.84929
human_noise,0.6,oracle_minimal_correction,1,120,0.59167,0.78778,0.07500,0.52675,0.12691,0.51914,1.00000,0.41712,0.01667,0.37389,0.03446,0.47274,0.79367
human_noise,0.6,oracle_minimal_correction,2,120,0.56667,0.76083,0.02500,0.51228,0.16075,0.53096,1.00000,0.40786,0.01667,0.38909,0.03515,0.48762,0.79144
human_noise,0.6,oracle_minimal_correction,3,120,0.56667,0.76054,0.05833,0.53827,0.11726,0.52393,1.00000,0.42449,0.00000,0.36920,0.03394,0.47120,0.77622
human_noise,0.6,oracle_minimal_correction,4,120,0.58333,0.75942,0.06667,0.51136,0.13140,0.54384,1.00000,0.40727,0.00000,0.37957,0.03295,0.47513,0.79187
human_noise,0.6,oracle_minimal_correction,5,120,0.59167,0.82365,0.04167,0.50971,0.13277,0.52422,1.00000,0.40622,0.00000,0.38333,0.03292,0.47254,0.82470
human_noise,0.6,oracle_minimal_correction,6,120,0.55833,0.77545,0.02500,0.49567,0.12328,0.53557,1.00000,0.39723,0.02500,0.36581,0.03350,0.47218,0.78429
human_noise,0.6,oracle_minimal_correction,7,120,0.57500,0.78118,0.03333,0.52535,0.11483,0.51955,1.00000,0.41622,0.00000,0.36807,0.03457,0.46893,0.80178
human_noise,0.6,oracle_minimal_correction,8,120,0.54167,0.72735,0.04167,0.49926,0.13038,0.49999,1.00000,0.39952,0.00000,0.38281,0.03435,0.47548,0.75081
human_noise,0.6,oracle_minimal_correction,9,120,0.60833,0.78565,0.08333,0.52883,0.12426,0.51664,1.00000,0.41845,0.01667,0.37771,0.03314,0.47114,0.80507
human_noise,0.6,residual_correction_learner,0,120,0.32500,0.36458,0.05833,0.35793,0.58583,0.51731,1.00000,0.30908,0.10833,0.27073,0.33911,0.62199,0.42898
human_noise,0.6,residual_correction_learner,1,120,0.30000,0.35509,0.05000,0.36557,0.54396,0.53150,1.00000,0.31397,0.15833,0.26147,0.32781,0.62440,0.39397
human_noise,0.6,residual_correction_learner,2,120,0.30000,0.32396,0.05000,0.35637,0.57186,0.53472,1.00000,0.30808,0.13333,0.27082,0.32265,0.63087,0.39513
human_noise,0.6,residual_correction_learner,3,120,0.22500,0.21758,0.01667,0.38342,0.57068,0.53292,1.00000,0.32539,0.13333,0.26843,0.33280,0.60937,0.31197
human_noise,0.6,residual_correction_learner,4,120,0.33333,0.40598,0.07500,0.37437,0.53976,0.54748,1.00000,0.31960,0.11667,0.25230,0.29641,0.60860,0.43820
human_noise,0.6,residual_correction_learner,5,120,0.20000,0.22806,0.07500,0.34825,0.63814,0.52768,1.00000,0.30288,0.16667,0.28390,0.33386,0.62687,0.25082
human_noise,0.6,residual_correction_learner,6,120,0.32500,0.32267,0.03333,0.35535,0.54717,0.53721,1.00000,0.30742,0.16667,0.24729,0.31505,0.61214,0.41860
human_noise,0.6,residual_correction_learner,7,120,0.28333,0.31706,0.05000,0.38849,0.53206,0.52302,1.00000,0.32863,0.15833,0.24938,0.31080,0.59634,0.36578
human_noise,0.6,residual_correction_learner,8,120,0.30000,0.32809,0.04167,0.33810,0.61718,0.50854,1.00000,0.29639,0.19167,0.28254,0.33779,0.63444,0.38134
human_noise,0.6,residual_correction_learner,9,120,0.25833,0.29487,0.08333,0.35448,0.56307,0.51500,1.00000,0.30687,0.15833,0.27776,0.33170,0.64098,0.32073
human_noise,0.6,robust_mpc_correction,0,120,0.55833,0.77675,0.06667,0.54227,0.12147,0.48957,1.00000,0.42706,0.02500,0.05975,0.07698,0.43938,0.75395
human_noise,0.6,robust_mpc_correction,1,120,0.48333,0.65761,0.04167,0.56800,0.11271,0.50207,1.00000,0.44352,0.01667,0.05277,0.05852,0.43332,0.66865
human_noise,0.6,robust_mpc_correction,2,120,0.50833,0.70015,0.06667,0.55189,0.14040,0.50906,1.00000,0.43321,0.03333,0.07095,0.07173,0.44255,0.68718
human_noise,0.6,robust_mpc_correction,3,120,0.58333,0.81030,0.05833,0.57880,0.11810,0.50446,1.00000,0.45043,0.03333,0.04976,0.06404,0.42900,0.78869
human_noise,0.6,robust_mpc_correction,4,120,0.58333,0.81752,0.05000,0.56206,0.11055,0.52202,1.00000,0.43972,0.03333,0.04834,0.05900,0.42450,0.79715
human_noise,0.6,robust_mpc_correction,5,120,0.64167,0.90362,0.07500,0.55683,0.11087,0.50454,1.00000,0.43637,0.05000,0.04792,0.05812,0.42536,0.85468
human_noise,0.6,robust_mpc_correction,6,120,0.57500,0.85921,0.02500,0.52986,0.12484,0.51306,1.00000,0.41911,0.01667,0.05233,0.07033,0.43477,0.81594
human_noise,0.6,robust_mpc_correction,7,120,0.50000,0.72980,0.03333,0.57021,0.10646,0.50122,1.00000,0.44493,0.01667,0.04378,0.05974,0.42405,0.70490
human_noise,0.6,robust_mpc_correction,8,120,0.58333,0.80901,0.03333,0.53880,0.10524,0.47531,1.00000,0.42483,0.05000,0.05352,0.06307,0.43192,0.79425
human_noise,0.6,robust_mpc_correction,9,120,0.54167,0.71732,0.05833,0.56729,0.11496,0.49712,1.00000,0.44307,0.04167,0.05594,0.06715,0.43276,0.72380
human_noise,0.6,uncertainty_query_policy,0,120,0.34167,0.36469,0.04167,0.49480,0.42326,0.51878,1.00000,0.39667,0.15833,0.24232,0.28057,0.47278,0.42913
human_noise,0.6,uncertainty_query_policy,1,120,0.40000,0.41237,0.05833,0.52955,0.40667,0.55298,1.00000,0.41891,0.15000,0.23404,0.25941,0.45672,0.49426
human_noise,0.6,uncertainty_query_policy,2,120,0.36667,0.39244,0.04167,0.49680,0.43949,0.54077,1.00000,0.39795,0.16667,0.24806,0.26511,0.48488,0.46131
human_noise,0.6,uncertainty_query_policy,3,120,0.35833,0.36220,0.08333,0.53588,0.41245,0.53295,1.00000,0.42296,0.13333,0.23716,0.26558,0.45269,0.43024
human_noise,0.6,uncertainty_query_policy,4,120,0.34167,0.39712,0.07500,0.52887,0.39721,0.54913,1.00000,0.41848,0.13333,0.22163,0.23467,0.44362,0.42744
human_noise,0.6,uncertainty_query_policy,5,120,0.33333,0.38750,0.05000,0.50020,0.47977,0.53424,1.00000,0.40013,0.14167,0.25470,0.26506,0.47098,0.42791
human_noise,0.6,uncertainty_query_policy,6,120,0.40000,0.45211,0.06667,0.51136,0.41988,0.54579,1.00000,0.40727,0.12500,0.21438,0.25077,0.44143,0.50449
human_noise,0.6,uncertainty_query_policy,7,120,0.38333,0.43366,0.05833,0.52406,0.39016,0.53896,1.00000,0.41540,0.20833,0.21283,0.24451,0.46337,0.46461
human_noise,0.6,uncertainty_query_policy,8,120,0.35000,0.35762,0.09167,0.48094,0.44758,0.51477,1.00000,0.38780,0.12500,0.24848,0.27162,0.47747,0.41935
human_noise,0.6,uncertainty_query_policy,9,120,0.40000,0.38459,0.05833,0.52712,0.40922,0.52650,1.00000,0.41736,0.11667,0.24178,0.26206,0.45901,0.49422
human_noise,0.8,active_entropy_query_policy,0,120,0.40000,0.55769,0.02500,0.41661,0.32121,0.51962,1.00000,0.34663,0.12500,0.22046,0.20566,0.55700,0.55449
human_noise,0.8,active_entropy_query_policy,1,120,0.33333,0.47453,0.05833,0.40932,0.30503,0.51948,1.00000,0.34196,0.08333,0.22381,0.20622,0.56046,0.46423
human_noise,0.8,active_entropy_query_policy,2,120,0.36667,0.49709,0.10000,0.39173,0.31158,0.49192,1.00000,0.33071,0.13333,0.21907,0.20316,0.56315,0.46392
human_noise,0.8,active_entropy_query_policy,3,120,0.40833,0.52997,0.01667,0.43945,0.29276,0.51394,1.00000,0.36125,0.09167,0.21589,0.19262,0.55319,0.56881
human_noise,0.8,active_entropy_query_policy,4,120,0.43333,0.60131,0.05000,0.41931,0.29714,0.52803,1.00000,0.34836,0.10000,0.21860,0.20327,0.56439,0.59281
human_noise,0.8,active_entropy_query_policy,5,120,0.40000,0.52933,0.05833,0.40132,0.35722,0.50431,1.00000,0.33684,0.13333,0.25190,0.23710,0.58818,0.52860
human_noise,0.8,active_entropy_query_policy,6,120,0.36667,0.46825,0.06667,0.40052,0.34419,0.51159,1.00000,0.33633,0.15000,0.24136,0.22338,0.58451,0.47361
human_noise,0.8,active_entropy_query_policy,7,120,0.35833,0.48698,0.08333,0.41652,0.32878,0.54340,1.00000,0.34657,0.09167,0.22448,0.20610,0.57043,0.48004
human_noise,0.8,active_entropy_query_policy,8,120,0.40833,0.55815,0.06667,0.40603,0.35012,0.53323,1.00000,0.33986,0.10833,0.24333,0.24105,0.58328,0.54932
human_noise,0.8,active_entropy_query_policy,9,120,0.43333,0.59444,0.05000,0.42187,0.30457,0.49485,1.00000,0.35000,0.10000,0.22886,0.18722,0.56114,0.58675
human_noise,0.8,full_demo_imitation,0,120,0.35833,0.32493,0.11667,0.70150,0.63667,0.56105,1.00000,0.87896,0.14167,0.20950,0.30284,0.27766,0.37675
human_noise,0.8,full_demo_imitation,1,120,0.28333,0.22946,0.17500,0.70199,0.64285,0.54502,1.00000,0.87927,0.23333,0.23018,0.33950,0.28751,0.22314
human_noise,0.8,full_demo_imitation,2,120,0.37500,0.33379,0.09167,0.68388,0.62290,0.54745,1.00000,0.86768,0.16667,0.19243,0.28969,0.28449,0.40045
human_noise,0.8,full_demo_imitation,3,120,0.32500,0.25521,0.10833,0.72080,0.65160,0.55772,1.00000,0.89131,0.26667,0.22037,0.31159,0.28510,0.29680
human_noise,0.8,full_demo_imitation,4,120,0.35833,0.28557,0.12500,0.71731,0.63951,0.55314,1.00000,0.88908,0.15000,0.21829,0.31785,0.29483,0.36080
human_noise,0.8,full_demo_imitation,5,120,0.24167,0.21227,0.11667,0.67177,0.68956,0.54368,1.00000,0.85993,0.10833,0.23394,0.34168,0.34334,0.24651
human_noise,0.8,full_demo_imitation,6,120,0.30833,0.26363,0.13333,0.71419,0.69770,0.53550,1.00000,0.88708,0.15000,0.21935,0.32502,0.28047,0.29872
human_noise,0.8,full_demo_imitation,7,120,0.30833,0.27748,0.13333,0.72477,0.74688,0.56727,1.00000,0.89385,0.18333,0.23849,0.32881,0.27608,0.29604
human_noise,0.8,full_demo_imitation,8,120,0.33333,0.28710,0.14167,0.73427,0.64321,0.55006,1.00000,0.89993,0.19167,0.20566,0.30857,0.27595,0.31397
human_noise,0.8,full_demo_imitation,9,120,0.28333,0.25432,0.07500,0.68973,0.59997,0.54737,1.00000,0.87143,0.19167,0.21206,0.29064,0.30217,0.29367
human_noise,0.8,minimum_intervention_boundary_learner_v5,0,120,0.52500,0.71799,0.04167,0.45897,0.22056,0.51711,1.00000,0.37374,0.00833,0.12673,0.13914,0.51230,0.73498
human_noise,0.8,minimum_intervention_boundary_learner_v5,1,120,0.40833,0.57239,0.03333,0.46895,0.21185,0.52279,1.00000,0.38013,0.03333,0.12476,0.13314,0.50221,0.58356
human_noise,0.8,minimum_intervention_boundary_learner_v5,2,120,0.48333,0.68833,0.05000,0.43150,0.22471,0.49753,1.00000,0.35616,0.00000,0.12000,0.14636,0.51544,0.68319
human_noise,0.8,minimum_intervention_boundary_learner_v5,3,120,0.46667,0.62182,0.05000,0.49493,0.20402,0.52041,1.00000,0.39675,0.01667,0.11572,0.12304,0.49673,0.64744
human_noise,0.8,minimum_intervention_boundary_learner_v5,4,120,0.45000,0.62829,0.05833,0.47397,0.21394,0.53287,1.00000,0.38334,0.02500,0.12374,0.13019,0.50521,0.62817
human_noise,0.8,minimum_intervention_boundary_learner_v5,5,120,0.44167,0.59953,0.05000,0.46214,0.24333,0.50455,1.00000,0.37577,0.00833,0.13801,0.15983,0.52473,0.62015
human_noise,0.8,minimum_intervention_boundary_learner_v5,6,120,0.45000,0.59826,0.05000,0.45599,0.24594,0.51767,1.00000,0.37184,0.04167,0.12860,0.15094,0.52203,0.62062
human_noise,0.8,minimum_intervention_boundary_learner_v5,7,120,0.47500,0.65284,0.03333,0.47070,0.22678,0.54308,1.00000,0.38125,0.00000,0.12407,0.13161,0.51395,0.68043
human_noise,0.8,minimum_intervention_boundary_learner_v5,8,120,0.42500,0.59896,0.08333,0.44566,0.25000,0.53414,1.00000,0.36522,0.00833,0.13777,0.17631,0.53916,0.59107
human_noise,0.8,minimum_intervention_boundary_learner_v5,9,120,0.42500,0.58767,0.05000,0.46860,0.22016,0.50012,1.00000,0.37991,0.02500,0.13097,0.12641,0.50972,0.59469
human_noise,0.8,oracle_minimal_correction,0,120,0.61667,0.87798,0.02500,0.49821,0.12057,0.52125,1.00000,0.39886,0.00833,0.36970,0.03451,0.47066,0.86784
human_noise,0.8,oracle_minimal_correction,1,120,0.58333,0.83767,0.06667,0.50435,0.12929,0.52977,1.00000,0.40278,0.00833,0.37203,0.03412,0.47306,0.80502
human_noise,0.8,oracle_minimal_correction,2,120,0.64167,0.90104,0.03333,0.47960,0.11643,0.50320,1.00000,0.38694,0.00833,0.36838,0.03485,0.46782,0.89162
human_noise,0.8,oracle_minimal_correction,3,120,0.59167,0.78624,0.05000,0.51715,0.13456,0.52636,1.00000,0.41098,0.00000,0.37910,0.03475,0.47644,0.81239
human_noise,0.8,oracle_minimal_correction,4,120,0.60000,0.80549,0.06667,0.50704,0.12937,0.53765,1.00000,0.40450,0.00833,0.37493,0.03284,0.47379,0.81559
human_noise,0.8,oracle_minimal_correction,5,120,0.55833,0.76492,0.04167,0.51926,0.12386,0.50683,1.00000,0.41233,0.00000,0.37231,0.03471,0.46894,0.77573
human_noise,0.8,oracle_minimal_correction,6,120,0.58333,0.79023,0.02500,0.50411,0.13263,0.52223,1.00000,0.40263,0.00833,0.37179,0.03390,0.47424,0.81533
human_noise,0.8,oracle_minimal_correction,7,120,0.58333,0.77659,0.02500,0.50826,0.13591,0.54712,1.00000,0.40528,0.00833,0.36954,0.03342,0.47637,0.81556
human_noise,0.8,oracle_minimal_correction,8,120,0.57500,0.79278,0.05000,0.51824,0.10933,0.53500,1.00000,0.41167,0.00000,0.35690,0.03419,0.46729,0.79780
human_noise,0.8,oracle_minimal_correction,9,120,0.54167,0.72885,0.07500,0.50011,0.15095,0.50683,1.00000,0.40007,0.00833,0.39608,0.03487,0.48089,0.73261
human_noise,0.8,residual_correction_learner,0,120,0.39167,0.42750,0.08333,0.39412,0.58012,0.54044,1.00000,0.33224,0.09167,0.24110,0.30485,0.57139,0.50059
human_noise,0.8,residual_correction_learner,1,120,0.24167,0.29449,0.05000,0.34080,0.61656,0.53066,1.00000,0.29811,0.15000,0.26830,0.33313,0.62006,0.32503
human_noise,0.8,residual_correction_learner,2,120,0.35833,0.44842,0.08333,0.39577,0.55784,0.51311,1.00000,0.33329,0.10833,0.22588,0.29214,0.55346,0.46270
human_noise,0.8,residual_correction_learner,3,120,0.29167,0.30929,0.02500,0.39050,0.56952,0.49290,1.00000,0.32992,0.14167,0.25566,0.30865,0.59041,0.38579
human_noise,0.8,residual_correction_learner,4,120,0.35000,0.42094,0.07500,0.38160,0.58261,0.51595,1.00000,0.32422,0.12500,0.25452,0.31272,0.59533,0.45086
human_noise,0.8,residual_correction_learner,5,120,0.18333,0.19108,0.05000,0.35515,0.65094,0.52512,1.00000,0.30730,0.15000,0.28602,0.35126,0.62471,0.24304
human_noise,0.8,residual_correction_learner,6,120,0.26667,0.28274,0.06667,0.36688,0.62624,0.52962,1.00000,0.31480,0.15833,0.26310,0.32946,0.60170,0.33464
human_noise,0.8,residual_correction_learner,7,120,0.30000,0.31936,0.05833,0.40313,0.63997,0.54179,1.00000,0.33800,0.12500,0.25966,0.31241,0.57964,0.38913
human_noise,0.8,residual_correction_learner,8,120,0.33333,0.38881,0.03333,0.39090,0.56963,0.53565,1.00000,0.33017,0.15000,0.24406,0.31412,0.58978,0.44381
human_noise,0.8,residual_correction_learner,9,120,0.25833,0.29034,0.07500,0.37072,0.58813,0.52089,1.00000,0.31726,0.15000,0.25874,0.30067,0.60431,0.32486
human_noise,0.8,robust_mpc_correction,0,120,0.54167,0.77785,0.06667,0.52425,0.14071,0.50067,1.00000,0.41552,0.01667,0.06747,0.08702,0.44674,0.74218
human_noise,0.8,robust_mpc_correction,1,120,0.45000,0.66619,0.03333,0.53864,0.12577,0.50748,1.00000,0.42473,0.03333,0.05472,0.06805,0.43692,0.63860
human_noise,0.8,robust_mpc_correction,2,120,0.53333,0.79525,0.07500,0.49526,0.12268,0.48095,1.00000,0.39697,0.02500,0.06522,0.07582,0.44729,0.72931
human_noise,0.8,robust_mpc_correction,3,120,0.60000,0.83091,0.06667,0.56388,0.12204,0.50420,1.00000,0.44089,0.01667,0.05025,0.06595,0.43023,0.81069
human_noise,0.8,robust_mpc_correction,4,120,0.58333,0.83969,0.03333,0.53921,0.12353,0.51705,1.00000,0.42509,0.02500,0.06036,0.06963,0.43989,0.81381
human_noise,0.8,robust_mpc_correction,5,120,0.60000,0.86240,0.08333,0.54494,0.13073,0.48807,1.00000,0.42876,0.04167,0.06505,0.08023,0.44209,0.80099
human_noise,0.8,robust_mpc_correction,6,120,0.57500,0.84569,0.03333,0.53037,0.12749,0.50093,1.00000,0.41943,0.04167,0.06257,0.07416,0.44319,0.80046
human_noise,0.8,robust_mpc_correction,7,120,0.50833,0.71660,0.03333,0.53699,0.14810,0.52740,1.00000,0.42367,0.01667,0.06555,0.07705,0.44667,0.71582
human_noise,0.8,robust_mpc_correction,8,120,0.52500,0.75367,0.02500,0.52794,0.14729,0.51750,1.00000,0.41788,0.04167,0.07528,0.09702,0.45754,0.73749
human_noise,0.8,robust_mpc_correction,9,120,0.51667,0.70535,0.05000,0.53578,0.12510,0.48515,1.00000,0.42290,0.04167,0.06850,0.06765,0.44051,0.70024
human_noise,0.8,uncertainty_query_policy,0,120,0.35000,0.36517,0.09167,0.56267,0.44274,0.54742,1.00000,0.44011,0.20833,0.21504,0.25156,0.38960,0.39518
human_noise,0.8,uncertainty_query_policy,1,120,0.41667,0.45542,0.07500,0.56140,0.42526,0.52934,1.00000,0.43930,0.14167,0.23399,0.26620,0.38931,0.50670
human_noise,0.8,uncertainty_query_policy,2,120,0.35833,0.36350,0.05833,0.54662,0.44755,0.52297,1.00000,0.42983,0.16667,0.21357,0.24501,0.38439,0.42917
human_noise,0.8,uncertainty_query_policy,3,120,0.35000,0.37253,0.12500,0.57882,0.43262,0.54551,1.00000,0.45044,0.14167,0.22779,0.25210,0.39289,0.39758
human_noise,0.8,uncertainty_query_policy,4,120,0.34167,0.33439,0.10000,0.57724,0.43550,0.53679,1.00000,0.44943,0.16667,0.22584,0.25889,0.39500,0.38587
human_noise,0.8,uncertainty_query_policy,5,120,0.29167,0.30201,0.06667,0.54586,0.52370,0.52207,1.00000,0.42935,0.12500,0.26504,0.29606,0.42722,0.35835
human_noise,0.8,uncertainty_query_policy,6,120,0.33333,0.37907,0.10000,0.55911,0.50760,0.51857,1.00000,0.43783,0.11667,0.25213,0.28162,0.39977,0.39976
human_noise,0.8,uncertainty_query_policy,7,120,0.33333,0.35508,0.07500,0.57478,0.51236,0.55989,1.00000,0.44786,0.20833,0.24435,0.27014,0.39488,0.38649
human_noise,0.8,uncertainty_query_policy,8,120,0.35833,0.36901,0.09167,0.57669,0.48306,0.53404,1.00000,0.44908,0.17500,0.23986,0.28207,0.38838,0.41148
human_noise,0.8,uncertainty_query_policy,9,120,0.33333,0.35134,0.06667,0.56058,0.43063,0.52105,1.00000,0.43877,0.15000,0.22576,0.23819,0.40981,0.40244
human_noise,1.0,active_entropy_query_policy,0,120,0.39167,0.50977,0.02500,0.41421,0.34886,0.52009,1.00000,0.34509,0.10000,0.23554,0.22168,0.57964,0.54388
human_noise,1.0,active_entropy_query_policy,1,120,0.35000,0.47955,0.05833,0.41440,0.31854,0.54176,1.00000,0.34522,0.07500,0.20968,0.20866,0.56590,0.48736
human_noise,1.0,active_entropy_query_policy,2,120,0.37500,0.46059,0.09167,0.40387,0.32914,0.51793,1.00000,0.33848,0.10833,0.24048,0.21970,0.58279,0.47957
human_noise,1.0,active_entropy_query_policy,3,120,0.40000,0.50960,0.00833,0.42108,0.34946,0.54014,1.00000,0.34949,0.09167,0.23980,0.22582,0.58755,0.56598
human_noise,1.0,active_entropy_query_policy,4,120,0.42500,0.56283,0.05000,0.40689,0.35536,0.54269,1.00000,0.34041,0.09167,0.23014,0.22877,0.57443,0.58111
human_noise,1.0,active_entropy_query_policy,5,120,0.45833,0.58343,0.05833,0.42803,0.31935,0.52689,1.00000,0.35394,0.11667,0.23057,0.21954,0.57472,0.60499
human_noise,1.0,active_entropy_query_policy,6,120,0.40000,0.52733,0.06667,0.41075,0.33742,0.52791,1.00000,0.34288,0.16667,0.21698,0.21361,0.56493,0.51613
human_noise,1.0,active_entropy_query_policy,7,120,0.40833,0.52642,0.07500,0.43818,0.32043,0.52197,1.00000,0.36043,0.10833,0.20891,0.21513,0.55709,0.53430
human_noise,1.0,active_entropy_query_policy,8,120,0.46667,0.65220,0.05833,0.41766,0.29581,0.49724,1.00000,0.34730,0.07500,0.20324,0.19698,0.55763,0.63571
human_noise,1.0,active_entropy_query_policy,9,120,0.40833,0.51749,0.04167,0.43638,0.36476,0.51582,1.00000,0.35929,0.11667,0.23850,0.23457,0.57238,0.54736
human_noise,1.0,full_demo_imitation,0,120,0.26667,0.21999,0.14167,0.81572,0.70794,0.54960,1.00000,0.95206,0.17500,0.23036,0.33073,0.22979,0.23249
human_noise,1.0,full_demo_imitation,1,120,0.28333,0.21187,0.18333,0.85216,0.69855,0.56340,1.00000,0.97538,0.24167,0.20669,0.32242,0.19750,0.20617
human_noise,1.0,full_demo_imitation,2,120,0.25833,0.25242,0.11667,0.78059,0.71343,0.57329,1.00000,0.92958,0.20000,0.23282,0.33260,0.25193,0.24249
human_noise,1.0,full_demo_imitation,3,120,0.27500,0.20720,0.13333,0.81465,0.78048,0.56036,1.00000,0.95137,0.29167,0.23266,0.33931,0.24840,0.21204
human_noise,1.0,full_demo_imitation,4,120,0.37500,0.29372,0.12500,0.85187,0.77478,0.56673,1.00000,0.97520,0.15833,0.22119,0.33516,0.21034,0.37059
human_noise,1.0,full_demo_imitation,5,120,0.22500,0.17383,0.15833,0.81596,0.74332,0.54743,1.00000,0.95222,0.12500,0.22783,0.34154,0.26354,0.18740
human_noise,1.0,full_demo_imitation,6,120,0.25833,0.20294,0.20833,0.78812,0.71754,0.57032,1.00000,0.93440,0.20000,0.22169,0.34538,0.24758,0.18312
human_noise,1.0,full_demo_imitation,7,120,0.26667,0.20878,0.17500,0.84005,0.75215,0.56441,1.00000,0.96763,0.24167,0.22618,0.34649,0.22339,0.19493
human_noise,1.0,full_demo_imitation,8,120,0.32500,0.31318,0.15833,0.79277,0.71701,0.53588,1.00000,0.93737,0.23333,0.21297,0.32210,0.23787,0.28561
human_noise,1.0,full_demo_imitation,9,120,0.22500,0.16344,0.10000,0.80614,0.71313,0.55715,1.00000,0.94593,0.17500,0.22221,0.33623,0.25623,0.20263
human_noise,1.0,minimum_intervention_boundary_learner_v5,0,120,0.52500,0.68007,0.03333,0.46167,0.25265,0.51634,1.00000,0.37547,0.00833,0.14651,0.16004,0.52939,0.73165
human_noise,1.0,minimum_intervention_boundary_learner_v5,1,120,0.39167,0.56409,0.02500,0.46164,0.23167,0.54168,1.00000,0.37545,0.00833,0.12710,0.14502,0.51157,0.57954
human_noise,1.0,minimum_intervention_boundary_learner_v5,2,120,0.46667,0.64052,0.05000,0.46004,0.23385,0.52117,1.00000,0.37442,0.02500,0.14032,0.14529,0.52397,0.65168
human_noise,1.0,minimum_intervention_boundary_learner_v5,3,120,0.49167,0.63705,0.04167,0.47530,0.26276,0.53358,1.00000,0.38419,0.00833,0.15272,0.16606,0.53240,0.68651
human_noise,1.0,minimum_intervention_boundary_learner_v5,4,120,0.42500,0.59525,0.06667,0.44801,0.26107,0.54452,1.00000,0.36672,0.01667,0.13861,0.16945,0.53020,0.59742
human_noise,1.0,minimum_intervention_boundary_learner_v5,5,120,0.42500,0.54688,0.05000,0.48484,0.22610,0.53098,1.00000,0.39030,0.01667,0.13220,0.14601,0.51755,0.59199
human_noise,1.0,minimum_intervention_boundary_learner_v5,6,120,0.47500,0.65409,0.04167,0.46347,0.23176,0.52546,1.00000,0.37662,0.00833,0.12894,0.14737,0.50826,0.67167
human_noise,1.0,minimum_intervention_boundary_learner_v5,7,120,0.46667,0.63239,0.03333,0.48637,0.21136,0.51771,1.00000,0.39128,0.00833,0.12123,0.14511,0.50666,0.66115
human_noise,1.0,minimum_intervention_boundary_learner_v5,8,120,0.50000,0.68684,0.07500,0.46251,0.22488,0.49668,1.00000,0.37601,0.01667,0.12084,0.13494,0.51000,0.68059
human_noise,1.0,minimum_intervention_boundary_learner_v5,9,120,0.49167,0.64873,0.05000,0.47827,0.24474,0.51540,1.00000,0.38609,0.05000,0.13927,0.16527,0.52862,0.67045
human_noise,1.0,oracle_minimal_correction,0,120,0.63333,0.84566,0.04167,0.51998,0.12353,0.51728,1.00000,0.41279,0.00833,0.37131,0.03407,0.46926,0.86751
human_noise,1.0,oracle_minimal_correction,1,120,0.63333,0.92067,0.06667,0.49959,0.12255,0.54321,1.00000,0.39974,0.01667,0.36381,0.03364,0.47241,0.87280
human_noise,1.0,oracle_minimal_correction,2,120,0.60833,0.81599,0.04167,0.51003,0.13721,0.52520,1.00000,0.40642,0.01667,0.37991,0.03464,0.47883,0.83545
human_noise,1.0,oracle_minimal_correction,3,120,0.55833,0.75084,0.05833,0.52999,0.13020,0.53463,1.00000,0.41919,0.00000,0.37863,0.03310,0.47495,0.76757
human_noise,1.0,oracle_minimal_correction,4,120,0.57500,0.82587,0.07500,0.51211,0.11021,0.54589,1.00000,0.40775,0.00000,0.35370,0.03360,0.46783,0.79370
human_noise,1.0,oracle_minimal_correction,5,120,0.56667,0.78406,0.05000,0.53373,0.12326,0.53459,1.00000,0.42159,0.00833,0.36951,0.03456,0.47387,0.78505
human_noise,1.0,oracle_minimal_correction,6,120,0.61667,0.83569,0.02500,0.50714,0.10766,0.52745,1.00000,0.40457,0.00833,0.35780,0.03355,0.46586,0.85884
human_noise,1.0,oracle_minimal_correction,7,120,0.58333,0.80470,0.03333,0.52546,0.09904,0.51967,1.00000,0.41629,0.00000,0.35169,0.03552,0.46454,0.81509
human_noise,1.0,oracle_minimal_correction,8,120,0.57500,0.82093,0.05000,0.50002,0.12235,0.49962,1.00000,0.40001,0.00833,0.36763,0.03579,0.46907,0.79767
human_noise,1.0,oracle_minimal_correction,9,120,0.60000,0.78022,0.07500,0.53662,0.11056,0.51771,1.00000,0.42344,0.00833,0.36318,0.03516,0.46858,0.80199
human_noise,1.0,residual_correction_learner,0,120,0.33333,0.38145,0.07500,0.38834,0.63692,0.52522,1.00000,0.32854,0.10833,0.26679,0.32902,0.59838,0.43133
human_noise,1.0,residual_correction_learner,1,120,0.28333,0.34668,0.05000,0.39943,0.59696,0.53919,1.00000,0.33564,0.15833,0.24346,0.31239,0.57011,0.37277
human_noise,1.0,residual_correction_learner,2,120,0.29167,0.33037,0.05000,0.36909,0.64358,0.55255,1.00000,0.31622,0.15833,0.27211,0.33494,0.61216,0.38222
human_noise,1.0,residual_correction_learner,3,120,0.27500,0.28604,0.04167,0.40387,0.64041,0.54139,1.00000,0.33848,0.11667,0.26443,0.32617,0.59299,0.36840
human_noise,1.0,residual_correction_learner,4,120,0.30000,0.34166,0.08333,0.39109,0.60970,0.53032,1.00000,0.33030,0.11667,0.24496,0.32638,0.59130,0.38281
human_noise,1.0,residual_correction_learner,5,120,0.19167,0.18871,0.05000,0.38893,0.63502,0.53427,1.00000,0.32892,0.17500,0.27156,0.33694,0.60743,0.24321
human_noise,1.0,residual_correction_learner,6,120,0.28333,0.32022,0.07500,0.35801,0.60877,0.52906,1.00000,0.30913,0.14167,0.26348,0.33833,0.61381,0.36067
human_noise,1.0,residual_correction_learner,7,120,0.30833,0.33895,0.05833,0.38295,0.61267,0.52781,1.00000,0.32509,0.13333,0.26600,0.34246,0.60190,0.39932
human_noise,1.0,residual_correction_learner,8,120,0.30833,0.34642,0.04167,0.40879,0.63131,0.49832,1.00000,0.34162,0.19167,0.24379,0.32286,0.55456,0.38635
human_noise,1.0,residual_correction_learner,9,120,0.26667,0.28871,0.07500,0.40510,0.61033,0.51359,1.00000,0.33927,0.17500,0.26158,0.33375,0.59555,0.32346
human_noise,1.0,robust_mpc_correction,0,120,0.53333,0.72443,0.06667,0.53247,0.15014,0.49911,1.00000,0.42078,0.02500,0.07828,0.09503,0.45674,0.71983
human_noise,1.0,robust_mpc_correction,1,120,0.47500,0.64607,0.03333,0.52103,0.13872,0.52396,1.00000,0.41346,0.02500,0.06441,0.08666,0.44779,0.66470
human_noise,1.0,robust_mpc_correction,2,120,0.50833,0.70475,0.07500,0.53253,0.14303,0.50498,1.00000,0.42082,0.01667,0.07749,0.08235,0.45418,0.68913
human_noise,1.0,robust_mpc_correction,3,120,0.57500,0.77448,0.07500,0.55311,0.14446,0.51573,1.00000,0.43399,0.02500,0.07414,0.08567,0.45453,0.76963
human_noise,1.0,robust_mpc_correction,4,120,0.55000,0.80389,0.02500,0.51141,0.16271,0.52749,1.00000,0.40730,0.02500,0.08287,0.10579,0.46691,0.78045
human_noise,1.0,robust_mpc_correction,5,120,0.57500,0.79112,0.07500,0.54981,0.15589,0.51514,1.00000,0.43188,0.03333,0.08016,0.09135,0.45606,0.77105
human_noise,1.0,robust_mpc_correction,6,120,0.60000,0.85694,0.04167,0.52751,0.14158,0.50839,1.00000,0.41761,0.00833,0.06059,0.08479,0.44348,0.83400
human_noise,1.0,robust_mpc_correction,7,120,0.50000,0.71751,0.04167,0.54572,0.13559,0.50226,1.00000,0.42926,0.03333,0.05864,0.09039,0.44786,0.69522
human_noise,1.0,robust_mpc_correction,8,120,0.53333,0.78876,0.04167,0.50541,0.15808,0.48087,1.00000,0.40346,0.05000,0.07835,0.09302,0.46500,0.73880
human_noise,1.0,robust_mpc_correction,9,120,0.53333,0.68794,0.05000,0.54749,0.15398,0.49893,1.00000,0.43039,0.04167,0.08199,0.10080,0.46062,0.71554
human_noise,1.0,uncertainty_query_policy,0,120,0.31667,0.29546,0.05833,0.62543,0.49319,0.53497,1.00000,0.48028,0.20000,0.24188,0.27457,0.35366,0.36095
human_noise,1.0,uncertainty_query_policy,1,120,0.36667,0.35516,0.07500,0.64191,0.49857,0.54845,1.00000,0.49083,0.15000,0.22594,0.27095,0.32205,0.42912
human_noise,1.0,uncertainty_query_policy,2,120,0.34167,0.33486,0.05000,0.60825,0.48704,0.55248,1.00000,0.46928,0.15833,0.24803,0.27824,0.36258,0.41384
human_noise,1.0,uncertainty_query_policy,3,120,0.35833,0.37023,0.13333,0.63114,0.55766,0.54281,1.00000,0.48393,0.15833,0.25499,0.28687,0.37501,0.39366
human_noise,1.0,uncertainty_query_policy,4,120,0.26667,0.25948,0.11667,0.64183,0.56194,0.55505,1.00000,0.49077,0.15000,0.24451,0.28977,0.34547,0.28843
human_noise,1.0,uncertainty_query_policy,5,120,0.38333,0.35932,0.08333,0.62982,0.51153,0.53729,1.00000,0.48309,0.12500,0.25190,0.28994,0.37269,0.45079
human_noise,1.0,uncertainty_query_policy,6,120,0.36667,0.36526,0.13333,0.60969,0.50536,0.55151,1.00000,0.47020,0.12500,0.23769,0.27957,0.36681,0.41157
human_noise,1.0,uncertainty_query_policy,7,120,0.37500,0.36830,0.10000,0.65207,0.50544,0.54658,1.00000,0.49733,0.20833,0.23520,0.28402,0.33796,0.41127
human_noise,1.0,uncertainty_query_policy,8,120,0.35000,0.35751,0.13333,0.61427,0.47757,0.51784,1.00000,0.47313,0.18333,0.21802,0.26482,0.34749,0.37139
human_noise,1.0,uncertainty_query_policy,9,120,0.36667,0.33760,0.05833,0.63355,0.53246,0.53917,1.00000,0.48547,0.12500,0.24704,0.28782,0.37856,0.44278
intent_ambiguity,0.0,active_entropy_query_policy,0,120,0.35000,0.47548,0.02500,0.38341,0.32081,0.62549,0.29167,0.12224,0.10000,0.22939,0.25174,0.60859,0.51985
intent_ambiguity,0.0,active_entropy_query_policy,1,120,0.30000,0.40245,0.04167,0.37235,0.33837,0.60221,0.33333,0.13151,0.07500,0.24958,0.25082,0.61431,0.44896
intent_ambiguity,0.0,active_entropy_query_policy,2,120,0.29167,0.36169,0.08333,0.36099,0.38795,0.62076,0.30833,0.10666,0.13333,0.27417,0.27823,0.64663,0.39880
intent_ambiguity,0.0,active_entropy_query_policy,3,120,0.39167,0.47895,0.00833,0.38406,0.34205,0.64147,0.36667,0.14038,0.08333,0.24236,0.24667,0.62026,0.57746
intent_ambiguity,0.0,active_entropy_query_policy,4,120,0.34167,0.39835,0.05000,0.36662,0.38005,0.62243,0.23333,0.09658,0.09167,0.26684,0.26614,0.64196,0.48630
intent_ambiguity,0.0,active_entropy_query_policy,5,120,0.37500,0.47681,0.05833,0.38194,0.32990,0.62303,0.29167,0.10772,0.10000,0.23808,0.23900,0.61290,0.52836
intent_ambiguity,0.0,active_entropy_query_policy,6,120,0.28333,0.37244,0.08333,0.35852,0.37273,0.61748,0.38333,0.13306,0.16667,0.27310,0.24578,0.63604,0.38136
intent_ambiguity,0.0,active_entropy_query_policy,7,120,0.33333,0.43979,0.07500,0.36116,0.34905,0.58705,0.36667,0.12731,0.10000,0.25126,0.26402,0.62542,0.46495
intent_ambiguity,0.0,active_entropy_query_policy,8,120,0.39167,0.48541,0.05833,0.35017,0.36401,0.61647,0.29167,0.10929,0.08333,0.24999,0.27669,0.63829,0.55193
intent_ambiguity,0.0,active_entropy_query_policy,9,120,0.43333,0.58206,0.04167,0.36635,0.32229,0.59595,0.36667,0.13087,0.11667,0.23814,0.24324,0.61266,0.60927
intent_ambiguity,0.0,full_demo_imitation,0,120,0.38333,0.43536,0.05000,0.55553,0.40770,0.61629,1.00000,0.78554,0.12500,0.18003,0.24839,0.41370,0.48357
intent_ambiguity,0.0,full_demo_imitation,1,120,0.36667,0.38573,0.08333,0.54093,0.38418,0.58955,1.00000,0.77619,0.16667,0.17786,0.23812,0.42745,0.42461
intent_ambiguity,0.0,full_demo_imitation,2,120,0.34167,0.37790,0.05000,0.56233,0.44722,0.60698,1.00000,0.78989,0.15833,0.18306,0.24347,0.42672,0.41917
intent_ambiguity,0.0,full_demo_imitation,3,120,0.35000,0.35771,0.08333,0.54338,0.46055,0.61643,1.00000,0.77776,0.17500,0.19581,0.26392,0.44081,0.40354
intent_ambiguity,0.0,full_demo_imitation,4,120,0.44167,0.44469,0.05833,0.59845,0.42244,0.61794,1.00000,0.81301,0.10833,0.16631,0.23487,0.40143,0.54265
intent_ambiguity,0.0,full_demo_imitation,5,120,0.37500,0.39868,0.05000,0.57688,0.37919,0.60961,1.00000,0.79921,0.10000,0.16117,0.22231,0.40649,0.47232
intent_ambiguity,0.0,full_demo_imitation,6,120,0.31667,0.33361,0.09167,0.50220,0.50180,0.61876,1.00000,0.75141,0.10833,0.21460,0.26286,0.48098,0.38274
intent_ambiguity,0.0,full_demo_imitation,7,120,0.35833,0.38071,0.08333,0.51970,0.47655,0.57887,1.00000,0.76261,0.16667,0.19447,0.26601,0.44155,0.41510
intent_ambiguity,0.0,full_demo_imitation,8,120,0.44167,0.46195,0.08333,0.54857,0.43917,0.61275,1.00000,0.78109,0.16667,0.17034,0.26321,0.41324,0.51847
intent_ambiguity,0.0,full_demo_imitation,9,120,0.36667,0.38289,0.07500,0.53342,0.43418,0.60602,1.00000,0.77139,0.11667,0.18429,0.24959,0.42970,0.44479
intent_ambiguity,0.0,minimum_intervention_boundary_learner_v5,0,120,0.56667,0.76732,0.04167,0.51356,0.17573,0.63937,0.85000,0.34978,0.00833,0.18104,0.10821,0.47876,0.80279
intent_ambiguity,0.0,minimum_intervention_boundary_learner_v5,1,120,0.40000,0.53203,0.02500,0.49576,0.18111,0.61939,0.89167,0.35849,0.03333,0.20292,0.10879,0.49032,0.58362
intent_ambiguity,0.0,minimum_intervention_boundary_learner_v5,2,120,0.48333,0.67087,0.05000,0.50500,0.20976,0.63287,0.79167,0.32509,0.00833,0.21551,0.12490,0.49967,0.69522
intent_ambiguity,0.0,minimum_intervention_boundary_learner_v5,3,120,0.54167,0.72880,0.05000,0.51582,0.19386,0.65551,0.88333,0.36991,0.01667,0.18867,0.10821,0.48573,0.76419
intent_ambiguity,0.0,minimum_intervention_boundary_learner_v5,4,120,0.47500,0.64019,0.05000,0.50233,0.20553,0.63741,0.80833,0.33033,0.01667,0.22029,0.11969,0.50574,0.67846
intent_ambiguity,0.0,minimum_intervention_boundary_learner_v5,5,120,0.47500,0.64097,0.05000,0.51530,0.18654,0.63830,0.82500,0.34239,0.01667,0.19168,0.09949,0.47915,0.67688
intent_ambiguity,0.0,minimum_intervention_boundary_learner_v5,6,120,0.45000,0.59272,0.03333,0.47402,0.24046,0.62745,0.80000,0.30298,0.03333,0.23813,0.12201,0.51908,0.64762
intent_ambiguity,0.0,minimum_intervention_boundary_learner_v5,7,120,0.47500,0.63923,0.02500,0.48974,0.18390,0.60397,0.85833,0.34115,0.02500,0.19224,0.11750,0.48876,0.68323
intent_ambiguity,0.0,minimum_intervention_boundary_learner_v5,8,120,0.52500,0.71509,0.07500,0.48621,0.18327,0.62512,0.87500,0.34704,0.00000,0.18893,0.11959,0.49182,0.73356
intent_ambiguity,0.0,minimum_intervention_boundary_learner_v5,9,120,0.47500,0.64691,0.05000,0.48549,0.19002,0.60842,0.88333,0.34854,0.01667,0.19134,0.11592,0.49065,0.67460
intent_ambiguity,0.0,oracle_minimal_correction,0,120,0.64167,0.87334,0.02500,0.53129,0.11024,0.62085,1.00000,0.42003,0.00833,0.34647,0.02976,0.46758,0.90366
intent_ambiguity,0.0,oracle_minimal_correction,1,120,0.63333,0.84288,0.06667,0.51649,0.12687,0.59947,1.00000,0.41056,0.00833,0.36867,0.03016,0.47402,0.86492
intent_ambiguity,0.0,oracle_minimal_correction,2,120,0.64167,0.86197,0.03333,0.53631,0.13100,0.61189,1.00000,0.42324,0.01667,0.36617,0.03035,0.47212,0.89341
intent_ambiguity,0.0,oracle_minimal_correction,3,120,0.60833,0.80154,0.03333,0.52900,0.13706,0.63592,1.00000,0.41856,0.00000,0.36178,0.03076,0.47912,0.85513
intent_ambiguity,0.0,oracle_minimal_correction,4,120,0.60000,0.76236,0.04167,0.53285,0.13142,0.61562,1.00000,0.42102,0.00000,0.37165,0.02957,0.47751,0.83101
intent_ambiguity,0.0,oracle_minimal_correction,5,120,0.61667,0.82447,0.03333,0.52301,0.13319,0.62199,1.00000,0.41473,0.00000,0.36629,0.02954,0.47362,0.86659
intent_ambiguity,0.0,oracle_minimal_correction,6,120,0.50833,0.68919,0.02500,0.50634,0.16404,0.60377,1.00000,0.40406,0.01667,0.39502,0.03095,0.49009,0.72710
intent_ambiguity,0.0,oracle_minimal_correction,7,120,0.56667,0.77003,0.03333,0.51173,0.11441,0.58573,1.00000,0.40751,0.00833,0.35781,0.03256,0.46919,0.79767
intent_ambiguity,0.0,oracle_minimal_correction,8,120,0.61667,0.86911,0.04167,0.50903,0.10388,0.60529,1.00000,0.40578,0.00000,0.34406,0.03100,0.46641,0.86995
intent_ambiguity,0.0,oracle_minimal_correction,9,120,0.57500,0.79045,0.08333,0.51001,0.12938,0.59127,1.00000,0.40641,0.00833,0.36162,0.03101,0.46996,0.78531
intent_ambiguity,0.0,residual_correction_learner,0,120,0.45833,0.55063,0.03333,0.40290,0.43348,0.61113,1.00000,0.33786,0.10000,0.21047,0.27517,0.57999,0.62738
intent_ambiguity,0.0,residual_correction_learner,1,120,0.31667,0.41745,0.02500,0.37415,0.42589,0.57743,1.00000,0.31946,0.15833,0.23233,0.27992,0.60114,0.44192
intent_ambiguity,0.0,residual_correction_learner,2,120,0.36667,0.42302,0.04167,0.40946,0.45790,0.58331,1.00000,0.34206,0.10000,0.22552,0.27514,0.58643,0.49982
intent_ambiguity,0.0,residual_correction_learner,3,120,0.35000,0.39597,0.01667,0.39439,0.47717,0.60995,1.00000,0.33241,0.12500,0.23407,0.29030,0.59426,0.48750
intent_ambiguity,0.0,residual_correction_learner,4,120,0.40000,0.45510,0.06667,0.41791,0.43912,0.59841,1.00000,0.34746,0.14167,0.22121,0.26654,0.58240,0.51707
intent_ambiguity,0.0,residual_correction_learner,5,120,0.29167,0.35388,0.05833,0.40606,0.41229,0.59961,1.00000,0.33988,0.15833,0.21394,0.26404,0.58038,0.38653
intent_ambiguity,0.0,residual_correction_learner,6,120,0.30000,0.33058,0.05000,0.36386,0.52310,0.59165,1.00000,0.31287,0.17500,0.26641,0.28836,0.62040,0.39158
intent_ambiguity,0.0,residual_correction_learner,7,120,0.36667,0.45391,0.05000,0.39200,0.48529,0.56492,1.00000,0.33088,0.13333,0.23123,0.28593,0.57917,0.49070
intent_ambiguity,0.0,residual_correction_learner,8,120,0.39167,0.49172,0.04167,0.39056,0.45347,0.58193,1.00000,0.32996,0.15833,0.22284,0.29174,0.57673,0.52348
intent_ambiguity,0.0,residual_correction_learner,9,120,0.30000,0.34918,0.06667,0.37923,0.47072,0.57314,1.00000,0.32270,0.16667,0.23014,0.28544,0.59117,0.38503
intent_ambiguity,0.0,robust_mpc_correction,0,120,0.57500,0.81585,0.05833,0.57717,0.10980,0.60849,1.00000,0.44939,0.01667,0.03871,0.05279,0.41918,0.79933
intent_ambiguity,0.0,robust_mpc_correction,1,120,0.50000,0.68116,0.04167,0.56455,0.09763,0.58554,1.00000,0.44131,0.05000,0.04568,0.04905,0.42408,0.69165
intent_ambiguity,0.0,robust_mpc_correction,2,120,0.52500,0.70961,0.08333,0.57358,0.12207,0.59853,1.00000,0.44709,0.01667,0.06044,0.06136,0.43631,0.71262
intent_ambiguity,0.0,robust_mpc_correction,3,120,0.60833,0.85678,0.05000,0.57594,0.12642,0.62002,1.00000,0.44860,0.03333,0.05322,0.05698,0.43031,0.84342
intent_ambiguity,0.0,robust_mpc_correction,4,120,0.57500,0.77290,0.04167,0.57084,0.12054,0.60233,1.00000,0.44534,0.05000,0.06108,0.05687,0.43743,0.78951
intent_ambiguity,0.0,robust_mpc_correction,5,120,0.60000,0.84612,0.06667,0.57623,0.11013,0.60733,1.00000,0.44879,0.03333,0.04693,0.04693,0.41787,0.82180
intent_ambiguity,0.0,robust_mpc_correction,6,120,0.56667,0.82107,0.02500,0.56251,0.12289,0.59366,1.00000,0.44001,0.03333,0.06179,0.04810,0.43298,0.80399
intent_ambiguity,0.0,robust_mpc_correction,7,120,0.53333,0.78103,0.03333,0.55566,0.09512,0.56826,1.00000,0.43562,0.03333,0.04133,0.05612,0.42196,0.75386
intent_ambiguity,0.0,robust_mpc_correction,8,120,0.61667,0.88313,0.02500,0.55035,0.11612,0.59141,1.00000,0.43222,0.03333,0.04407,0.06199,0.42597,0.86735
intent_ambiguity,0.0,robust_mpc_correction,9,120,0.57500,0.79983,0.04167,0.55603,0.10781,0.57607,1.00000,0.43586,0.01667,0.04294,0.05301,0.41949,0.80088
intent_ambiguity,0.0,uncertainty_query_policy,0,120,0.41667,0.53763,0.05000,0.51194,0.29143,0.61470,1.00000,0.40764,0.15000,0.17248,0.20520,0.46156,0.55159
intent_ambiguity,0.0,uncertainty_query_policy,1,120,0.42500,0.50663,0.02500,0.50584,0.27136,0.58322,1.00000,0.40374,0.14167,0.18508,0.19597,0.46612,0.56475
intent_ambiguity,0.0,uncertainty_query_policy,2,120,0.41667,0.47741,0.01667,0.51725,0.33992,0.59638,1.00000,0.41104,0.15833,0.19968,0.21260,0.47471,0.55146
intent_ambiguity,0.0,uncertainty_query_policy,3,120,0.45000,0.52768,0.09167,0.51273,0.30802,0.61160,1.00000,0.40815,0.14167,0.18864,0.21026,0.47054,0.56343
intent_ambiguity,0.0,uncertainty_query_policy,4,120,0.36667,0.42323,0.06667,0.53525,0.30566,0.60684,1.00000,0.42256,0.14167,0.18757,0.19985,0.46487,0.46856
intent_ambiguity,0.0,uncertainty_query_policy,5,120,0.50833,0.59851,0.06667,0.53182,0.28413,0.60424,1.00000,0.42037,0.15000,0.16970,0.18506,0.45057,0.64550
intent_ambiguity,0.0,uncertainty_query_policy,6,120,0.45833,0.53804,0.06667,0.46897,0.36591,0.60725,1.00000,0.38014,0.10000,0.22966,0.21984,0.51247,0.60149
intent_ambiguity,0.0,uncertainty_query_policy,7,120,0.43333,0.51122,0.07500,0.48671,0.33920,0.56226,1.00000,0.39150,0.19167,0.20507,0.22178,0.47907,0.53257
intent_ambiguity,0.0,uncertainty_query_policy,8,120,0.40000,0.46360,0.07500,0.49826,0.31242,0.59839,1.00000,0.39889,0.12500,0.18864,0.22220,0.46158,0.51091
intent_ambiguity,0.0,uncertainty_query_policy,9,120,0.41667,0.48936,0.04167,0.49099,0.31649,0.59248,1.00000,0.39423,0.13333,0.19446,0.20903,0.47034,0.54812
intent_ambiguity,0.2,active_entropy_query_policy,0,120,0.40000,0.50131,0.02500,0.43446,0.27841,0.58493,0.97500,0.35295,0.12500,0.22373,0.20212,0.56222,0.55056
intent_ambiguity,0.2,active_entropy_query_policy,1,120,0.37500,0.49330,0.04167,0.45239,0.28120,0.57337,0.98333,0.36411,0.07500,0.21420,0.18654,0.54307,0.52617
intent_ambiguity,0.2,active_entropy_query_policy,2,120,0.43333,0.58662,0.07500,0.43606,0.25998,0.58983,0.97500,0.35054,0.11667,0.20313,0.17722,0.54231,0.57874
intent_ambiguity,0.2,active_entropy_query_policy,3,120,0.45833,0.61416,0.00833,0.44034,0.25461,0.57850,0.97500,0.35182,0.08333,0.20094,0.18485,0.54217,0.65227
intent_ambiguity,0.2,active_entropy_query_policy,4,120,0.45833,0.62478,0.05000,0.43753,0.26865,0.58463,0.95833,0.34705,0.08333,0.20494,0.16893,0.53984,0.63383
intent_ambiguity,0.2,active_entropy_query_policy,5,120,0.40000,0.54027,0.04167,0.42898,0.28616,0.58030,0.95000,0.33912,0.10833,0.22150,0.18552,0.56137,0.55511
intent_ambiguity,0.2,active_entropy_query_policy,6,120,0.42500,0.58689,0.07500,0.45273,0.26063,0.59141,0.90833,0.34148,0.15000,0.19645,0.18619,0.53276,0.56127
intent_ambiguity,0.2,active_entropy_query_policy,7,120,0.41667,0.53552,0.08333,0.45765,0.27808,0.59622,0.97500,0.36451,0.09167,0.22019,0.20242,0.54651,0.55391
intent_ambiguity,0.2,active_entropy_query_policy,8,120,0.47500,0.66133,0.05000,0.44364,0.25087,0.59317,0.97500,0.35572,0.10000,0.20318,0.17631,0.54200,0.65470
intent_ambiguity,0.2,active_entropy_query_policy,9,120,0.47500,0.61001,0.04167,0.47309,0.25769,0.58318,0.98333,0.37779,0.10833,0.20695,0.18768,0.54148,0.64309
intent_ambiguity,0.2,full_demo_imitation,0,120,0.35000,0.35672,0.05833,0.50555,0.49648,0.59524,1.00000,0.75355,0.09167,0.20480,0.28972,0.46747,0.43932
intent_ambiguity,0.2,full_demo_imitation,1,120,0.35000,0.33008,0.10000,0.55436,0.50245,0.57617,1.00000,0.78479,0.17500,0.21088,0.28275,0.42566,0.38249
intent_ambiguity,0.2,full_demo_imitation,2,120,0.33333,0.36034,0.06667,0.54515,0.46683,0.58454,1.00000,0.77890,0.14167,0.18841,0.26540,0.41615,0.40002
intent_ambiguity,0.2,full_demo_imitation,3,120,0.32500,0.37807,0.07500,0.55384,0.45648,0.58869,1.00000,0.78446,0.21667,0.18408,0.26183,0.40942,0.37021
intent_ambiguity,0.2,full_demo_imitation,4,120,0.39167,0.38632,0.05833,0.55965,0.45919,0.59962,1.00000,0.78817,0.11667,0.17741,0.24394,0.39902,0.47609
intent_ambiguity,0.2,full_demo_imitation,5,120,0.25833,0.26578,0.05833,0.49286,0.51402,0.58398,1.00000,0.74543,0.09167,0.21318,0.28745,0.48430,0.32739
intent_ambiguity,0.2,full_demo_imitation,6,120,0.37500,0.40867,0.12500,0.56882,0.42454,0.59349,1.00000,0.79404,0.14167,0.17465,0.24736,0.39975,0.42165
intent_ambiguity,0.2,full_demo_imitation,7,120,0.30000,0.33698,0.08333,0.53058,0.53221,0.59808,1.00000,0.76957,0.18333,0.20966,0.29123,0.46788,0.34598
intent_ambiguity,0.2,full_demo_imitation,8,120,0.40833,0.41990,0.06667,0.53734,0.40511,0.60375,1.00000,0.77390,0.15833,0.17409,0.25051,0.41788,0.48627
intent_ambiguity,0.2,full_demo_imitation,9,120,0.31667,0.34053,0.05833,0.57082,0.44338,0.58443,1.00000,0.79532,0.17500,0.17704,0.25482,0.43358,0.37412
intent_ambiguity,0.2,minimum_intervention_boundary_learner_v5,0,120,0.53333,0.70069,0.03333,0.49395,0.17905,0.59284,1.00000,0.39613,0.01667,0.14943,0.11921,0.49758,0.74961
intent_ambiguity,0.2,minimum_intervention_boundary_learner_v5,1,120,0.39167,0.51279,0.02500,0.49918,0.20127,0.57922,1.00000,0.39948,0.02500,0.16116,0.12244,0.49523,0.56656
intent_ambiguity,0.2,minimum_intervention_boundary_learner_v5,2,120,0.53333,0.73079,0.05000,0.48719,0.18089,0.59563,1.00000,0.39180,0.01667,0.14396,0.10907,0.48820,0.74765
intent_ambiguity,0.2,minimum_intervention_boundary_learner_v5,3,120,0.50833,0.70134,0.05000,0.48997,0.18092,0.58542,1.00000,0.39358,0.00833,0.14448,0.12017,0.48907,0.71714
intent_ambiguity,0.2,minimum_intervention_boundary_learner_v5,4,120,0.47500,0.67067,0.05833,0.47528,0.19966,0.59169,1.00000,0.38418,0.02500,0.16238,0.11291,0.49842,0.66977
intent_ambiguity,0.2,minimum_intervention_boundary_learner_v5,5,120,0.48333,0.65393,0.05833,0.48900,0.19332,0.58774,1.00000,0.39296,0.00000,0.15402,0.11056,0.49681,0.68043
intent_ambiguity,0.2,minimum_intervention_boundary_learner_v5,6,120,0.50000,0.68527,0.03333,0.50829,0.16880,0.59956,1.00000,0.40530,0.03333,0.13624,0.10652,0.47656,0.70763
intent_ambiguity,0.2,minimum_intervention_boundary_learner_v5,7,120,0.52500,0.68458,0.01667,0.51744,0.18033,0.60188,1.00000,0.41116,0.00833,0.14540,0.11854,0.48769,0.74873
intent_ambiguity,0.2,minimum_intervention_boundary_learner_v5,8,120,0.52500,0.73135,0.07500,0.49239,0.19270,0.59937,1.00000,0.39513,0.00000,0.15295,0.11300,0.49186,0.73163
intent_ambiguity,0.2,minimum_intervention_boundary_learner_v5,9,120,0.47500,0.62953,0.05000,0.51832,0.18609,0.59183,1.00000,0.41172,0.00833,0.15377,0.12102,0.49598,0.66837
intent_ambiguity,0.2,oracle_minimal_correction,0,120,0.62500,0.83765,0.02500,0.52185,0.11509,0.58162,1.00000,0.41398,0.01667,0.35960,0.03202,0.47124,0.87216
intent_ambiguity,0.2,oracle_minimal_correction,1,120,0.62500,0.86737,0.07500,0.52614,0.11741,0.56842,1.00000,0.41673,0.00000,0.36114,0.03182,0.46829,0.85538
intent_ambiguity,0.2,oracle_minimal_correction,2,120,0.65000,0.87980,0.03333,0.50585,0.11395,0.58543,1.00000,0.40374,0.00833,0.35904,0.03164,0.47017,0.90534
intent_ambiguity,0.2,oracle_minimal_correction,3,120,0.63333,0.86648,0.04167,0.51529,0.10090,0.57113,1.00000,0.40979,0.00000,0.35059,0.03196,0.46317,0.88126
intent_ambiguity,0.2,oracle_minimal_correction,4,120,0.58333,0.80009,0.05000,0.49629,0.14528,0.58075,1.00000,0.39763,0.00833,0.37695,0.03156,0.48096,0.81267
intent_ambiguity,0.2,oracle_minimal_correction,5,120,0.60833,0.80139,0.02500,0.51087,0.13587,0.57596,1.00000,0.40695,0.00000,0.37269,0.03184,0.47619,0.85201
intent_ambiguity,0.2,oracle_minimal_correction,6,120,0.56667,0.76896,0.02500,0.51729,0.11486,0.58974,1.00000,0.41106,0.00000,0.35882,0.03097,0.46858,0.80443
intent_ambiguity,0.2,oracle_minimal_correction,7,120,0.56667,0.71983,0.03333,0.54090,0.11457,0.59155,1.00000,0.42618,0.00000,0.35610,0.03127,0.46961,0.78890
intent_ambiguity,0.2,oracle_minimal_correction,8,120,0.59167,0.80355,0.05000,0.51175,0.13255,0.58818,1.00000,0.40752,0.00000,0.36663,0.03085,0.47652,0.82440
intent_ambiguity,0.2,oracle_minimal_correction,9,120,0.58333,0.77817,0.06667,0.54809,0.11640,0.58169,1.00000,0.43078,0.00833,0.35841,0.03164,0.46851,0.79719
intent_ambiguity,0.2,residual_correction_learner,0,120,0.35833,0.43061,0.03333,0.36841,0.50129,0.55358,1.00000,0.31578,0.07500,0.25235,0.31533,0.61320,0.50315
intent_ambiguity,0.2,residual_correction_learner,1,120,0.33333,0.42582,0.05000,0.38427,0.51549,0.56133,1.00000,0.32593,0.14167,0.24620,0.30130,0.59829,0.44957
intent_ambiguity,0.2,residual_correction_learner,2,120,0.37500,0.46239,0.05833,0.37780,0.50128,0.59130,1.00000,0.32179,0.12500,0.24121,0.29154,0.59179,0.50337
intent_ambiguity,0.2,residual_correction_learner,3,120,0.38333,0.44111,0.01667,0.37933,0.45119,0.56195,1.00000,0.32277,0.12500,0.22766,0.29682,0.59595,0.52504
intent_ambiguity,0.2,residual_correction_learner,4,120,0.40000,0.48551,0.06667,0.39249,0.46555,0.56577,1.00000,0.33120,0.15000,0.22043,0.26963,0.57717,0.51765
intent_ambiguity,0.2,residual_correction_learner,5,120,0.23333,0.26035,0.06667,0.33851,0.54858,0.56807,1.00000,0.29665,0.15833,0.27202,0.31967,0.64544,0.30438
intent_ambiguity,0.2,residual_correction_learner,6,120,0.34167,0.41230,0.05000,0.39922,0.44875,0.56878,1.00000,0.33550,0.13333,0.21725,0.27928,0.57582,0.45667
intent_ambiguity,0.2,residual_correction_learner,7,120,0.32500,0.38552,0.05000,0.38928,0.52512,0.57991,1.00000,0.32914,0.14167,0.25540,0.31374,0.60578,0.43501
intent_ambiguity,0.2,residual_correction_learner,8,120,0.36667,0.45219,0.03333,0.36741,0.44421,0.58468,1.00000,0.31514,0.16667,0.23081,0.28658,0.60525,0.49424
intent_ambiguity,0.2,residual_correction_learner,9,120,0.30833,0.37844,0.06667,0.41991,0.44363,0.55440,1.00000,0.34874,0.15000,0.21975,0.28207,0.58440,0.40052
intent_ambiguity,0.2,robust_mpc_correction,0,120,0.60000,0.82260,0.05833,0.57035,0.10022,0.56412,1.00000,0.44502,0.01667,0.04012,0.05426,0.42278,0.82042
intent_ambiguity,0.2,robust_mpc_correction,1,120,0.50833,0.72484,0.04167,0.57064,0.11217,0.55305,1.00000,0.44521,0.02500,0.04787,0.05483,0.42321,0.71216
intent_ambiguity,0.2,robust_mpc_correction,2,120,0.52500,0.74220,0.07500,0.55028,0.10895,0.57120,1.00000,0.43218,0.01667,0.04599,0.05427,0.42487,0.72067
intent_ambiguity,0.2,robust_mpc_correction,3,120,0.59167,0.86430,0.04167,0.55323,0.10951,0.55686,1.00000,0.43407,0.02500,0.04428,0.06027,0.42573,0.82729
intent_ambiguity,0.2,robust_mpc_correction,4,120,0.58333,0.82965,0.03333,0.54421,0.11707,0.56458,1.00000,0.42829,0.03333,0.05542,0.05371,0.42960,0.81479
intent_ambiguity,0.2,robust_mpc_correction,5,120,0.59167,0.83222,0.06667,0.56283,0.10554,0.56027,1.00000,0.44021,0.02500,0.04217,0.04945,0.42024,0.80713
intent_ambiguity,0.2,robust_mpc_correction,6,120,0.60833,0.88847,0.03333,0.57335,0.09241,0.57350,1.00000,0.44694,0.03333,0.02841,0.05011,0.41081,0.85211
intent_ambiguity,0.2,robust_mpc_correction,7,120,0.57500,0.78036,0.03333,0.59045,0.10376,0.57746,1.00000,0.45789,0.01667,0.03596,0.05235,0.42005,0.80015
intent_ambiguity,0.2,robust_mpc_correction,8,120,0.56667,0.79601,0.02500,0.56537,0.11216,0.57205,1.00000,0.44184,0.02500,0.04086,0.05292,0.41841,0.79719
intent_ambiguity,0.2,robust_mpc_correction,9,120,0.54167,0.71548,0.05000,0.59590,0.10846,0.56638,1.00000,0.46138,0.03333,0.04004,0.05354,0.42033,0.73762
intent_ambiguity,0.2,uncertainty_query_policy,0,120,0.39167,0.45587,0.05833,0.46754,0.35772,0.57916,1.00000,0.37923,0.18333,0.21973,0.24721,0.51436,0.49423
intent_ambiguity,0.2,uncertainty_query_policy,1,120,0.40000,0.44871,0.03333,0.50082,0.34928,0.56643,1.00000,0.40053,0.13333,0.21211,0.23029,0.48080,0.52370
intent_ambiguity,0.2,uncertainty_query_policy,2,120,0.37500,0.44162,0.02500,0.48626,0.33215,0.57453,1.00000,0.39121,0.15000,0.20501,0.22338,0.47546,0.49802
intent_ambiguity,0.2,uncertainty_query_policy,3,120,0.42500,0.49754,0.10000,0.49044,0.32472,0.57796,1.00000,0.39388,0.14167,0.19199,0.22353,0.47709,0.52406
intent_ambiguity,0.2,uncertainty_query_policy,4,120,0.38333,0.45281,0.09167,0.50234,0.34507,0.59028,1.00000,0.40150,0.14167,0.18970,0.20553,0.45870,0.47722
intent_ambiguity,0.2,uncertainty_query_policy,5,120,0.35000,0.39003,0.03333,0.45596,0.36408,0.56978,1.00000,0.37181,0.14167,0.22777,0.23721,0.52421,0.46236
intent_ambiguity,0.2,uncertainty_query_policy,6,120,0.50833,0.63857,0.06667,0.51932,0.30266,0.58552,1.00000,0.41237,0.11667,0.17250,0.20883,0.44499,0.66130
intent_ambiguity,0.2,uncertainty_query_policy,7,120,0.40000,0.46692,0.07500,0.49468,0.36268,0.57947,1.00000,0.39659,0.20000,0.21919,0.24228,0.50055,0.49023
intent_ambiguity,0.2,uncertainty_query_policy,8,120,0.40000,0.47421,0.08333,0.49342,0.30087,0.59169,1.00000,0.39579,0.12500,0.18706,0.21011,0.47216,0.50871
intent_ambiguity,0.2,uncertainty_query_policy,9,120,0.42500,0.50738,0.04167,0.52002,0.30634,0.57400,1.00000,0.41281,0.10000,0.18900,0.22052,0.48317,0.56716
intent_ambiguity,0.4,active_entropy_query_policy,0,120,0.42500,0.54654,0.02500,0.42611,0.26578,0.55914,1.00000,0.35271,0.10000,0.21075,0.19799,0.55540,0.58882
intent_ambiguity,0.4,active_entropy_query_policy,1,120,0.34167,0.46391,0.04167,0.42571,0.30610,0.56072,1.00000,0.35245,0.12500,0.23084,0.19770,0.56101,0.47214
intent_ambiguity,0.4,active_entropy_query_policy,2,120,0.45000,0.60078,0.10833,0.43877,0.28496,0.53395,1.00000,0.36081,0.10000,0.23214,0.20383,0.55885,0.57896
intent_ambiguity,0.4,active_entropy_query_policy,3,120,0.42500,0.54976,0.00833,0.44651,0.26140,0.54381,1.00000,0.36576,0.06667,0.21497,0.20744,0.55588,0.60498
intent_ambiguity,0.4,active_entropy_query_policy,4,120,0.43333,0.55765,0.05000,0.41461,0.29139,0.52856,1.00000,0.34535,0.07500,0.23426,0.20215,0.57098,0.59074
intent_ambiguity,0.4,active_entropy_query_policy,5,120,0.40833,0.56008,0.05833,0.40747,0.29630,0.53412,1.00000,0.34078,0.10833,0.23934,0.21009,0.57425,0.55370
intent_ambiguity,0.4,active_entropy_query_policy,6,120,0.38333,0.48997,0.06667,0.43179,0.28281,0.57072,1.00000,0.35635,0.15833,0.21433,0.17889,0.55647,0.49811
intent_ambiguity,0.4,active_entropy_query_policy,7,120,0.35833,0.48378,0.08333,0.43186,0.30130,0.54010,1.00000,0.35639,0.10833,0.22404,0.19818,0.56249,0.47340
intent_ambiguity,0.4,active_entropy_query_policy,8,120,0.45833,0.61758,0.05000,0.43447,0.27854,0.56455,1.00000,0.35806,0.09167,0.21258,0.18561,0.55237,0.62743
intent_ambiguity,0.4,active_entropy_query_policy,9,120,0.41667,0.52609,0.04167,0.43053,0.28724,0.56664,1.00000,0.35554,0.11667,0.22341,0.20498,0.56799,0.56414
intent_ambiguity,0.4,full_demo_imitation,0,120,0.33333,0.36570,0.08333,0.50424,0.49519,0.57012,1.00000,0.75271,0.10833,0.19884,0.30690,0.46238,0.40348
intent_ambiguity,0.4,full_demo_imitation,1,120,0.36667,0.33867,0.10000,0.54370,0.56533,0.58745,1.00000,0.77797,0.20833,0.21539,0.28943,0.42621,0.39351
intent_ambiguity,0.4,full_demo_imitation,2,120,0.30833,0.30351,0.07500,0.51815,0.48281,0.56669,1.00000,0.76162,0.12500,0.20541,0.29117,0.46056,0.36353
intent_ambiguity,0.4,full_demo_imitation,3,120,0.30000,0.32302,0.06667,0.50431,0.49053,0.55683,1.00000,0.75276,0.20000,0.21268,0.31724,0.47608,0.34272
intent_ambiguity,0.4,full_demo_imitation,4,120,0.40833,0.40923,0.04167,0.48355,0.53024,0.55937,1.00000,0.73947,0.09167,0.22074,0.31190,0.48948,0.51495
intent_ambiguity,0.4,full_demo_imitation,5,120,0.30000,0.30867,0.06667,0.48992,0.56550,0.56720,1.00000,0.74355,0.09167,0.22376,0.30889,0.47552,0.37163
intent_ambiguity,0.4,full_demo_imitation,6,120,0.30833,0.32222,0.10833,0.51973,0.48768,0.58588,1.00000,0.76263,0.10833,0.20414,0.27879,0.45183,0.35699
intent_ambiguity,0.4,full_demo_imitation,7,120,0.36667,0.36797,0.07500,0.53367,0.54874,0.55706,1.00000,0.77155,0.19167,0.21183,0.29180,0.44163,0.41473
intent_ambiguity,0.4,full_demo_imitation,8,120,0.36667,0.39339,0.06667,0.52694,0.48204,0.57087,1.00000,0.76724,0.13333,0.19808,0.26913,0.43914,0.44286
intent_ambiguity,0.4,full_demo_imitation,9,120,0.27500,0.27128,0.04167,0.51104,0.51242,0.59378,1.00000,0.75706,0.12500,0.21236,0.30432,0.47267,0.34477
intent_ambiguity,0.4,minimum_intervention_boundary_learner_v5,0,120,0.52500,0.72398,0.04167,0.48834,0.16870,0.56343,1.00000,0.39254,0.00833,0.10250,0.11696,0.48720,0.74022
intent_ambiguity,0.4,minimum_intervention_boundary_learner_v5,1,120,0.38333,0.53939,0.02500,0.47923,0.22217,0.56701,1.00000,0.38670,0.02500,0.14077,0.12607,0.50555,0.56359
intent_ambiguity,0.4,minimum_intervention_boundary_learner_v5,2,120,0.52500,0.68191,0.04167,0.49545,0.19004,0.53813,1.00000,0.39708,0.00833,0.12379,0.12755,0.50152,0.72818
intent_ambiguity,0.4,minimum_intervention_boundary_learner_v5,3,120,0.55000,0.73800,0.05000,0.51560,0.16940,0.54736,1.00000,0.40998,0.00833,0.10313,0.12463,0.48684,0.76108
intent_ambiguity,0.4,minimum_intervention_boundary_learner_v5,4,120,0.49167,0.67162,0.06667,0.48065,0.19190,0.53519,1.00000,0.38762,0.03333,0.11711,0.11585,0.49770,0.67244
intent_ambiguity,0.4,minimum_intervention_boundary_learner_v5,5,120,0.44167,0.61893,0.05000,0.47326,0.18485,0.53953,1.00000,0.38289,0.02500,0.11680,0.12417,0.50346,0.62291
intent_ambiguity,0.4,minimum_intervention_boundary_learner_v5,6,120,0.45833,0.60471,0.04167,0.48674,0.21077,0.57316,1.00000,0.39151,0.04167,0.12141,0.11299,0.49635,0.63975
intent_ambiguity,0.4,minimum_intervention_boundary_learner_v5,7,120,0.45833,0.61984,0.02500,0.48266,0.19714,0.54244,1.00000,0.38890,0.00833,0.11770,0.11794,0.50231,0.65750
intent_ambiguity,0.4,minimum_intervention_boundary_learner_v5,8,120,0.49167,0.67766,0.08333,0.48692,0.18658,0.56977,1.00000,0.39163,0.00833,0.11373,0.11055,0.49544,0.67630
intent_ambiguity,0.4,minimum_intervention_boundary_learner_v5,9,120,0.46667,0.61013,0.05000,0.48745,0.20138,0.56555,1.00000,0.39197,0.02500,0.12330,0.13087,0.50634,0.64910
intent_ambiguity,0.4,oracle_minimal_correction,0,120,0.63333,0.87019,0.02500,0.51273,0.10591,0.55994,1.00000,0.40815,0.00833,0.35455,0.03273,0.46496,0.88711
intent_ambiguity,0.4,oracle_minimal_correction,1,120,0.60833,0.82803,0.06667,0.51033,0.13780,0.56548,1.00000,0.40661,0.00833,0.37738,0.03190,0.47815,0.83262
intent_ambiguity,0.4,oracle_minimal_correction,2,120,0.59167,0.77955,0.04167,0.53185,0.12341,0.53567,1.00000,0.42038,0.01667,0.36668,0.03325,0.46890,0.81100
intent_ambiguity,0.4,oracle_minimal_correction,3,120,0.60833,0.82609,0.04167,0.54047,0.09506,0.54537,1.00000,0.42590,0.00000,0.34975,0.03477,0.46436,0.84336
intent_ambiguity,0.4,oracle_minimal_correction,4,120,0.59167,0.79168,0.07500,0.50292,0.12627,0.53392,1.00000,0.40187,0.00833,0.37142,0.03397,0.47364,0.79951
intent_ambiguity,0.4,oracle_minimal_correction,5,120,0.63333,0.87250,0.03333,0.50589,0.12199,0.53752,1.00000,0.40377,0.00833,0.37260,0.03381,0.47142,0.88089
intent_ambiguity,0.4,oracle_minimal_correction,6,120,0.54167,0.71730,0.03333,0.50635,0.13834,0.57087,1.00000,0.40407,0.00833,0.37421,0.03170,0.47688,0.75968
intent_ambiguity,0.4,oracle_minimal_correction,7,120,0.55000,0.75135,0.03333,0.50337,0.13030,0.53893,1.00000,0.40215,0.00000,0.37682,0.03411,0.47608,0.77373
intent_ambiguity,0.4,oracle_minimal_correction,8,120,0.57500,0.80288,0.05000,0.51039,0.13091,0.56725,1.00000,0.40665,0.00000,0.36857,0.03197,0.47224,0.80469
intent_ambiguity,0.4,oracle_minimal_correction,9,120,0.59167,0.77646,0.08333,0.52401,0.11734,0.56156,1.00000,0.41536,0.02500,0.36030,0.03322,0.47103,0.79002
intent_ambiguity,0.4,residual_correction_learner,0,120,0.31667,0.38280,0.05000,0.34206,0.53470,0.54877,1.00000,0.29892,0.10833,0.26426,0.33914,0.63341,0.43411
intent_ambiguity,0.4,residual_correction_learner,1,120,0.25000,0.31326,0.04167,0.36830,0.54376,0.56243,1.00000,0.31571,0.15833,0.25189,0.30147,0.61238,0.34244
intent_ambiguity,0.4,residual_correction_learner,2,120,0.32500,0.35099,0.05000,0.37401,0.52552,0.53405,1.00000,0.31936,0.11667,0.26088,0.32122,0.61335,0.42927
intent_ambiguity,0.4,residual_correction_learner,3,120,0.27500,0.28011,0.01667,0.34802,0.53638,0.53926,1.00000,0.30273,0.12500,0.27048,0.35374,0.64368,0.38162
intent_ambiguity,0.4,residual_correction_learner,4,120,0.30833,0.34667,0.06667,0.32086,0.57879,0.52941,1.00000,0.28535,0.13333,0.29262,0.35115,0.66122,0.40164
intent_ambiguity,0.4,residual_correction_learner,5,120,0.18333,0.24061,0.06667,0.33471,0.59894,0.53470,1.00000,0.29421,0.16667,0.28889,0.33992,0.64144,0.24328
intent_ambiguity,0.4,residual_correction_learner,6,120,0.33333,0.38789,0.05000,0.35453,0.53958,0.57013,1.00000,0.30690,0.14167,0.26376,0.31660,0.62828,0.44472
intent_ambiguity,0.4,residual_correction_learner,7,120,0.30833,0.33204,0.05000,0.37064,0.53998,0.51880,1.00000,0.31721,0.15833,0.26173,0.32118,0.62361,0.39540
intent_ambiguity,0.4,residual_correction_learner,8,120,0.36667,0.43193,0.03333,0.37500,0.49076,0.55640,1.00000,0.32000,0.18333,0.24302,0.29310,0.60492,0.48120
intent_ambiguity,0.4,residual_correction_learner,9,120,0.30833,0.35009,0.06667,0.36713,0.51408,0.56033,1.00000,0.31496,0.19167,0.25688,0.32264,0.62496,0.38694
intent_ambiguity,0.4,robust_mpc_correction,0,120,0.60000,0.83742,0.05833,0.55900,0.10773,0.54102,1.00000,0.43776,0.01667,0.03800,0.05763,0.41756,0.82074
intent_ambiguity,0.4,robust_mpc_correction,1,120,0.47500,0.66366,0.02500,0.56271,0.11422,0.54496,1.00000,0.44013,0.05000,0.04858,0.05213,0.42271,0.66618
intent_ambiguity,0.4,robust_mpc_correction,2,120,0.52500,0.72530,0.07500,0.57731,0.10751,0.51797,1.00000,0.44948,0.01667,0.04527,0.05420,0.42068,0.70904
intent_ambiguity,0.4,robust_mpc_correction,3,120,0.61667,0.85397,0.05833,0.58999,0.09339,0.52799,1.00000,0.45759,0.01667,0.02918,0.05764,0.41505,0.83834
intent_ambiguity,0.4,robust_mpc_correction,4,120,0.61667,0.87137,0.05000,0.55760,0.10489,0.51295,1.00000,0.43686,0.02500,0.04548,0.04963,0.41643,0.84321
intent_ambiguity,0.4,robust_mpc_correction,5,120,0.64167,0.90300,0.06667,0.55385,0.09825,0.51797,1.00000,0.43446,0.04167,0.04242,0.05561,0.42367,0.86296
intent_ambiguity,0.4,robust_mpc_correction,6,120,0.60000,0.85041,0.03333,0.55763,0.11918,0.55298,1.00000,0.43689,0.04167,0.04658,0.05197,0.42443,0.83154
intent_ambiguity,0.4,robust_mpc_correction,7,120,0.51667,0.72911,0.03333,0.55786,0.11260,0.51943,1.00000,0.43703,0.04167,0.04547,0.05505,0.42307,0.71708
intent_ambiguity,0.4,robust_mpc_correction,8,120,0.59167,0.83852,0.04167,0.55815,0.11990,0.54939,1.00000,0.43722,0.03333,0.04722,0.05486,0.42308,0.81804
intent_ambiguity,0.4,robust_mpc_correction,9,120,0.52500,0.71727,0.05000,0.56875,0.11887,0.54520,1.00000,0.44400,0.01667,0.04770,0.06166,0.42727,0.72439
intent_ambiguity,0.4,uncertainty_query_policy,0,120,0.36667,0.43379,0.05833,0.46597,0.34248,0.55460,1.00000,0.37822,0.16667,0.21334,0.24888,0.50244,0.46530
intent_ambiguity,0.4,uncertainty_query_policy,1,120,0.39167,0.43552,0.04167,0.48429,0.38869,0.56650,1.00000,0.38995,0.13333,0.22597,0.23857,0.48614,0.50888
intent_ambiguity,0.4,uncertainty_query_policy,2,120,0.39167,0.44915,0.04167,0.48163,0.33738,0.54302,1.00000,0.38825,0.14167,0.21749,0.23920,0.49801,0.50717
intent_ambiguity,0.4,uncertainty_query_policy,3,120,0.37500,0.42747,0.10000,0.47574,0.34816,0.54640,1.00000,0.38447,0.10833,0.22185,0.26371,0.50904,0.46589
intent_ambiguity,0.4,uncertainty_query_policy,4,120,0.33333,0.36214,0.07500,0.45288,0.37521,0.53500,1.00000,0.36985,0.15833,0.23525,0.25210,0.52452,0.40880
intent_ambiguity,0.4,uncertainty_query_policy,5,120,0.40000,0.45933,0.03333,0.45426,0.38515,0.54315,1.00000,0.37073,0.10833,0.23414,0.25236,0.51385,0.53300
intent_ambiguity,0.4,uncertainty_query_policy,6,120,0.45833,0.52414,0.07500,0.47580,0.34992,0.57421,1.00000,0.38451,0.10833,0.21301,0.22573,0.49700,0.58650
intent_ambiguity,0.4,uncertainty_query_policy,7,120,0.37500,0.42700,0.08333,0.47824,0.39914,0.54072,1.00000,0.38607,0.15833,0.22418,0.24961,0.50252,0.45932
intent_ambiguity,0.4,uncertainty_query_policy,8,120,0.35833,0.44191,0.09167,0.48171,0.35916,0.55637,1.00000,0.38829,0.11667,0.20599,0.22842,0.48896,0.45452
intent_ambiguity,0.4,uncertainty_query_policy,9,120,0.38333,0.44219,0.02500,0.47537,0.36298,0.57661,1.00000,0.38424,0.10833,0.21613,0.25002,0.50978,0.52044
intent_ambiguity,0.6,active_entropy_query_policy,0,120,0.35833,0.44913,0.02500,0.41761,0.30053,0.51749,1.00000,0.34727,0.10000,0.24937,0.22633,0.58890,0.49723
intent_ambiguity,0.6,active_entropy_query_policy,1,120,0.35000,0.44505,0.05833,0.40928,0.31138,0.51276,1.00000,0.34194,0.07500,0.24457,0.22602,0.59009,0.47735
intent_ambiguity,0.6,active_entropy_query_policy,2,120,0.38333,0.51630,0.09167,0.40084,0.31130,0.51414,1.00000,0.33654,0.12500,0.24997,0.23145,0.58712,0.49530
intent_ambiguity,0.6,active_entropy_query_policy,3,120,0.44167,0.59274,0.00833,0.39460,0.30662,0.51809,1.00000,0.33254,0.09167,0.23829,0.22024,0.57846,0.62338
intent_ambiguity,0.6,active_entropy_query_policy,4,120,0.48333,0.60667,0.05000,0.44412,0.26460,0.51242,1.00000,0.36424,0.09167,0.21560,0.20512,0.55317,0.64302
intent_ambiguity,0.6,active_entropy_query_policy,5,120,0.41667,0.56324,0.05833,0.41793,0.28220,0.52742,1.00000,0.34747,0.10833,0.23445,0.22300,0.57522,0.56160
intent_ambiguity,0.6,active_entropy_query_policy,6,120,0.42500,0.59424,0.08333,0.42614,0.26317,0.52769,1.00000,0.35273,0.15833,0.21017,0.18506,0.56009,0.54880
intent_ambiguity,0.6,active_entropy_query_policy,7,120,0.33333,0.45326,0.07500,0.39560,0.32834,0.49408,1.00000,0.33319,0.11667,0.25820,0.22560,0.58972,0.44011
intent_ambiguity,0.6,active_entropy_query_policy,8,120,0.43333,0.54930,0.05833,0.40032,0.32490,0.50549,1.00000,0.33620,0.10000,0.26305,0.22769,0.59825,0.57634
intent_ambiguity,0.6,active_entropy_query_policy,9,120,0.45833,0.60477,0.04167,0.42640,0.29254,0.52156,1.00000,0.35289,0.11667,0.23624,0.21307,0.56834,0.61739
intent_ambiguity,0.6,full_demo_imitation,0,120,0.30833,0.29249,0.06667,0.51140,0.57175,0.54920,1.00000,0.75730,0.10000,0.22718,0.33241,0.46718,0.37069
intent_ambiguity,0.6,full_demo_imitation,1,120,0.24167,0.21905,0.08333,0.47473,0.58096,0.54388,1.00000,0.73383,0.18333,0.22808,0.33726,0.49891,0.25782
intent_ambiguity,0.6,full_demo_imitation,2,120,0.32500,0.33533,0.05000,0.50916,0.59710,0.56925,1.00000,0.75586,0.13333,0.23059,0.33244,0.45187,0.39802
intent_ambiguity,0.6,full_demo_imitation,3,120,0.28333,0.28937,0.06667,0.49612,0.53992,0.54874,1.00000,0.74751,0.19167,0.21353,0.30993,0.45497,0.31911
intent_ambiguity,0.6,full_demo_imitation,4,120,0.35000,0.33724,0.07500,0.52283,0.51886,0.54946,1.00000,0.76461,0.09167,0.20541,0.30335,0.46081,0.41959
intent_ambiguity,0.6,full_demo_imitation,5,120,0.26667,0.25557,0.06667,0.52883,0.57663,0.58071,1.00000,0.76845,0.10000,0.21734,0.31979,0.44306,0.32329
intent_ambiguity,0.6,full_demo_imitation,6,120,0.31667,0.33294,0.13333,0.52751,0.51686,0.57044,1.00000,0.76760,0.13333,0.20780,0.28276,0.42883,0.34430
intent_ambiguity,0.6,full_demo_imitation,7,120,0.29167,0.31113,0.07500,0.48682,0.59521,0.53762,1.00000,0.74157,0.15000,0.23171,0.31690,0.47902,0.33959
intent_ambiguity,0.6,full_demo_imitation,8,120,0.33333,0.30014,0.07500,0.49227,0.55696,0.56333,1.00000,0.74505,0.13333,0.23169,0.31799,0.48416,0.38694
intent_ambiguity,0.6,full_demo_imitation,9,120,0.30000,0.32243,0.02500,0.54663,0.57351,0.56877,1.00000,0.77984,0.14167,0.22514,0.31000,0.42868,0.37855
intent_ambiguity,0.6,minimum_intervention_boundary_learner_v5,0,120,0.53333,0.69254,0.02500,0.49098,0.19389,0.51799,1.00000,0.39423,0.00833,0.12010,0.12940,0.51237,0.74558
intent_ambiguity,0.6,minimum_intervention_boundary_learner_v5,1,120,0.39167,0.52260,0.05833,0.48490,0.19281,0.51749,1.00000,0.39034,0.02500,0.10450,0.12769,0.50752,0.54439
intent_ambiguity,0.6,minimum_intervention_boundary_learner_v5,2,120,0.46667,0.65181,0.05000,0.47552,0.19253,0.51582,1.00000,0.38433,0.00000,0.11257,0.13784,0.50820,0.65924
intent_ambiguity,0.6,minimum_intervention_boundary_learner_v5,3,120,0.50833,0.69135,0.05000,0.45738,0.20893,0.52213,1.00000,0.37273,0.00833,0.11668,0.13960,0.51277,0.70884
intent_ambiguity,0.6,minimum_intervention_boundary_learner_v5,4,120,0.49167,0.66012,0.05833,0.51548,0.16336,0.51850,1.00000,0.40991,0.00833,0.09092,0.11339,0.48064,0.67722
intent_ambiguity,0.6,minimum_intervention_boundary_learner_v5,5,120,0.50000,0.67761,0.05833,0.48301,0.18680,0.52810,1.00000,0.38913,0.00000,0.10579,0.13718,0.51123,0.69544
intent_ambiguity,0.6,minimum_intervention_boundary_learner_v5,6,120,0.42500,0.59413,0.04167,0.48259,0.19490,0.53137,1.00000,0.38886,0.00833,0.10650,0.11412,0.49717,0.60815
intent_ambiguity,0.6,minimum_intervention_boundary_learner_v5,7,120,0.46667,0.64290,0.03333,0.46572,0.21767,0.49483,1.00000,0.37806,0.02500,0.13086,0.13798,0.51766,0.65697
intent_ambiguity,0.6,minimum_intervention_boundary_learner_v5,8,120,0.45000,0.61128,0.06667,0.47348,0.21788,0.50969,1.00000,0.38303,0.00000,0.12574,0.14049,0.52119,0.62490
intent_ambiguity,0.6,minimum_intervention_boundary_learner_v5,9,120,0.44167,0.58185,0.05000,0.48738,0.19156,0.52414,1.00000,0.39192,0.05833,0.11044,0.12921,0.50493,0.60309
intent_ambiguity,0.6,oracle_minimal_correction,0,120,0.60000,0.81513,0.02500,0.52906,0.12429,0.52105,1.00000,0.41860,0.01667,0.37358,0.03501,0.47458,0.83429
intent_ambiguity,0.6,oracle_minimal_correction,1,120,0.60000,0.80689,0.06667,0.52051,0.13512,0.52426,1.00000,0.41313,0.00833,0.36574,0.03603,0.47594,0.81388
intent_ambiguity,0.6,oracle_minimal_correction,2,120,0.63333,0.88861,0.05000,0.52061,0.10811,0.51955,1.00000,0.41319,0.01667,0.36071,0.03478,0.46780,0.87050
intent_ambiguity,0.6,oracle_minimal_correction,3,120,0.61667,0.88167,0.04167,0.49932,0.11273,0.52769,1.00000,0.39956,0.00000,0.36334,0.03478,0.46974,0.86307
intent_ambiguity,0.6,oracle_minimal_correction,4,120,0.59167,0.78387,0.07500,0.53475,0.10878,0.52490,1.00000,0.42224,0.00000,0.36218,0.03439,0.46353,0.79753
intent_ambiguity,0.6,oracle_minimal_correction,5,120,0.60000,0.81535,0.04167,0.53022,0.11712,0.53178,1.00000,0.41934,0.00833,0.36063,0.03397,0.46785,0.82903
intent_ambiguity,0.6,oracle_minimal_correction,6,120,0.53333,0.75032,0.02500,0.50645,0.13239,0.53608,1.00000,0.40413,0.00000,0.37088,0.03346,0.47436,0.76063
intent_ambiguity,0.6,oracle_minimal_correction,7,120,0.58333,0.82686,0.03333,0.50702,0.13116,0.49971,1.00000,0.40449,0.00000,0.38183,0.03543,0.47518,0.81843
intent_ambiguity,0.6,oracle_minimal_correction,8,120,0.58333,0.77644,0.05000,0.52209,0.12589,0.51444,1.00000,0.41414,0.00000,0.37801,0.03411,0.47294,0.80004
intent_ambiguity,0.6,oracle_minimal_correction,9,120,0.57500,0.77342,0.07500,0.52422,0.12788,0.52960,1.00000,0.41550,0.00000,0.37085,0.03400,0.47411,0.78001
intent_ambiguity,0.6,residual_correction_learner,0,120,0.30000,0.33605,0.05833,0.33713,0.57433,0.51812,1.00000,0.29576,0.11667,0.28799,0.35891,0.65420,0.39769
intent_ambiguity,0.6,residual_correction_learner,1,120,0.25833,0.30737,0.05000,0.34220,0.56538,0.50562,1.00000,0.29901,0.14167,0.27685,0.34682,0.63812,0.34447
intent_ambiguity,0.6,residual_correction_learner,2,120,0.35000,0.38945,0.05000,0.33737,0.59832,0.53058,1.00000,0.29592,0.11667,0.27702,0.34798,0.64045,0.46470
intent_ambiguity,0.6,residual_correction_learner,3,120,0.25000,0.29550,0.01667,0.33359,0.57384,0.53099,1.00000,0.29350,0.11667,0.27460,0.34157,0.63243,0.36112
intent_ambiguity,0.6,residual_correction_learner,4,120,0.37500,0.40210,0.05833,0.34877,0.52523,0.52546,1.00000,0.30321,0.11667,0.25451,0.33009,0.63674,0.48696
intent_ambiguity,0.6,residual_correction_learner,5,120,0.20833,0.23385,0.06667,0.35170,0.55772,0.53784,1.00000,0.30509,0.15000,0.26744,0.33930,0.62584,0.27060
intent_ambiguity,0.6,residual_correction_learner,6,120,0.35000,0.38455,0.05000,0.35801,0.52791,0.52778,1.00000,0.30913,0.15833,0.25633,0.31544,0.61832,0.44988
intent_ambiguity,0.6,residual_correction_learner,7,120,0.28333,0.32273,0.04167,0.32595,0.61214,0.51105,1.00000,0.28861,0.14167,0.28263,0.33830,0.64177,0.37854
intent_ambiguity,0.6,residual_correction_learner,8,120,0.25833,0.28946,0.02500,0.32751,0.56916,0.53035,1.00000,0.28961,0.18333,0.28461,0.34044,0.65926,0.34656
intent_ambiguity,0.6,residual_correction_learner,9,120,0.27500,0.30790,0.07500,0.36634,0.56153,0.53077,1.00000,0.31446,0.16667,0.26367,0.32640,0.61934,0.34289
intent_ambiguity,0.6,robust_mpc_correction,0,120,0.58333,0.81469,0.06667,0.58159,0.10784,0.50404,1.00000,0.45222,0.01667,0.04262,0.05471,0.42244,0.78953
intent_ambiguity,0.6,robust_mpc_correction,1,120,0.47500,0.66029,0.04167,0.56921,0.12089,0.50194,1.00000,0.44429,0.03333,0.04515,0.05963,0.42382,0.65571
intent_ambiguity,0.6,robust_mpc_correction,2,120,0.53333,0.72742,0.08333,0.56498,0.10322,0.50183,1.00000,0.44159,0.02500,0.03937,0.05879,0.41940,0.70937
intent_ambiguity,0.6,robust_mpc_correction,3,120,0.59167,0.86816,0.05833,0.54407,0.10901,0.50641,1.00000,0.42820,0.03333,0.04217,0.06141,0.42316,0.81072
intent_ambiguity,0.6,robust_mpc_correction,4,120,0.60833,0.86675,0.04167,0.58912,0.09641,0.50337,1.00000,0.45703,0.04167,0.02953,0.05311,0.41067,0.83109
intent_ambiguity,0.6,robust_mpc_correction,5,120,0.62500,0.86618,0.07500,0.57429,0.10793,0.51250,1.00000,0.44755,0.01667,0.04084,0.06130,0.42241,0.83950
intent_ambiguity,0.6,robust_mpc_correction,6,120,0.60833,0.85082,0.04167,0.55368,0.11864,0.51669,1.00000,0.43436,0.03333,0.04853,0.05662,0.42361,0.83332
intent_ambiguity,0.6,robust_mpc_correction,7,120,0.49167,0.71030,0.04167,0.55453,0.11292,0.48038,1.00000,0.43490,0.01667,0.05274,0.06198,0.42791,0.68587
intent_ambiguity,0.6,robust_mpc_correction,8,120,0.58333,0.82736,0.04167,0.57173,0.10684,0.49318,1.00000,0.44591,0.04167,0.04773,0.05355,0.42329,0.79723
intent_ambiguity,0.6,robust_mpc_correction,9,120,0.52500,0.71327,0.05000,0.56758,0.11922,0.51024,1.00000,0.44325,0.04167,0.05147,0.06395,0.42836,0.71206
intent_ambiguity,0.6,uncertainty_query_policy,0,120,0.35000,0.37041,0.05000,0.47412,0.39894,0.53002,1.00000,0.38344,0.13333,0.24569,0.27570,0.51183,0.44540
intent_ambiguity,0.6,uncertainty_query_policy,1,120,0.40000,0.41860,0.03333,0.43922,0.40733,0.52100,1.00000,0.36110,0.13333,0.25120,0.28335,0.54295,0.51605
intent_ambiguity,0.6,uncertainty_query_policy,2,120,0.34167,0.37554,0.03333,0.45395,0.42647,0.54427,1.00000,0.37052,0.12500,0.25153,0.28043,0.51574,0.45182
intent_ambiguity,0.6,uncertainty_query_policy,3,120,0.36667,0.44441,0.10000,0.43898,0.39833,0.53385,1.00000,0.36095,0.11667,0.24004,0.26987,0.52267,0.45906
intent_ambiguity,0.6,uncertainty_query_policy,4,120,0.33333,0.38252,0.07500,0.48039,0.36162,0.52427,1.00000,0.38745,0.12500,0.22097,0.25725,0.50601,0.41951
intent_ambiguity,0.6,uncertainty_query_policy,5,120,0.40000,0.46408,0.03333,0.47463,0.41137,0.55443,1.00000,0.38376,0.10833,0.23629,0.27070,0.50063,0.53427
intent_ambiguity,0.6,uncertainty_query_policy,6,120,0.41667,0.49099,0.06667,0.46583,0.35894,0.55164,1.00000,0.37813,0.13333,0.21422,0.23903,0.50155,0.53246
intent_ambiguity,0.6,uncertainty_query_policy,7,120,0.33333,0.38108,0.07500,0.43882,0.42642,0.51594,1.00000,0.36084,0.20000,0.25771,0.27311,0.53195,0.39960
intent_ambiguity,0.6,uncertainty_query_policy,8,120,0.36667,0.40471,0.07500,0.44960,0.40598,0.53254,1.00000,0.36774,0.09167,0.25552,0.26745,0.53205,0.47032
intent_ambiguity,0.6,uncertainty_query_policy,9,120,0.32500,0.36991,0.04167,0.49021,0.40269,0.54699,1.00000,0.39373,0.13333,0.23239,0.26329,0.49007,0.42527
intent_ambiguity,0.8,active_entropy_query_policy,0,120,0.39167,0.53461,0.02500,0.41519,0.30108,0.48491,1.00000,0.34572,0.10000,0.22963,0.21231,0.57003,0.54426
intent_ambiguity,0.8,active_entropy_query_policy,1,120,0.35833,0.47913,0.05000,0.38333,0.34509,0.48402,1.00000,0.32533,0.08333,0.25024,0.22835,0.60097,0.49274
intent_ambiguity,0.8,active_entropy_query_policy,2,120,0.36667,0.48597,0.07500,0.37666,0.32737,0.47249,1.00000,0.32106,0.12500,0.26091,0.21746,0.60029,0.47657
intent_ambiguity,0.8,active_entropy_query_policy,3,120,0.36667,0.48596,0.00833,0.41409,0.28479,0.49399,1.00000,0.34502,0.09167,0.22941,0.21640,0.57397,0.52097
intent_ambiguity,0.8,active_entropy_query_policy,4,120,0.41667,0.54894,0.05000,0.39923,0.29264,0.49339,1.00000,0.33550,0.10000,0.23511,0.23883,0.58672,0.56181
intent_ambiguity,0.8,active_entropy_query_policy,5,120,0.41667,0.56597,0.05833,0.40636,0.30172,0.46482,1.00000,0.34007,0.10833,0.24320,0.22708,0.58133,0.55470
intent_ambiguity,0.8,active_entropy_query_policy,6,120,0.37500,0.53897,0.08333,0.39916,0.30218,0.46296,1.00000,0.33546,0.13333,0.24051,0.21069,0.57619,0.48680
intent_ambiguity,0.8,active_entropy_query_policy,7,120,0.37500,0.47783,0.08333,0.40363,0.31404,0.50507,1.00000,0.33832,0.09167,0.23885,0.22541,0.58763,0.49094
intent_ambiguity,0.8,active_entropy_query_policy,8,120,0.40000,0.52245,0.05833,0.40107,0.31133,0.47424,1.00000,0.33669,0.10000,0.24940,0.20900,0.58784,0.53250
intent_ambiguity,0.8,active_entropy_query_policy,9,120,0.41667,0.56543,0.05000,0.41145,0.30194,0.47760,1.00000,0.34333,0.10000,0.23660,0.21728,0.57223,0.56231
intent_ambiguity,0.8,full_demo_imitation,0,120,0.27500,0.25981,0.08333,0.51048,0.60279,0.54294,1.00000,0.75671,0.11667,0.21906,0.31449,0.46214,0.31580
intent_ambiguity,0.8,full_demo_imitation,1,120,0.30833,0.27749,0.09167,0.51069,0.65120,0.54037,1.00000,0.75684,0.22500,0.22428,0.32210,0.45595,0.31770
intent_ambiguity,0.8,full_demo_imitation,2,120,0.28333,0.29158,0.04167,0.49017,0.65284,0.53948,1.00000,0.74371,0.11667,0.23370,0.31865,0.45365,0.35249
intent_ambiguity,0.8,full_demo_imitation,3,120,0.32500,0.30420,0.05833,0.50391,0.56781,0.55031,1.00000,0.75250,0.22500,0.22617,0.32538,0.46563,0.35955
intent_ambiguity,0.8,full_demo_imitation,4,120,0.35833,0.36426,0.04167,0.47538,0.58866,0.53294,1.00000,0.73424,0.10000,0.22960,0.35168,0.49808,0.44995
intent_ambiguity,0.8,full_demo_imitation,5,120,0.18333,0.15886,0.06667,0.49648,0.62040,0.54303,1.00000,0.74775,0.11667,0.23728,0.34870,0.46301,0.21104
intent_ambiguity,0.8,full_demo_imitation,6,120,0.20000,0.21407,0.09167,0.48373,0.58494,0.51749,1.00000,0.73959,0.13333,0.22415,0.31634,0.46629,0.21940
intent_ambiguity,0.8,full_demo_imitation,7,120,0.30000,0.31306,0.08333,0.51155,0.56845,0.54640,1.00000,0.75739,0.15000,0.22251,0.32516,0.45851,0.34342
intent_ambiguity,0.8,full_demo_imitation,8,120,0.30000,0.26564,0.05833,0.50229,0.56419,0.53951,1.00000,0.75146,0.13333,0.21781,0.31601,0.45995,0.35009
intent_ambiguity,0.8,full_demo_imitation,9,120,0.27500,0.25678,0.05833,0.51574,0.59759,0.54119,1.00000,0.76007,0.14167,0.21594,0.31581,0.45815,0.32055
intent_ambiguity,0.8,minimum_intervention_boundary_learner_v5,0,120,0.54167,0.72288,0.04167,0.48521,0.17600,0.48974,1.00000,0.39053,0.00833,0.12015,0.11906,0.49335,0.74746
intent_ambiguity,0.8,minimum_intervention_boundary_learner_v5,1,120,0.38333,0.50037,0.03333,0.44874,0.22443,0.48138,1.00000,0.36720,0.02500,0.12039,0.13576,0.52215,0.54124
intent_ambiguity,0.8,minimum_intervention_boundary_learner_v5,2,120,0.45833,0.65611,0.05000,0.45050,0.21908,0.47679,1.00000,0.36832,0.00833,0.11710,0.12671,0.51630,0.64557
intent_ambiguity,0.8,minimum_intervention_boundary_learner_v5,3,120,0.52500,0.72353,0.05833,0.48786,0.17399,0.49617,1.00000,0.39223,0.01667,0.10414,0.11896,0.49494,0.72077
intent_ambiguity,0.8,minimum_intervention_boundary_learner_v5,4,120,0.45833,0.64214,0.05833,0.47823,0.18256,0.49759,1.00000,0.38607,0.00833,0.11101,0.14198,0.50322,0.63941
intent_ambiguity,0.8,minimum_intervention_boundary_learner_v5,5,120,0.49167,0.70827,0.06667,0.48645,0.18108,0.46904,1.00000,0.39133,0.00833,0.12409,0.12418,0.49403,0.67855
intent_ambiguity,0.8,minimum_intervention_boundary_learner_v5,6,120,0.44167,0.59652,0.03333,0.46836,0.20585,0.46780,1.00000,0.37975,0.04167,0.12288,0.11951,0.50194,0.61272
intent_ambiguity,0.8,minimum_intervention_boundary_learner_v5,7,120,0.44167,0.60607,0.02500,0.47626,0.20357,0.50825,1.00000,0.38481,0.00833,0.11190,0.13322,0.50949,0.63390
intent_ambiguity,0.8,minimum_intervention_boundary_learner_v5,8,120,0.47500,0.63895,0.07500,0.47616,0.21458,0.47722,1.00000,0.38474,0.02500,0.12428,0.12251,0.50563,0.63958
intent_ambiguity,0.8,minimum_intervention_boundary_learner_v5,9,120,0.54167,0.76124,0.05000,0.48358,0.16976,0.48256,1.00000,0.38949,0.01667,0.11338,0.12046,0.49446,0.74840
intent_ambiguity,0.8,oracle_minimal_correction,0,120,0.60833,0.84856,0.02500,0.51229,0.11050,0.50565,1.00000,0.40787,0.00833,0.36701,0.03518,0.46841,0.85048
intent_ambiguity,0.8,oracle_minimal_correction,1,120,0.63333,0.89231,0.06667,0.48763,0.13871,0.49096,1.00000,0.39208,0.00833,0.38141,0.03564,0.47786,0.86272
intent_ambiguity,0.8,oracle_minimal_correction,2,120,0.63333,0.87984,0.04167,0.48596,0.16309,0.49088,1.00000,0.39102,0.01667,0.39760,0.03634,0.48363,0.87096
intent_ambiguity,0.8,oracle_minimal_correction,3,120,0.59167,0.81503,0.04167,0.51128,0.11615,0.50933,1.00000,0.40722,0.00000,0.36750,0.03471,0.47241,0.82081
intent_ambiguity,0.8,oracle_minimal_correction,4,120,0.60833,0.83413,0.07500,0.52326,0.09383,0.51077,1.00000,0.41489,0.00000,0.34518,0.03583,0.46183,0.82366
intent_ambiguity,0.8,oracle_minimal_correction,5,120,0.60000,0.81793,0.04167,0.51453,0.11154,0.48375,1.00000,0.40930,0.00000,0.36731,0.03690,0.46919,0.82621
intent_ambiguity,0.8,oracle_minimal_correction,6,120,0.51667,0.72121,0.03333,0.49269,0.14244,0.48444,1.00000,0.39532,0.01667,0.38665,0.03568,0.48081,0.72256
intent_ambiguity,0.8,oracle_minimal_correction,7,120,0.56667,0.79790,0.04167,0.51432,0.11868,0.52080,1.00000,0.40917,0.00833,0.36546,0.03425,0.46912,0.79095
intent_ambiguity,0.8,oracle_minimal_correction,8,120,0.57500,0.78769,0.05000,0.50375,0.13828,0.49145,1.00000,0.40240,0.00000,0.39059,0.03478,0.47749,0.79195
intent_ambiguity,0.8,oracle_minimal_correction,9,120,0.60000,0.81458,0.08333,0.51789,0.11537,0.49661,1.00000,0.41145,0.00000,0.36780,0.03454,0.46585,0.80521
intent_ambiguity,0.8,residual_correction_learner,0,120,0.33333,0.41324,0.05833,0.36013,0.57314,0.50355,1.00000,0.31048,0.10000,0.25957,0.32663,0.61413,0.44811
intent_ambiguity,0.8,residual_correction_learner,1,120,0.24167,0.25957,0.04167,0.34577,0.62561,0.52899,1.00000,0.30129,0.18333,0.27210,0.33577,0.63139,0.31255
intent_ambiguity,0.8,residual_correction_learner,2,120,0.27500,0.27060,0.04167,0.32661,0.63257,0.50270,1.00000,0.28903,0.12500,0.29220,0.33924,0.64342,0.36238
intent_ambiguity,0.8,residual_correction_learner,3,120,0.25833,0.27997,0.01667,0.33630,0.57696,0.51741,1.00000,0.29523,0.14167,0.28105,0.35059,0.64588,0.35787
intent_ambiguity,0.8,residual_correction_learner,4,120,0.29167,0.33765,0.06667,0.32770,0.58478,0.51292,1.00000,0.28973,0.10000,0.27715,0.36778,0.65279,0.38957
intent_ambiguity,0.8,residual_correction_learner,5,120,0.16667,0.17139,0.05833,0.32404,0.58092,0.49071,1.00000,0.28738,0.14167,0.28699,0.35966,0.65489,0.21798
intent_ambiguity,0.8,residual_correction_learner,6,120,0.26667,0.32969,0.05833,0.33144,0.57270,0.48763,1.00000,0.29212,0.17500,0.27229,0.33122,0.62690,0.34146
intent_ambiguity,0.8,residual_correction_learner,7,120,0.29167,0.33139,0.05000,0.34324,0.54852,0.52679,1.00000,0.29968,0.12500,0.26619,0.33454,0.63745,0.39044
intent_ambiguity,0.8,residual_correction_learner,8,120,0.25000,0.27370,0.03333,0.31727,0.59455,0.50428,1.00000,0.28306,0.15833,0.28919,0.34528,0.66241,0.33449
intent_ambiguity,0.8,residual_correction_learner,9,120,0.29167,0.29870,0.05833,0.35787,0.59778,0.51466,1.00000,0.30903,0.17500,0.26340,0.33256,0.61633,0.36186
intent_ambiguity,0.8,robust_mpc_correction,0,120,0.60833,0.85226,0.06667,0.56887,0.10384,0.47974,1.00000,0.44408,0.02500,0.03191,0.05232,0.40979,0.81704
intent_ambiguity,0.8,robust_mpc_correction,1,120,0.47500,0.69457,0.04167,0.53407,0.12217,0.47266,1.00000,0.42181,0.05000,0.05036,0.05733,0.42953,0.65608
intent_ambiguity,0.8,robust_mpc_correction,2,120,0.54167,0.77297,0.08333,0.54452,0.10489,0.46668,1.00000,0.42849,0.00833,0.04816,0.05087,0.41925,0.72840
intent_ambiguity,0.8,robust_mpc_correction,3,120,0.61667,0.88615,0.06667,0.57131,0.09993,0.48646,1.00000,0.44564,0.03333,0.02999,0.05550,0.41109,0.83136
intent_ambiguity,0.8,robust_mpc_correction,4,120,0.59167,0.85839,0.03333,0.56787,0.10431,0.48797,1.00000,0.44344,0.04167,0.02933,0.06084,0.41426,0.81571
intent_ambiguity,0.8,robust_mpc_correction,5,120,0.62500,0.89889,0.07500,0.56584,0.10592,0.45873,1.00000,0.44214,0.05000,0.03977,0.05776,0.41731,0.83036
intent_ambiguity,0.8,robust_mpc_correction,6,120,0.57500,0.83039,0.04167,0.54872,0.11111,0.45726,1.00000,0.43118,0.02500,0.04626,0.05177,0.41855,0.78999
intent_ambiguity,0.8,robust_mpc_correction,7,120,0.51667,0.76611,0.04167,0.56382,0.11515,0.49916,1.00000,0.44085,0.01667,0.03858,0.05712,0.41889,0.72487
intent_ambiguity,0.8,robust_mpc_correction,8,120,0.57500,0.82123,0.04167,0.56479,0.10014,0.46690,1.00000,0.44146,0.04167,0.04153,0.04944,0.41302,0.78382
intent_ambiguity,0.8,robust_mpc_correction,9,120,0.53333,0.73721,0.05000,0.56521,0.10860,0.47265,1.00000,0.44174,0.03333,0.04122,0.05745,0.41691,0.72260
intent_ambiguity,0.8,uncertainty_query_policy,0,120,0.35833,0.41306,0.04167,0.45562,0.41942,0.51576,1.00000,0.37160,0.17500,0.23300,0.26646,0.51836,0.45479
intent_ambiguity,0.8,uncertainty_query_policy,1,120,0.37500,0.38113,0.04167,0.43726,0.46863,0.51538,1.00000,0.35985,0.15833,0.24891,0.27934,0.53001,0.47015
intent_ambiguity,0.8,uncertainty_query_policy,2,120,0.33333,0.37090,0.03333,0.43048,0.44957,0.51058,1.00000,0.35551,0.14167,0.25916,0.26701,0.52251,0.43443
intent_ambiguity,0.8,uncertainty_query_policy,3,120,0.40000,0.46192,0.08333,0.45423,0.40578,0.52254,1.00000,0.37070,0.10000,0.24210,0.27905,0.51792,0.50743
intent_ambiguity,0.8,uncertainty_query_policy,4,120,0.25000,0.29981,0.06667,0.42515,0.41891,0.51108,1.00000,0.35210,0.13333,0.25028,0.29974,0.55070,0.32209
intent_ambiguity,0.8,uncertainty_query_policy,5,120,0.36667,0.41058,0.04167,0.45472,0.41947,0.50318,1.00000,0.37102,0.11667,0.24687,0.28325,0.51706,0.47723
intent_ambiguity,0.8,uncertainty_query_policy,6,120,0.43333,0.49480,0.07500,0.44109,0.42109,0.48799,1.00000,0.36230,0.11667,0.24505,0.26938,0.51916,0.54362
intent_ambiguity,0.8,uncertainty_query_policy,7,120,0.36667,0.40081,0.06667,0.45634,0.40795,0.52387,1.00000,0.37206,0.17500,0.24183,0.27403,0.52066,0.44857
intent_ambiguity,0.8,uncertainty_query_policy,8,120,0.32500,0.36536,0.08333,0.45570,0.40403,0.50274,1.00000,0.37165,0.13333,0.24650,0.26135,0.51552,0.39912
intent_ambiguity,0.8,uncertainty_query_policy,9,120,0.31667,0.34786,0.05833,0.45795,0.41895,0.50585,1.00000,0.37309,0.13333,0.24029,0.26677,0.51255,0.40013
intent_ambiguity,1.0,active_entropy_query_policy,0,120,0.35833,0.49975,0.02500,0.40030,0.30710,0.45253,1.00000,0.33619,0.10833,0.23366,0.20068,0.57962,0.49763
intent_ambiguity,1.0,active_entropy_query_policy,1,120,0.32500,0.43168,0.05000,0.38620,0.32328,0.42762,1.00000,0.32717,0.06667,0.25647,0.24487,0.59934,0.44614
intent_ambiguity,1.0,active_entropy_query_policy,2,120,0.38333,0.48407,0.10000,0.40688,0.31010,0.44276,1.00000,0.34040,0.12500,0.25489,0.24530,0.59087,0.47461
intent_ambiguity,1.0,active_entropy_query_policy,3,120,0.43333,0.57602,0.02500,0.38372,0.31809,0.44331,1.00000,0.32558,0.10000,0.25916,0.23226,0.59367,0.59172
intent_ambiguity,1.0,active_entropy_query_policy,4,120,0.40833,0.50946,0.05000,0.39058,0.33862,0.45344,1.00000,0.32997,0.11667,0.26223,0.24282,0.60546,0.53612
intent_ambiguity,1.0,active_entropy_query_policy,5,120,0.38333,0.51477,0.05833,0.42112,0.30093,0.45301,1.00000,0.34951,0.11667,0.24851,0.22404,0.58175,0.50583
intent_ambiguity,1.0,active_entropy_query_policy,6,120,0.35000,0.49532,0.09167,0.40804,0.30846,0.44906,1.00000,0.34114,0.15833,0.23345,0.21390,0.56832,0.43841
intent_ambiguity,1.0,active_entropy_query_policy,7,120,0.32500,0.42992,0.08333,0.38039,0.34786,0.44659,1.00000,0.32345,0.11667,0.26070,0.23946,0.60438,0.41730
intent_ambiguity,1.0,active_entropy_query_policy,8,120,0.38333,0.52172,0.06667,0.40387,0.31277,0.44536,1.00000,0.33848,0.10000,0.24718,0.21838,0.58558,0.50739
intent_ambiguity,1.0,active_entropy_query_policy,9,120,0.40000,0.51726,0.04167,0.40177,0.33117,0.47085,1.00000,0.33714,0.09167,0.25902,0.25361,0.60321,0.54266
intent_ambiguity,1.0,full_demo_imitation,0,120,0.25833,0.26889,0.05000,0.51895,0.59542,0.51208,1.00000,0.76213,0.10833,0.21160,0.29906,0.44133,0.31550
intent_ambiguity,1.0,full_demo_imitation,1,120,0.27500,0.24134,0.09167,0.46032,0.65247,0.51822,1.00000,0.72461,0.20000,0.23726,0.36120,0.51025,0.28470
intent_ambiguity,1.0,full_demo_imitation,2,120,0.21667,0.21188,0.05833,0.51553,0.59851,0.54592,1.00000,0.75994,0.10000,0.23365,0.34778,0.46071,0.26476
intent_ambiguity,1.0,full_demo_imitation,3,120,0.30833,0.28780,0.07500,0.45913,0.67203,0.51675,1.00000,0.72385,0.20833,0.24757,0.35349,0.49470,0.33366
intent_ambiguity,1.0,full_demo_imitation,4,120,0.34167,0.30306,0.05833,0.50599,0.62434,0.54616,1.00000,0.75384,0.09167,0.22982,0.34463,0.46507,0.41267
intent_ambiguity,1.0,full_demo_imitation,5,120,0.25000,0.24259,0.07500,0.50213,0.55386,0.52043,1.00000,0.75136,0.07500,0.22581,0.33091,0.49223,0.30183
intent_ambiguity,1.0,full_demo_imitation,6,120,0.26667,0.29211,0.10833,0.50654,0.63268,0.51901,1.00000,0.75419,0.10833,0.22512,0.32439,0.44357,0.29998
intent_ambiguity,1.0,full_demo_imitation,7,120,0.23333,0.23504,0.08333,0.48245,0.64305,0.52402,1.00000,0.73877,0.14167,0.23195,0.33809,0.47930,0.26088
intent_ambiguity,1.0,full_demo_imitation,8,120,0.30833,0.27901,0.05833,0.48877,0.61371,0.53600,1.00000,0.74281,0.15000,0.22569,0.32798,0.48649,0.35796
intent_ambiguity,1.0,full_demo_imitation,9,120,0.21667,0.18334,0.05000,0.47791,0.63228,0.54764,1.00000,0.73586,0.13333,0.24231,0.35970,0.50945,0.25722
intent_ambiguity,1.0,minimum_intervention_boundary_learner_v5,0,120,0.50833,0.70680,0.04167,0.46840,0.19942,0.45722,1.00000,0.37978,0.00833,0.12443,0.11511,0.50498,0.70743
intent_ambiguity,1.0,minimum_intervention_boundary_learner_v5,1,120,0.37500,0.52967,0.04167,0.47475,0.17315,0.43161,1.00000,0.38384,0.00833,0.12535,0.13278,0.50068,0.53140
intent_ambiguity,1.0,minimum_intervention_boundary_learner_v5,2,120,0.47500,0.64316,0.05000,0.49031,0.18410,0.44391,1.00000,0.39380,0.01667,0.12503,0.14124,0.50470,0.65105
intent_ambiguity,1.0,minimum_intervention_boundary_learner_v5,3,120,0.50000,0.67832,0.05833,0.47360,0.17276,0.44653,1.00000,0.38310,0.01667,0.12364,0.11887,0.49860,0.67997
intent_ambiguity,1.0,minimum_intervention_boundary_learner_v5,4,120,0.45833,0.62725,0.06667,0.47078,0.20376,0.45430,1.00000,0.38130,0.01667,0.13080,0.13717,0.51678,0.62473
intent_ambiguity,1.0,minimum_intervention_boundary_learner_v5,5,120,0.43333,0.60564,0.05000,0.49786,0.18793,0.45469,1.00000,0.39863,0.00833,0.12953,0.12865,0.50589,0.60471
intent_ambiguity,1.0,minimum_intervention_boundary_learner_v5,6,120,0.47500,0.67817,0.04167,0.48225,0.18371,0.45300,1.00000,0.38864,0.03333,0.12824,0.11425,0.48668,0.65893
intent_ambiguity,1.0,minimum_intervention_boundary_learner_v5,7,120,0.45000,0.61996,0.03333,0.46190,0.20433,0.44417,1.00000,0.37562,0.02500,0.12647,0.13583,0.51108,0.62845
intent_ambiguity,1.0,minimum_intervention_boundary_learner_v5,8,120,0.45000,0.62851,0.08333,0.48295,0.20300,0.44893,1.00000,0.38909,0.00833,0.12944,0.11903,0.50270,0.60859
intent_ambiguity,1.0,minimum_intervention_boundary_learner_v5,9,120,0.47500,0.67323,0.05000,0.49342,0.18769,0.47442,1.00000,0.39579,0.01667,0.12614,0.14128,0.50679,0.66165
intent_ambiguity,1.0,oracle_minimal_correction,0,120,0.60000,0.79211,0.02500,0.49596,0.14438,0.47861,1.00000,0.39741,0.00833,0.38741,0.03619,0.47919,0.82723
intent_ambiguity,1.0,oracle_minimal_correction,1,120,0.60000,0.84693,0.08333,0.51405,0.10735,0.45150,1.00000,0.40899,0.01667,0.36818,0.03825,0.46542,0.80189
intent_ambiguity,1.0,oracle_minimal_correction,2,120,0.60833,0.81002,0.05000,0.53038,0.10309,0.46045,1.00000,0.41944,0.02500,0.36428,0.03703,0.46707,0.81788
intent_ambiguity,1.0,oracle_minimal_correction,3,120,0.58333,0.82139,0.05833,0.50496,0.12828,0.46463,1.00000,0.40317,0.00000,0.38311,0.03626,0.47197,0.79956
intent_ambiguity,1.0,oracle_minimal_correction,4,120,0.60833,0.83155,0.07500,0.51336,0.12710,0.47261,1.00000,0.40855,0.00000,0.37930,0.03655,0.47471,0.81906
intent_ambiguity,1.0,oracle_minimal_correction,5,120,0.55833,0.76259,0.03333,0.53548,0.11945,0.47000,1.00000,0.42271,0.00000,0.37745,0.03660,0.47143,0.77442
intent_ambiguity,1.0,oracle_minimal_correction,6,120,0.55000,0.78525,0.03333,0.50312,0.12806,0.47260,1.00000,0.40200,0.00000,0.37799,0.03581,0.47085,0.77231
intent_ambiguity,1.0,oracle_minimal_correction,7,120,0.53333,0.75702,0.04167,0.50279,0.11594,0.45955,1.00000,0.40178,0.00000,0.37795,0.03643,0.46991,0.74337
intent_ambiguity,1.0,oracle_minimal_correction,8,120,0.53333,0.75211,0.04167,0.50682,0.14543,0.46793,1.00000,0.40437,0.00000,0.39352,0.03784,0.48071,0.74380
intent_ambiguity,1.0,oracle_minimal_correction,9,120,0.58333,0.78271,0.08333,0.54021,0.11128,0.49188,1.00000,0.42574,0.00000,0.36006,0.03621,0.46432,0.78020
intent_ambiguity,1.0,residual_correction_learner,0,120,0.29167,0.34685,0.05000,0.33622,0.58277,0.48993,1.00000,0.29518,0.09167,0.27159,0.33179,0.63686,0.39856
intent_ambiguity,1.0,residual_correction_learner,1,120,0.15833,0.18549,0.05833,0.31643,0.63145,0.48934,1.00000,0.28252,0.15000,0.29946,0.37832,0.66358,0.21089
intent_ambiguity,1.0,residual_correction_learner,2,120,0.32500,0.35804,0.04167,0.33168,0.59651,0.51283,1.00000,0.29228,0.10833,0.28824,0.36794,0.65342,0.43796
intent_ambiguity,1.0,residual_correction_learner,3,120,0.25000,0.27172,0.01667,0.31847,0.64086,0.49279,1.00000,0.28382,0.14167,0.29650,0.35426,0.64615,0.34504
intent_ambiguity,1.0,residual_correction_learner,4,120,0.30000,0.32073,0.06667,0.32282,0.62573,0.51318,1.00000,0.28660,0.10833,0.29528,0.36288,0.65661,0.39221
intent_ambiguity,1.0,residual_correction_learner,5,120,0.22500,0.25696,0.05833,0.34413,0.59746,0.50916,1.00000,0.30024,0.15000,0.29023,0.35699,0.64858,0.29431
intent_ambiguity,1.0,residual_correction_learner,6,120,0.28333,0.30316,0.04167,0.34714,0.58581,0.49187,1.00000,0.30217,0.13333,0.26595,0.33160,0.61192,0.37197
intent_ambiguity,1.0,residual_correction_learner,7,120,0.25833,0.26242,0.04167,0.32262,0.60183,0.48975,1.00000,0.28648,0.13333,0.28111,0.34893,0.64796,0.34024
intent_ambiguity,1.0,residual_correction_learner,8,120,0.29167,0.32984,0.03333,0.32605,0.62064,0.49976,1.00000,0.28867,0.17500,0.29112,0.34925,0.65680,0.38272
intent_ambiguity,1.0,residual_correction_learner,9,120,0.24167,0.25528,0.09167,0.32557,0.60876,0.52385,1.00000,0.28836,0.16667,0.29172,0.36676,0.66558,0.29190
intent_ambiguity,1.0,robust_mpc_correction,0,120,0.59167,0.85732,0.06667,0.55239,0.10920,0.45186,1.00000,0.43353,0.02500,0.04217,0.05046,0.41908,0.79880
intent_ambiguity,1.0,robust_mpc_correction,1,120,0.44167,0.62364,0.04167,0.55982,0.09762,0.42693,1.00000,0.43829,0.03333,0.03453,0.06017,0.41634,0.60446
intent_ambiguity,1.0,robust_mpc_correction,2,120,0.53333,0.72442,0.08333,0.58057,0.09821,0.43959,1.00000,0.45157,0.02500,0.03642,0.06050,0.41662,0.70003
intent_ambiguity,1.0,robust_mpc_correction,3,120,0.60000,0.86655,0.08333,0.55847,0.10472,0.44201,1.00000,0.43742,0.03333,0.04175,0.05117,0.41564,0.79653
intent_ambiguity,1.0,robust_mpc_correction,4,120,0.57500,0.81043,0.05000,0.56025,0.10831,0.45016,1.00000,0.43856,0.04167,0.04397,0.05656,0.42608,0.77572
intent_ambiguity,1.0,robust_mpc_correction,5,120,0.59167,0.79566,0.06667,0.58846,0.10638,0.45074,1.00000,0.45661,0.05000,0.04065,0.05297,0.42045,0.77712
intent_ambiguity,1.0,robust_mpc_correction,6,120,0.61667,0.92890,0.03333,0.55981,0.10716,0.44778,1.00000,0.43828,0.03333,0.03789,0.05269,0.41035,0.85336
intent_ambiguity,1.0,robust_mpc_correction,7,120,0.52500,0.79867,0.04167,0.55130,0.10239,0.43945,1.00000,0.43283,0.02500,0.04257,0.05652,0.41968,0.73068
intent_ambiguity,1.0,robust_mpc_correction,8,120,0.55000,0.80605,0.04167,0.56843,0.11468,0.44433,1.00000,0.44380,0.03333,0.04300,0.05492,0.41816,0.75503
intent_ambiguity,1.0,robust_mpc_correction,9,120,0.57500,0.78662,0.05000,0.58788,0.11087,0.46943,1.00000,0.45625,0.02500,0.03453,0.06110,0.41673,0.77639
intent_ambiguity,1.0,uncertainty_query_policy,0,120,0.30833,0.33874,0.05000,0.46069,0.40611,0.48167,1.00000,0.37484,0.15000,0.23135,0.24851,0.50445,0.38583
intent_ambiguity,1.0,uncertainty_query_policy,1,120,0.31667,0.33275,0.05000,0.41483,0.44540,0.46754,1.00000,0.34549,0.13333,0.26561,0.30272,0.55958,0.39975
intent_ambiguity,1.0,uncertainty_query_policy,2,120,0.30000,0.33401,0.03333,0.45977,0.42561,0.50217,1.00000,0.37425,0.15000,0.26041,0.29929,0.52509,0.38884
intent_ambiguity,1.0,uncertainty_query_policy,3,120,0.30000,0.32388,0.10000,0.41939,0.45301,0.48439,1.00000,0.34841,0.10833,0.27017,0.29276,0.54377,0.36340
intent_ambiguity,1.0,uncertainty_query_policy,4,120,0.29167,0.33829,0.06667,0.45201,0.44188,0.50729,1.00000,0.36928,0.13333,0.25447,0.28864,0.52759,0.36980
intent_ambiguity,1.0,uncertainty_query_policy,5,120,0.39167,0.44330,0.03333,0.45326,0.40382,0.48634,1.00000,0.37009,0.11667,0.25700,0.28214,0.54168,0.51285
intent_ambiguity,1.0,uncertainty_query_policy,6,120,0.35833,0.41953,0.07500,0.46127,0.45039,0.49118,1.00000,0.37521,0.10833,0.24244,0.27361,0.49368,0.45295
intent_ambiguity,1.0,uncertainty_query_policy,7,120,0.31667,0.32613,0.07500,0.42967,0.46845,0.48377,1.00000,0.35499,0.18333,0.26054,0.28911,0.53903,0.37195
intent_ambiguity,1.0,uncertainty_query_policy,8,120,0.25833,0.27923,0.09167,0.44821,0.42921,0.49014,1.00000,0.36686,0.15000,0.24654,0.27100,0.53155,0.30388
intent_ambiguity,1.0,uncertainty_query_policy,9,120,0.36667,0.36753,0.05000,0.42898,0.45556,0.50965,1.00000,0.35455,0.12500,0.27182,0.31174,0.56481,0.46506
overcorrection_bias,0.0,active_entropy_query_policy,0,120,0.38333,0.48710,0.02500,0.40531,0.29096,0.52391,1.00000,0.33940,0.10000,0.24932,0.24102,0.58716,0.53169
overcorrection_bias,0.0,active_entropy_query_policy,1,120,0.27500,0.34708,0.05000,0.38159,0.33660,0.52868,1.00000,0.32422,0.06667,0.27260,0.25736,0.61531,0.39160
overcorrection_bias,0.0,active_entropy_query_policy,2,120,0.32500,0.42988,0.09167,0.37156,0.34269,0.50515,1.00000,0.31780,0.10000,0.28867,0.26988,0.61621,0.42609
overcorrection_bias,0.0,active_entropy_query_policy,3,120,0.36667,0.49651,0.00833,0.36117,0.33020,0.51147,1.00000,0.31115,0.07500,0.26344,0.25032,0.60721,0.53341
overcorrection_bias,0.0,active_entropy_query_policy,4,120,0.36667,0.48123,0.05000,0.36997,0.33924,0.51602,1.00000,0.31678,0.08333,0.26755,0.23919,0.60555,0.50631
overcorrection_bias,0.0,active_entropy_query_policy,5,120,0.35833,0.47736,0.05000,0.36123,0.36273,0.53498,1.00000,0.31118,0.10833,0.27704,0.24418,0.62264,0.49369
overcorrection_bias,0.0,active_entropy_query_policy,6,120,0.35000,0.44919,0.08333,0.35593,0.35043,0.52310,1.00000,0.30780,0.16667,0.28200,0.24707,0.62464,0.44420
overcorrection_bias,0.0,active_entropy_query_policy,7,120,0.34167,0.45289,0.07500,0.37134,0.32815,0.51388,1.00000,0.31766,0.09167,0.26258,0.25384,0.60780,0.45954
overcorrection_bias,0.0,active_entropy_query_policy,8,120,0.41667,0.53527,0.06667,0.39060,0.33711,0.51030,1.00000,0.32998,0.09167,0.27656,0.26295,0.60767,0.55597
overcorrection_bias,0.0,active_entropy_query_policy,9,120,0.39167,0.48807,0.04167,0.38446,0.33871,0.53434,1.00000,0.32605,0.10000,0.27882,0.25404,0.61730,0.53503
overcorrection_bias,0.0,full_demo_imitation,0,120,0.26667,0.28804,0.06667,0.45064,0.58680,0.56505,1.00000,0.71841,0.10833,0.24557,0.35749,0.51792,0.33206
overcorrection_bias,0.0,full_demo_imitation,1,120,0.24167,0.20124,0.09167,0.42392,0.66852,0.58190,1.00000,0.70131,0.17500,0.26322,0.39046,0.55515,0.26112
overcorrection_bias,0.0,full_demo_imitation,2,120,0.19167,0.18802,0.04167,0.42743,0.62667,0.56581,1.00000,0.70356,0.13333,0.26378,0.39050,0.53780,0.24282
overcorrection_bias,0.0,full_demo_imitation,3,120,0.26667,0.18831,0.06667,0.44090,0.68371,0.56628,1.00000,0.71217,0.19167,0.25681,0.39111,0.49530,0.28610
overcorrection_bias,0.0,full_demo_imitation,4,120,0.32500,0.29541,0.09167,0.46336,0.60346,0.56566,1.00000,0.72655,0.08333,0.24089,0.33236,0.47746,0.38370
overcorrection_bias,0.0,full_demo_imitation,5,120,0.18333,0.20086,0.07500,0.43906,0.67644,0.54114,1.00000,0.71100,0.10000,0.25319,0.36471,0.51119,0.22444
overcorrection_bias,0.0,full_demo_imitation,6,120,0.20000,0.16894,0.11667,0.46150,0.64418,0.53647,1.00000,0.72536,0.06667,0.24866,0.35804,0.48730,0.21930
overcorrection_bias,0.0,full_demo_imitation,7,120,0.31667,0.30212,0.06667,0.46309,0.59871,0.54160,1.00000,0.72638,0.13333,0.23542,0.36438,0.48102,0.37291
overcorrection_bias,0.0,full_demo_imitation,8,120,0.25833,0.21532,0.05000,0.44556,0.62625,0.55575,1.00000,0.71516,0.09167,0.25635,0.38139,0.52810,0.32051
overcorrection_bias,0.0,full_demo_imitation,9,120,0.22500,0.19582,0.04167,0.44785,0.60409,0.58376,1.00000,0.71662,0.11667,0.25577,0.36944,0.53577,0.28418
overcorrection_bias,0.0,minimum_intervention_boundary_learner_v5,0,120,0.53333,0.70623,0.03333,0.49515,0.16436,0.52319,1.00000,0.39690,0.00000,0.09834,0.13141,0.49769,0.74641
overcorrection_bias,0.0,minimum_intervention_boundary_learner_v5,1,120,0.40833,0.54574,0.04167,0.47936,0.19615,0.52929,1.00000,0.38679,0.00000,0.12379,0.14756,0.51253,0.58376
overcorrection_bias,0.0,minimum_intervention_boundary_learner_v5,2,120,0.50833,0.71434,0.04167,0.47312,0.18586,0.50911,1.00000,0.38280,0.00833,0.11318,0.13993,0.51102,0.71600
overcorrection_bias,0.0,minimum_intervention_boundary_learner_v5,3,120,0.55833,0.82154,0.05000,0.45542,0.19927,0.51075,1.00000,0.37147,0.00833,0.11396,0.13717,0.50618,0.78573
overcorrection_bias,0.0,minimum_intervention_boundary_learner_v5,4,120,0.47500,0.67539,0.05833,0.45047,0.21221,0.52110,1.00000,0.36830,0.00833,0.11911,0.14123,0.51766,0.66797
overcorrection_bias,0.0,minimum_intervention_boundary_learner_v5,5,120,0.44167,0.60226,0.05000,0.44627,0.24214,0.53640,1.00000,0.36561,0.01667,0.13537,0.14694,0.52985,0.62327
overcorrection_bias,0.0,minimum_intervention_boundary_learner_v5,6,120,0.46667,0.62585,0.04167,0.43807,0.23596,0.52421,1.00000,0.36037,0.01667,0.13367,0.14869,0.53674,0.65679
overcorrection_bias,0.0,minimum_intervention_boundary_learner_v5,7,120,0.45000,0.62396,0.03333,0.45335,0.20587,0.51619,1.00000,0.37014,0.00833,0.11439,0.15372,0.51859,0.64398
overcorrection_bias,0.0,minimum_intervention_boundary_learner_v5,8,120,0.45833,0.62198,0.07500,0.48502,0.19958,0.51366,1.00000,0.39042,0.00000,0.11429,0.14445,0.51037,0.63089
overcorrection_bias,0.0,minimum_intervention_boundary_learner_v5,9,120,0.43333,0.59274,0.05000,0.47558,0.21513,0.53572,1.00000,0.38437,0.00833,0.12617,0.15152,0.52481,0.61399
overcorrection_bias,0.0,oracle_minimal_correction,0,120,0.65000,0.87299,0.02500,0.53194,0.09337,0.52641,1.00000,0.42044,0.01667,0.35066,0.03511,0.46475,0.89714
overcorrection_bias,0.0,oracle_minimal_correction,1,120,0.60833,0.84421,0.06667,0.53045,0.10599,0.53352,1.00000,0.41949,0.00000,0.35919,0.03418,0.46673,0.83321
overcorrection_bias,0.0,oracle_minimal_correction,2,120,0.64167,0.86883,0.04167,0.51867,0.11331,0.51454,1.00000,0.41195,0.00833,0.36237,0.03598,0.46966,0.88065
overcorrection_bias,0.0,oracle_minimal_correction,3,120,0.59167,0.89401,0.05000,0.49689,0.11655,0.51614,1.00000,0.39801,0.00000,0.35816,0.03702,0.46992,0.83503
overcorrection_bias,0.0,oracle_minimal_correction,4,120,0.58333,0.81409,0.06667,0.49656,0.13200,0.52455,1.00000,0.39780,0.00833,0.37277,0.03474,0.47177,0.79931
overcorrection_bias,0.0,oracle_minimal_correction,5,120,0.57500,0.83243,0.04167,0.49554,0.13679,0.54255,1.00000,0.39714,0.00000,0.37683,0.03382,0.47727,0.81299
overcorrection_bias,0.0,oracle_minimal_correction,6,120,0.55000,0.75141,0.02500,0.49929,0.13884,0.52790,1.00000,0.39954,0.00000,0.38057,0.03507,0.47612,0.77676
overcorrection_bias,0.0,oracle_minimal_correction,7,120,0.57500,0.81125,0.04167,0.50931,0.10009,0.52058,1.00000,0.40596,0.00833,0.34941,0.03506,0.46374,0.80207
overcorrection_bias,0.0,oracle_minimal_correction,8,120,0.60000,0.80103,0.04167,0.53154,0.10972,0.51897,1.00000,0.42019,0.00000,0.36003,0.03580,0.46606,0.82642
overcorrection_bias,0.0,oracle_minimal_correction,9,120,0.59167,0.79475,0.07500,0.53626,0.12436,0.53872,1.00000,0.42320,0.00833,0.36750,0.03527,0.47201,0.79977
overcorrection_bias,0.0,residual_correction_learner,0,120,0.29167,0.35173,0.04167,0.29743,0.61861,0.54807,1.00000,0.27035,0.09167,0.30258,0.38751,0.68390,0.41499
overcorrection_bias,0.0,residual_correction_learner,1,120,0.17500,0.17213,0.03333,0.28553,0.65798,0.52994,1.00000,0.26274,0.11667,0.32345,0.40424,0.70034,0.25495
overcorrection_bias,0.0,residual_correction_learner,2,120,0.25833,0.25170,0.04167,0.27360,0.65922,0.53497,1.00000,0.25511,0.09167,0.33356,0.40921,0.70299,0.35959
overcorrection_bias,0.0,residual_correction_learner,3,120,0.20000,0.20215,0.01667,0.27889,0.67373,0.53246,1.00000,0.25849,0.10000,0.31503,0.39846,0.68328,0.29956
overcorrection_bias,0.0,residual_correction_learner,4,120,0.30000,0.30252,0.06667,0.30165,0.61599,0.54241,1.00000,0.27306,0.11667,0.29215,0.35007,0.66032,0.39046
overcorrection_bias,0.0,residual_correction_learner,5,120,0.15000,0.16644,0.06667,0.28330,0.67248,0.52047,1.00000,0.26131,0.14167,0.31529,0.38152,0.67994,0.20218
overcorrection_bias,0.0,residual_correction_learner,6,120,0.26667,0.26472,0.05000,0.28653,0.65662,0.52635,1.00000,0.26338,0.15833,0.30938,0.37416,0.67682,0.34499
overcorrection_bias,0.0,residual_correction_learner,7,120,0.23333,0.22547,0.05000,0.28871,0.61105,0.52572,1.00000,0.26478,0.09167,0.30196,0.38817,0.68298,0.32185
overcorrection_bias,0.0,residual_correction_learner,8,120,0.26667,0.25824,0.03333,0.28942,0.63084,0.52930,1.00000,0.26523,0.15833,0.31890,0.39589,0.69793,0.35358
overcorrection_bias,0.0,residual_correction_learner,9,120,0.20833,0.24394,0.07500,0.29797,0.62017,0.54695,1.00000,0.27070,0.15833,0.31214,0.37849,0.68601,0.27189
overcorrection_bias,0.0,robust_mpc_correction,0,120,0.58333,0.81699,0.05833,0.58369,0.09790,0.50924,1.00000,0.45356,0.01667,0.02850,0.05702,0.41162,0.79444
overcorrection_bias,0.0,robust_mpc_correction,1,120,0.46667,0.64936,0.03333,0.57638,0.10695,0.51475,1.00000,0.44888,0.03333,0.03775,0.06214,0.41839,0.65050
overcorrection_bias,0.0,robust_mpc_correction,2,120,0.53333,0.76392,0.08333,0.56951,0.10168,0.49402,1.00000,0.44449,0.00833,0.03773,0.05461,0.41651,0.72078
overcorrection_bias,0.0,robust_mpc_correction,3,120,0.61667,0.94654,0.05833,0.54102,0.12051,0.49568,1.00000,0.42625,0.03333,0.04411,0.06152,0.42204,0.85160
overcorrection_bias,0.0,robust_mpc_correction,4,120,0.59167,0.88496,0.03333,0.54257,0.10943,0.50492,1.00000,0.42725,0.01667,0.04569,0.06093,0.42567,0.83206
overcorrection_bias,0.0,robust_mpc_correction,5,120,0.61667,0.91436,0.05833,0.54126,0.11795,0.51896,1.00000,0.42641,0.02500,0.05028,0.06095,0.42955,0.85025
overcorrection_bias,0.0,robust_mpc_correction,6,120,0.57500,0.83607,0.05000,0.54182,0.12576,0.50662,1.00000,0.42676,0.01667,0.05819,0.06002,0.43184,0.79652
overcorrection_bias,0.0,robust_mpc_correction,7,120,0.55000,0.81613,0.04167,0.54546,0.10951,0.49918,1.00000,0.42909,0.01667,0.03980,0.06504,0.42511,0.77006
overcorrection_bias,0.0,robust_mpc_correction,8,120,0.55833,0.77730,0.02500,0.57532,0.10173,0.49905,1.00000,0.44820,0.03333,0.03856,0.05989,0.42105,0.77277
overcorrection_bias,0.0,robust_mpc_correction,9,120,0.54167,0.73384,0.05000,0.58472,0.11519,0.52025,1.00000,0.45422,0.01667,0.04326,0.05762,0.42387,0.74083
overcorrection_bias,0.0,uncertainty_query_policy,0,120,0.34167,0.39136,0.05833,0.42407,0.40720,0.53296,1.00000,0.35140,0.16667,0.26387,0.30258,0.55126,0.43180
overcorrection_bias,0.0,uncertainty_query_policy,1,120,0.35833,0.36661,0.03333,0.39785,0.46254,0.55325,1.00000,0.33462,0.09167,0.28546,0.32202,0.59081,0.48239
overcorrection_bias,0.0,uncertainty_query_policy,2,120,0.30000,0.30576,0.03333,0.40111,0.45981,0.52429,1.00000,0.33671,0.12500,0.30401,0.33611,0.56975,0.39643
overcorrection_bias,0.0,uncertainty_query_policy,3,120,0.30000,0.34798,0.09167,0.39991,0.47482,0.53920,1.00000,0.33594,0.10000,0.28825,0.32368,0.54986,0.38336
overcorrection_bias,0.0,uncertainty_query_policy,4,120,0.26667,0.30747,0.06667,0.41184,0.45223,0.53774,1.00000,0.34358,0.12500,0.27601,0.29400,0.53650,0.34591
overcorrection_bias,0.0,uncertainty_query_policy,5,120,0.31667,0.33109,0.03333,0.39868,0.48136,0.52527,1.00000,0.33515,0.10833,0.28946,0.30661,0.56165,0.42313
overcorrection_bias,0.0,uncertainty_query_policy,6,120,0.34167,0.37518,0.07500,0.41230,0.47276,0.52446,1.00000,0.34387,0.11667,0.28915,0.30852,0.54171,0.43233
overcorrection_bias,0.0,uncertainty_query_policy,7,120,0.38333,0.39744,0.06667,0.40907,0.43755,0.51732,1.00000,0.34180,0.17500,0.27252,0.31041,0.54533,0.46624
overcorrection_bias,0.0,uncertainty_query_policy,8,120,0.30000,0.32788,0.08333,0.42626,0.43673,0.52008,1.00000,0.35280,0.09167,0.28097,0.31851,0.55742,0.38274
overcorrection_bias,0.0,uncertainty_query_policy,9,120,0.32500,0.33663,0.03333,0.41222,0.44170,0.55997,1.00000,0.34382,0.10000,0.28733,0.31135,0.57605,0.43985
overcorrection_bias,0.2,active_entropy_query_policy,0,120,0.38333,0.48319,0.02500,0.38535,0.33875,0.52115,1.00000,0.32662,0.10000,0.27411,0.24901,0.61269,0.53232
overcorrection_bias,0.2,active_entropy_query_policy,1,120,0.31667,0.39296,0.05000,0.36806,0.35237,0.53118,1.00000,0.31556,0.10000,0.27876,0.26382,0.62271,0.43511
overcorrection_bias,0.2,active_entropy_query_policy,2,120,0.34167,0.46469,0.10833,0.38050,0.32574,0.51842,1.00000,0.32352,0.15000,0.25595,0.21957,0.59447,0.42812
overcorrection_bias,0.2,active_entropy_query_policy,3,120,0.42500,0.59916,0.00833,0.38374,0.32666,0.50220,1.00000,0.32559,0.07500,0.26621,0.23452,0.59404,0.61182
overcorrection_bias,0.2,active_entropy_query_policy,4,120,0.38333,0.53688,0.05000,0.38265,0.32769,0.53073,1.00000,0.32489,0.10000,0.26118,0.23512,0.59520,0.53158
overcorrection_bias,0.2,active_entropy_query_policy,5,120,0.41667,0.56288,0.05833,0.42910,0.28489,0.52876,1.00000,0.35462,0.10833,0.23549,0.20069,0.56978,0.56110
overcorrection_bias,0.2,active_entropy_query_policy,6,120,0.36667,0.47328,0.08333,0.39601,0.32120,0.52130,1.00000,0.33344,0.15000,0.27182,0.24498,0.60527,0.46848
overcorrection_bias,0.2,active_entropy_query_policy,7,120,0.28333,0.37714,0.07500,0.36916,0.34369,0.51489,1.00000,0.31626,0.10000,0.26361,0.24422,0.61133,0.38257
overcorrection_bias,0.2,active_entropy_query_policy,8,120,0.38333,0.49421,0.05833,0.38348,0.31990,0.50927,1.00000,0.32543,0.09167,0.26877,0.23468,0.60327,0.51779
overcorrection_bias,0.2,active_entropy_query_policy,9,120,0.35833,0.47096,0.04167,0.38669,0.31640,0.53114,1.00000,0.32748,0.10000,0.25371,0.23187,0.60117,0.49665
overcorrection_bias,0.2,full_demo_imitation,0,120,0.25000,0.23707,0.07500,0.47533,0.65004,0.56380,1.00000,0.73421,0.10000,0.25883,0.37126,0.49643,0.30023
overcorrection_bias,0.2,full_demo_imitation,1,120,0.26667,0.24231,0.06667,0.44859,0.63724,0.56108,1.00000,0.71710,0.19167,0.25649,0.37324,0.52485,0.29856
overcorrection_bias,0.2,full_demo_imitation,2,120,0.30000,0.28947,0.05000,0.45715,0.54790,0.54692,1.00000,0.72257,0.10000,0.21706,0.31844,0.49365,0.37295
overcorrection_bias,0.2,full_demo_imitation,3,120,0.31667,0.27619,0.06667,0.46598,0.58618,0.54687,1.00000,0.72822,0.18333,0.23276,0.33993,0.49192,0.35435
overcorrection_bias,0.2,full_demo_imitation,4,120,0.32500,0.29971,0.04167,0.45583,0.60431,0.55398,1.00000,0.72173,0.10000,0.23971,0.34116,0.50226,0.40592
overcorrection_bias,0.2,full_demo_imitation,5,120,0.25000,0.24831,0.08333,0.50981,0.54663,0.55612,1.00000,0.75628,0.07500,0.21748,0.30924,0.46495,0.30181
overcorrection_bias,0.2,full_demo_imitation,6,120,0.26667,0.24404,0.09167,0.45247,0.57967,0.55238,1.00000,0.71958,0.08333,0.24597,0.36154,0.52680,0.31512
overcorrection_bias,0.2,full_demo_imitation,7,120,0.28333,0.25588,0.06667,0.45345,0.61003,0.55610,1.00000,0.72021,0.16667,0.24573,0.35137,0.50235,0.32329
overcorrection_bias,0.2,full_demo_imitation,8,120,0.34167,0.32522,0.05833,0.47897,0.55633,0.56347,1.00000,0.73654,0.14167,0.23405,0.32774,0.47855,0.40725
overcorrection_bias,0.2,full_demo_imitation,9,120,0.28333,0.25724,0.03333,0.47787,0.57871,0.57026,1.00000,0.73584,0.13333,0.23449,0.34118,0.49489,0.35102
overcorrection_bias,0.2,minimum_intervention_boundary_learner_v5,0,120,0.49167,0.63419,0.03333,0.47912,0.20485,0.52150,1.00000,0.38664,0.00833,0.12037,0.13923,0.51263,0.68755
overcorrection_bias,0.2,minimum_intervention_boundary_learner_v5,1,120,0.35000,0.45049,0.03333,0.45793,0.20722,0.53413,1.00000,0.37307,0.01667,0.11793,0.15226,0.52368,0.50594
overcorrection_bias,0.2,minimum_intervention_boundary_learner_v5,2,120,0.50833,0.73538,0.04167,0.45128,0.21934,0.51776,1.00000,0.36882,0.00833,0.12956,0.13449,0.51629,0.72264
overcorrection_bias,0.2,minimum_intervention_boundary_learner_v5,3,120,0.50833,0.67259,0.06667,0.46150,0.21398,0.50544,1.00000,0.37536,0.01667,0.12973,0.13905,0.51311,0.69144
overcorrection_bias,0.2,minimum_intervention_boundary_learner_v5,4,120,0.46667,0.67203,0.06667,0.45883,0.20974,0.53531,1.00000,0.37365,0.00833,0.12392,0.14147,0.51635,0.65611
overcorrection_bias,0.2,minimum_intervention_boundary_learner_v5,5,120,0.42500,0.58287,0.05000,0.49702,0.19143,0.53414,1.00000,0.39810,0.01667,0.11138,0.11567,0.49961,0.59907
overcorrection_bias,0.2,minimum_intervention_boundary_learner_v5,6,120,0.47500,0.61576,0.04167,0.48250,0.20722,0.52667,1.00000,0.38880,0.02500,0.12931,0.14607,0.51769,0.65866
overcorrection_bias,0.2,minimum_intervention_boundary_learner_v5,7,120,0.40833,0.57273,0.03333,0.44947,0.20779,0.51515,1.00000,0.36766,0.01667,0.10825,0.14363,0.52098,0.58881
overcorrection_bias,0.2,minimum_intervention_boundary_learner_v5,8,120,0.47500,0.65406,0.06667,0.46464,0.20785,0.51405,1.00000,0.37737,0.00833,0.12346,0.13648,0.51905,0.65769
overcorrection_bias,0.2,minimum_intervention_boundary_learner_v5,9,120,0.48333,0.67499,0.05000,0.46971,0.19969,0.53567,1.00000,0.38061,0.00833,0.11662,0.13528,0.51198,0.68161
overcorrection_bias,0.2,oracle_minimal_correction,0,120,0.63333,0.82611,0.02500,0.52264,0.12207,0.52465,1.00000,0.41449,0.00833,0.37091,0.03433,0.47264,0.87293
overcorrection_bias,0.2,oracle_minimal_correction,1,120,0.57500,0.81011,0.06667,0.51372,0.11423,0.54000,1.00000,0.40878,0.00833,0.35851,0.03386,0.46801,0.79143
overcorrection_bias,0.2,oracle_minimal_correction,2,120,0.59167,0.82585,0.03333,0.49284,0.12822,0.52107,1.00000,0.39541,0.01667,0.37847,0.03358,0.47454,0.82503
overcorrection_bias,0.2,oracle_minimal_correction,3,120,0.62500,0.85938,0.05833,0.50811,0.13419,0.51095,1.00000,0.40519,0.00000,0.37955,0.03504,0.47075,0.85546
overcorrection_bias,0.2,oracle_minimal_correction,4,120,0.57500,0.77434,0.06667,0.50951,0.12319,0.54037,1.00000,0.40608,0.00000,0.36843,0.03409,0.47126,0.78623
overcorrection_bias,0.2,oracle_minimal_correction,5,120,0.60000,0.80373,0.04167,0.52386,0.13486,0.54072,1.00000,0.41527,0.01667,0.37863,0.03356,0.47621,0.82590
overcorrection_bias,0.2,oracle_minimal_correction,6,120,0.57500,0.73207,0.02500,0.53715,0.12392,0.53268,1.00000,0.42377,0.00833,0.36786,0.03460,0.47167,0.79449
overcorrection_bias,0.2,oracle_minimal_correction,7,120,0.53333,0.74297,0.04167,0.49855,0.12171,0.51793,1.00000,0.39907,0.00000,0.36699,0.03540,0.47310,0.74815
overcorrection_bias,0.2,oracle_minimal_correction,8,120,0.55000,0.73437,0.05000,0.51090,0.13457,0.51749,1.00000,0.40698,0.00000,0.38021,0.03447,0.47583,0.75831
overcorrection_bias,0.2,oracle_minimal_correction,9,120,0.56667,0.77839,0.08333,0.51410,0.12245,0.54043,1.00000,0.40903,0.00000,0.36483,0.03404,0.47051,0.76996
overcorrection_bias,0.2,residual_correction_learner,0,120,0.24167,0.24391,0.04167,0.29667,0.63302,0.53075,1.00000,0.26987,0.10000,0.31237,0.38013,0.68717,0.33687
overcorrection_bias,0.2,residual_correction_learner,1,120,0.22500,0.23977,0.03333,0.29099,0.63530,0.55399,1.00000,0.26623,0.10833,0.31356,0.39091,0.69415,0.32483
overcorrection_bias,0.2,residual_correction_learner,2,120,0.25833,0.27886,0.04167,0.31815,0.58978,0.55001,1.00000,0.28362,0.11667,0.28557,0.33825,0.64711,0.35644
overcorrection_bias,0.2,residual_correction_learner,3,120,0.23333,0.24764,0.01667,0.30801,0.59610,0.52996,1.00000,0.27712,0.09167,0.28790,0.35166,0.66122,0.34297
overcorrection_bias,0.2,residual_correction_learner,4,120,0.23333,0.26534,0.06667,0.30346,0.61504,0.54120,1.00000,0.27421,0.10833,0.29073,0.35812,0.66514,0.31798
overcorrection_bias,0.2,residual_correction_learner,5,120,0.18333,0.20083,0.05833,0.34393,0.55568,0.52755,1.00000,0.30012,0.14167,0.27957,0.33565,0.64538,0.24486
overcorrection_bias,0.2,residual_correction_learner,6,120,0.25833,0.26259,0.03333,0.29909,0.61283,0.53065,1.00000,0.27142,0.15833,0.31425,0.38642,0.68756,0.34558
overcorrection_bias,0.2,residual_correction_learner,7,120,0.28333,0.32333,0.04167,0.30378,0.61517,0.52641,1.00000,0.27442,0.13333,0.29519,0.36559,0.67001,0.38505
overcorrection_bias,0.2,residual_correction_learner,8,120,0.26667,0.28084,0.03333,0.30139,0.58836,0.52318,1.00000,0.27289,0.15000,0.29816,0.35502,0.67483,0.35859
overcorrection_bias,0.2,residual_correction_learner,9,120,0.26667,0.30188,0.05000,0.31588,0.57775,0.53942,1.00000,0.28216,0.16667,0.28975,0.35725,0.66499,0.35109
overcorrection_bias,0.2,robust_mpc_correction,0,120,0.57500,0.79334,0.06667,0.57466,0.09888,0.50599,1.00000,0.44778,0.01667,0.03909,0.05651,0.41870,0.77676
overcorrection_bias,0.2,robust_mpc_correction,1,120,0.46667,0.65184,0.03333,0.55909,0.09921,0.51758,1.00000,0.43782,0.05000,0.03586,0.05830,0.41860,0.64725
overcorrection_bias,0.2,robust_mpc_correction,2,120,0.56667,0.80890,0.07500,0.54260,0.10282,0.50253,1.00000,0.42726,0.00833,0.04367,0.05413,0.42322,0.77055
overcorrection_bias,0.2,robust_mpc_correction,3,120,0.59167,0.81738,0.06667,0.55767,0.10530,0.48868,1.00000,0.43691,0.04167,0.04342,0.05667,0.41859,0.78995
overcorrection_bias,0.2,robust_mpc_correction,4,120,0.60000,0.86875,0.03333,0.55438,0.10923,0.51921,1.00000,0.43481,0.04167,0.04520,0.05788,0.42393,0.83125
overcorrection_bias,0.2,robust_mpc_correction,5,120,0.61667,0.84432,0.07500,0.58361,0.10394,0.51892,1.00000,0.45351,0.03333,0.03841,0.05015,0.41659,0.82196
overcorrection_bias,0.2,robust_mpc_correction,6,120,0.59167,0.81186,0.03333,0.58620,0.10592,0.51020,1.00000,0.45517,0.02500,0.04266,0.05703,0.42015,0.81279
overcorrection_bias,0.2,robust_mpc_correction,7,120,0.52500,0.77314,0.04167,0.53839,0.11488,0.50043,1.00000,0.42457,0.01667,0.04740,0.06451,0.42729,0.73607
overcorrection_bias,0.2,robust_mpc_correction,8,120,0.55000,0.77750,0.03333,0.55720,0.10542,0.49619,1.00000,0.43661,0.02500,0.04768,0.05589,0.42658,0.76290
overcorrection_bias,0.2,robust_mpc_correction,9,120,0.55833,0.79660,0.05833,0.55444,0.12031,0.51991,1.00000,0.43484,0.02500,0.04919,0.06597,0.42579,0.76556
overcorrection_bias,0.2,uncertainty_query_policy,0,120,0.34167,0.37222,0.04167,0.42899,0.44717,0.53275,1.00000,0.35456,0.15833,0.28299,0.30594,0.55491,0.43860
overcorrection_bias,0.2,uncertainty_query_policy,1,120,0.36667,0.37458,0.03333,0.40307,0.46473,0.54208,1.00000,0.33797,0.11667,0.28935,0.32372,0.57731,0.48320
overcorrection_bias,0.2,uncertainty_query_policy,2,120,0.31667,0.35305,0.04167,0.42531,0.40248,0.53086,1.00000,0.35220,0.10833,0.24872,0.26591,0.53210,0.42210
overcorrection_bias,0.2,uncertainty_query_policy,3,120,0.30000,0.36717,0.07500,0.43205,0.41968,0.51718,1.00000,0.35651,0.11667,0.26065,0.28127,0.52925,0.38676
overcorrection_bias,0.2,uncertainty_query_policy,4,120,0.27500,0.30372,0.05833,0.42045,0.42836,0.54261,1.00000,0.34909,0.14167,0.25990,0.28392,0.53997,0.35365
overcorrection_bias,0.2,uncertainty_query_policy,5,120,0.39167,0.43276,0.02500,0.47007,0.37550,0.53196,1.00000,0.38085,0.12500,0.23483,0.25496,0.51424,0.51660
overcorrection_bias,0.2,uncertainty_query_policy,6,120,0.30000,0.34964,0.06667,0.42592,0.40165,0.53165,1.00000,0.35259,0.11667,0.27286,0.29562,0.55593,0.39063
overcorrection_bias,0.2,uncertainty_query_policy,7,120,0.36667,0.39104,0.05833,0.41203,0.44547,0.53758,1.00000,0.34370,0.17500,0.26942,0.29634,0.55409,0.45549
overcorrection_bias,0.2,uncertainty_query_policy,8,120,0.32500,0.34465,0.08333,0.43616,0.40217,0.53772,1.00000,0.35914,0.10000,0.26216,0.27983,0.53524,0.40999
overcorrection_bias,0.2,uncertainty_query_policy,9,120,0.31667,0.36067,0.04167,0.43216,0.42288,0.55253,1.00000,0.35658,0.10833,0.26596,0.29008,0.54538,0.42706
overcorrection_bias,0.4,active_entropy_query_policy,0,120,0.34167,0.45367,0.02500,0.39886,0.30575,0.52587,1.00000,0.33527,0.09167,0.24108,0.23317,0.58356,0.48526
overcorrection_bias,0.4,active_entropy_query_policy,1,120,0.33333,0.45423,0.05833,0.38852,0.31578,0.52620,1.00000,0.32865,0.08333,0.24101,0.22302,0.58678,0.46255
overcorrection_bias,0.4,active_entropy_query_policy,2,120,0.38333,0.51102,0.09167,0.41732,0.30142,0.52716,1.00000,0.34708,0.11667,0.23141,0.22037,0.57546,0.49711
overcorrection_bias,0.4,active_entropy_query_policy,3,120,0.37500,0.51192,0.00833,0.42195,0.28003,0.51007,1.00000,0.35005,0.09167,0.22717,0.20195,0.56515,0.53644
overcorrection_bias,0.4,active_entropy_query_policy,4,120,0.44167,0.56657,0.05000,0.41134,0.29078,0.51211,1.00000,0.34326,0.10000,0.23675,0.21368,0.57399,0.59214
overcorrection_bias,0.4,active_entropy_query_policy,5,120,0.35833,0.47465,0.05000,0.41688,0.29573,0.52739,1.00000,0.34680,0.10833,0.24140,0.21910,0.58138,0.48845
overcorrection_bias,0.4,active_entropy_query_policy,6,120,0.43333,0.54494,0.08333,0.42103,0.30412,0.53222,1.00000,0.34946,0.14167,0.23406,0.21739,0.57140,0.55225
overcorrection_bias,0.4,active_entropy_query_policy,7,120,0.37500,0.50602,0.08333,0.42857,0.27572,0.52704,1.00000,0.35428,0.11667,0.22376,0.20341,0.56640,0.49122
overcorrection_bias,0.4,active_entropy_query_policy,8,120,0.42500,0.56043,0.06667,0.40703,0.29304,0.52763,1.00000,0.34050,0.08333,0.24218,0.21837,0.58265,0.57270
overcorrection_bias,0.4,active_entropy_query_policy,9,120,0.41667,0.57723,0.05000,0.40484,0.29679,0.50358,1.00000,0.33910,0.10000,0.23537,0.21863,0.57449,0.56859
overcorrection_bias,0.4,full_demo_imitation,0,120,0.27500,0.27432,0.07500,0.48766,0.57715,0.57116,1.00000,0.74210,0.10833,0.22114,0.33149,0.47936,0.33084
overcorrection_bias,0.4,full_demo_imitation,1,120,0.28333,0.26640,0.10000,0.49945,0.61798,0.56501,1.00000,0.74965,0.21667,0.23729,0.33543,0.44475,0.29123
overcorrection_bias,0.4,full_demo_imitation,2,120,0.28333,0.25512,0.05833,0.50708,0.55427,0.55155,1.00000,0.75453,0.12500,0.22265,0.33208,0.46286,0.33502
overcorrection_bias,0.4,full_demo_imitation,3,120,0.33333,0.29762,0.07500,0.52725,0.53282,0.57245,1.00000,0.76744,0.23333,0.20293,0.30376,0.44028,0.35638
overcorrection_bias,0.4,full_demo_imitation,4,120,0.40833,0.32571,0.05833,0.50927,0.54594,0.57913,1.00000,0.75593,0.11667,0.21799,0.31449,0.46339,0.48143
overcorrection_bias,0.4,full_demo_imitation,5,120,0.21667,0.20586,0.06667,0.52364,0.57301,0.57003,1.00000,0.76513,0.10833,0.22572,0.32798,0.46056,0.25966
overcorrection_bias,0.4,full_demo_imitation,6,120,0.25833,0.27171,0.09167,0.49287,0.51838,0.56332,1.00000,0.74544,0.09167,0.21804,0.31406,0.47609,0.30827
overcorrection_bias,0.4,full_demo_imitation,7,120,0.32500,0.33125,0.05833,0.51247,0.50660,0.55084,1.00000,0.75798,0.17500,0.22204,0.31362,0.46434,0.37926
overcorrection_bias,0.4,full_demo_imitation,8,120,0.33333,0.30852,0.05833,0.50151,0.54043,0.56367,1.00000,0.75097,0.14167,0.22244,0.32492,0.46373,0.39388
overcorrection_bias,0.4,full_demo_imitation,9,120,0.25833,0.25084,0.03333,0.48122,0.53261,0.53773,1.00000,0.73798,0.14167,0.20726,0.31538,0.47789,0.31711
overcorrection_bias,0.4,minimum_intervention_boundary_learner_v5,0,120,0.60833,0.82602,0.05000,0.47753,0.17681,0.53090,1.00000,0.38562,0.00833,0.10814,0.13170,0.50075,0.83843
overcorrection_bias,0.4,minimum_intervention_boundary_learner_v5,1,120,0.41667,0.59739,0.03333,0.46093,0.19316,0.52761,1.00000,0.37500,0.00833,0.11393,0.12875,0.50129,0.60520
overcorrection_bias,0.4,minimum_intervention_boundary_learner_v5,2,120,0.50833,0.70859,0.04167,0.48743,0.18833,0.52876,1.00000,0.39195,0.00000,0.10916,0.13201,0.49895,0.71861
overcorrection_bias,0.4,minimum_intervention_boundary_learner_v5,3,120,0.54167,0.73688,0.06667,0.48308,0.18706,0.50943,1.00000,0.38917,0.01667,0.10921,0.11766,0.49748,0.73803
overcorrection_bias,0.4,minimum_intervention_boundary_learner_v5,4,120,0.46667,0.63658,0.05833,0.47907,0.18826,0.51631,1.00000,0.38660,0.00833,0.11152,0.12779,0.50022,0.64878
overcorrection_bias,0.4,minimum_intervention_boundary_learner_v5,5,120,0.45000,0.61820,0.04167,0.48873,0.19087,0.53211,1.00000,0.39279,0.02500,0.11652,0.13074,0.50714,0.63419
overcorrection_bias,0.4,minimum_intervention_boundary_learner_v5,6,120,0.41667,0.53840,0.02500,0.48873,0.20231,0.53792,1.00000,0.39279,0.02500,0.11865,0.12895,0.50061,0.59240
overcorrection_bias,0.4,minimum_intervention_boundary_learner_v5,7,120,0.47500,0.65510,0.03333,0.50168,0.18079,0.53272,1.00000,0.40107,0.00833,0.10659,0.11551,0.49164,0.67524
overcorrection_bias,0.4,minimum_intervention_boundary_learner_v5,8,120,0.50000,0.67754,0.07500,0.48040,0.18818,0.53070,1.00000,0.38746,0.00000,0.10861,0.12647,0.50597,0.68691
overcorrection_bias,0.4,minimum_intervention_boundary_learner_v5,9,120,0.46667,0.66527,0.05833,0.47446,0.18732,0.50778,1.00000,0.38365,0.02500,0.10454,0.12928,0.50006,0.64944
overcorrection_bias,0.4,oracle_minimal_correction,0,120,0.65833,0.92583,0.02500,0.51774,0.09688,0.53572,1.00000,0.41136,0.00833,0.35083,0.03430,0.46135,0.92088
overcorrection_bias,0.4,oracle_minimal_correction,1,120,0.61667,0.88899,0.06667,0.49916,0.11305,0.53185,1.00000,0.39946,0.00000,0.36017,0.03330,0.46471,0.85198
overcorrection_bias,0.4,oracle_minimal_correction,2,120,0.62500,0.87548,0.03333,0.52202,0.09764,0.53341,1.00000,0.41409,0.01667,0.35404,0.03382,0.46344,0.86949
overcorrection_bias,0.4,oracle_minimal_correction,3,120,0.64167,0.87177,0.05000,0.50614,0.12862,0.51546,1.00000,0.40393,0.00000,0.37582,0.03442,0.47416,0.88000
overcorrection_bias,0.4,oracle_minimal_correction,4,120,0.62500,0.82866,0.06667,0.51176,0.11549,0.52039,1.00000,0.40753,0.00000,0.36571,0.03440,0.47194,0.84555
overcorrection_bias,0.4,oracle_minimal_correction,5,120,0.62500,0.85030,0.03333,0.52890,0.12176,0.53723,1.00000,0.41849,0.00000,0.36448,0.03433,0.47002,0.86924
overcorrection_bias,0.4,oracle_minimal_correction,6,120,0.56667,0.75277,0.03333,0.51950,0.12287,0.54307,1.00000,0.41248,0.00000,0.36346,0.03464,0.47150,0.79055
overcorrection_bias,0.4,oracle_minimal_correction,7,120,0.60833,0.83983,0.03333,0.52637,0.11784,0.54043,1.00000,0.41688,0.00000,0.36049,0.03347,0.46933,0.85073
overcorrection_bias,0.4,oracle_minimal_correction,8,120,0.58333,0.82270,0.05000,0.51751,0.12076,0.53651,1.00000,0.41121,0.00000,0.36845,0.03322,0.47120,0.81313
overcorrection_bias,0.4,oracle_minimal_correction,9,120,0.61667,0.82505,0.07500,0.50903,0.11914,0.51535,1.00000,0.40578,0.01667,0.36308,0.03593,0.47105,0.82680
overcorrection_bias,0.4,residual_correction_learner,0,120,0.29167,0.34210,0.05833,0.33557,0.57178,0.53760,1.00000,0.29476,0.07500,0.26959,0.34524,0.63533,0.40399
overcorrection_bias,0.4,residual_correction_learner,1,120,0.24167,0.25607,0.04167,0.31602,0.61508,0.55277,1.00000,0.28225,0.13333,0.28640,0.35759,0.65666,0.33099
overcorrection_bias,0.4,residual_correction_learner,2,120,0.35000,0.38371,0.04167,0.33386,0.55369,0.52860,1.00000,0.29367,0.13333,0.27709,0.35312,0.64931,0.46338
overcorrection_bias,0.4,residual_correction_learner,3,120,0.28333,0.32821,0.02500,0.37158,0.55220,0.51424,1.00000,0.31781,0.14167,0.26466,0.33136,0.60390,0.38562
overcorrection_bias,0.4,residual_correction_learner,4,120,0.26667,0.30845,0.07500,0.33131,0.56228,0.51323,1.00000,0.29204,0.10833,0.27935,0.34251,0.64776,0.35116
overcorrection_bias,0.4,residual_correction_learner,5,120,0.22500,0.27430,0.05833,0.33978,0.56338,0.54987,1.00000,0.29746,0.11667,0.27946,0.34521,0.64886,0.31289
overcorrection_bias,0.4,residual_correction_learner,6,120,0.27500,0.31538,0.04167,0.33421,0.52654,0.55721,1.00000,0.29389,0.12500,0.26640,0.34043,0.64670,0.37926
overcorrection_bias,0.4,residual_correction_learner,7,120,0.25833,0.28834,0.04167,0.33288,0.52593,0.52203,1.00000,0.29304,0.15833,0.27763,0.34343,0.64599,0.34275
overcorrection_bias,0.4,residual_correction_learner,8,120,0.30833,0.36711,0.03333,0.34230,0.54163,0.54758,1.00000,0.29907,0.16667,0.27167,0.33646,0.63136,0.41439
overcorrection_bias,0.4,residual_correction_learner,9,120,0.19167,0.23006,0.07500,0.32917,0.56708,0.51920,1.00000,0.29067,0.15000,0.27440,0.34692,0.64382,0.24789
overcorrection_bias,0.4,robust_mpc_correction,0,120,0.60833,0.86782,0.05833,0.55651,0.10253,0.51587,1.00000,0.43617,0.02500,0.03502,0.06029,0.42017,0.83036
overcorrection_bias,0.4,robust_mpc_correction,1,120,0.47500,0.70685,0.04167,0.54538,0.10581,0.51379,1.00000,0.42904,0.04167,0.03791,0.05624,0.41606,0.66546
overcorrection_bias,0.4,robust_mpc_correction,2,120,0.54167,0.74887,0.07500,0.56820,0.10321,0.51487,1.00000,0.44365,0.01667,0.03481,0.05990,0.41837,0.73064
overcorrection_bias,0.4,robust_mpc_correction,3,120,0.61667,0.88658,0.06667,0.55811,0.11019,0.49338,1.00000,0.43719,0.04167,0.04642,0.05485,0.42035,0.83087
overcorrection_bias,0.4,robust_mpc_correction,4,120,0.59167,0.83330,0.04167,0.56091,0.10255,0.50063,1.00000,0.43898,0.04167,0.03900,0.05663,0.41953,0.80796
overcorrection_bias,0.4,robust_mpc_correction,5,120,0.61667,0.86848,0.07500,0.57408,0.10667,0.51647,1.00000,0.44741,0.02500,0.04384,0.05810,0.42382,0.82993
overcorrection_bias,0.4,robust_mpc_correction,6,120,0.60833,0.87755,0.03333,0.56489,0.11619,0.52318,1.00000,0.44153,0.01667,0.04496,0.06246,0.42379,0.84873
overcorrection_bias,0.4,robust_mpc_correction,7,120,0.54167,0.76729,0.03333,0.57940,0.11056,0.51722,1.00000,0.45081,0.02500,0.03581,0.05382,0.41589,0.75388
overcorrection_bias,0.4,robust_mpc_correction,8,120,0.60000,0.85736,0.04167,0.56700,0.10523,0.51537,1.00000,0.44288,0.02500,0.03975,0.05499,0.42031,0.82804
overcorrection_bias,0.4,robust_mpc_correction,9,120,0.55833,0.78436,0.05000,0.55972,0.11025,0.49254,1.00000,0.43822,0.03333,0.03899,0.05715,0.41623,0.76068
overcorrection_bias,0.4,uncertainty_query_policy,0,120,0.34167,0.38072,0.06667,0.43892,0.42845,0.53934,1.00000,0.36091,0.15000,0.25175,0.29106,0.53133,0.42920
overcorrection_bias,0.4,uncertainty_query_policy,1,120,0.38333,0.44344,0.03333,0.44037,0.44984,0.54357,1.00000,0.36184,0.10833,0.25393,0.28468,0.50991,0.51310
overcorrection_bias,0.4,uncertainty_query_policy,2,120,0.34167,0.38202,0.02500,0.45817,0.39820,0.53307,1.00000,0.37323,0.11667,0.24368,0.27741,0.52182,0.45864
overcorrection_bias,0.4,uncertainty_query_policy,3,120,0.40833,0.46644,0.09167,0.47483,0.38365,0.54311,1.00000,0.38389,0.14167,0.22508,0.25697,0.48899,0.50140
overcorrection_bias,0.4,uncertainty_query_policy,4,120,0.31667,0.36268,0.05833,0.46223,0.40147,0.54910,1.00000,0.37583,0.10000,0.24172,0.26922,0.50929,0.41806
overcorrection_bias,0.4,uncertainty_query_policy,5,120,0.42500,0.45558,0.01667,0.46950,0.39502,0.54946,1.00000,0.38048,0.11667,0.24595,0.27360,0.50964,0.56368
overcorrection_bias,0.4,uncertainty_query_policy,6,120,0.35000,0.43190,0.07500,0.45670,0.38161,0.54245,1.00000,0.37229,0.07500,0.23508,0.26938,0.52315,0.46494
overcorrection_bias,0.4,uncertainty_query_policy,7,120,0.35000,0.42158,0.05833,0.47184,0.35729,0.53419,1.00000,0.38198,0.18333,0.23357,0.26136,0.50786,0.43873
overcorrection_bias,0.4,uncertainty_query_policy,8,120,0.35833,0.40437,0.08333,0.45528,0.38686,0.54038,1.00000,0.37138,0.09167,0.24282,0.27158,0.51638,0.45765
overcorrection_bias,0.4,uncertainty_query_policy,9,120,0.37500,0.43557,0.02500,0.44167,0.39112,0.51599,1.00000,0.36267,0.10833,0.23910,0.27111,0.52379,0.50444
overcorrection_bias,0.6,active_entropy_query_policy,0,120,0.44167,0.59475,0.02500,0.41188,0.26699,0.52356,1.00000,0.34360,0.09167,0.20227,0.19614,0.55190,0.61404
overcorrection_bias,0.6,active_entropy_query_policy,1,120,0.35000,0.44391,0.05833,0.40834,0.31640,0.51332,1.00000,0.34133,0.07500,0.22962,0.22296,0.57163,0.47628
overcorrection_bias,0.6,active_entropy_query_policy,2,120,0.40833,0.51525,0.10833,0.41487,0.29901,0.50807,1.00000,0.34552,0.13333,0.23742,0.20852,0.57727,0.50739
overcorrection_bias,0.6,active_entropy_query_policy,3,120,0.44167,0.58782,0.01667,0.41263,0.29163,0.51676,1.00000,0.34408,0.07500,0.23471,0.22222,0.57360,0.62170
overcorrection_bias,0.6,active_entropy_query_policy,4,120,0.42500,0.55825,0.05000,0.44024,0.28550,0.54417,1.00000,0.36175,0.08333,0.22701,0.22000,0.56518,0.58120
overcorrection_bias,0.6,active_entropy_query_policy,5,120,0.43333,0.57606,0.05833,0.44393,0.28706,0.52149,1.00000,0.36412,0.12500,0.22914,0.21847,0.56766,0.57453
overcorrection_bias,0.6,active_entropy_query_policy,6,120,0.37500,0.49960,0.07500,0.42493,0.30031,0.52528,1.00000,0.35196,0.17500,0.24366,0.20479,0.57278,0.47800
overcorrection_bias,0.6,active_entropy_query_policy,7,120,0.34167,0.45801,0.08333,0.42032,0.28164,0.52398,1.00000,0.34900,0.12500,0.23432,0.19415,0.57427,0.44522
overcorrection_bias,0.6,active_entropy_query_policy,8,120,0.49167,0.65895,0.06667,0.42043,0.27736,0.51531,1.00000,0.34907,0.09167,0.23047,0.20430,0.56710,0.65594
overcorrection_bias,0.6,active_entropy_query_policy,9,120,0.47500,0.67068,0.05000,0.40664,0.27812,0.50052,1.00000,0.34025,0.10000,0.22026,0.17356,0.56446,0.64653
overcorrection_bias,0.6,full_demo_imitation,0,120,0.33333,0.35846,0.07500,0.51515,0.57125,0.56733,1.00000,0.75970,0.10833,0.20899,0.30525,0.43072,0.40396
overcorrection_bias,0.6,full_demo_imitation,1,120,0.28333,0.30369,0.10000,0.50976,0.58807,0.56032,1.00000,0.75625,0.18333,0.21774,0.32446,0.44595,0.30792
overcorrection_bias,0.6,full_demo_imitation,2,120,0.35000,0.33535,0.05833,0.50675,0.55943,0.54310,1.00000,0.75432,0.15000,0.21538,0.30481,0.47469,0.41184
overcorrection_bias,0.6,full_demo_imitation,3,120,0.35833,0.34889,0.08333,0.53548,0.53602,0.57605,1.00000,0.77270,0.22500,0.20279,0.29979,0.42267,0.39000
overcorrection_bias,0.6,full_demo_imitation,4,120,0.38333,0.39406,0.03333,0.54284,0.53591,0.56745,1.00000,0.77742,0.14167,0.20612,0.31331,0.44824,0.47422
overcorrection_bias,0.6,full_demo_imitation,5,120,0.30833,0.30084,0.05833,0.52606,0.55663,0.55858,1.00000,0.76668,0.09167,0.22393,0.32608,0.46868,0.38007
overcorrection_bias,0.6,full_demo_imitation,6,120,0.24167,0.22827,0.08333,0.50713,0.56949,0.57786,1.00000,0.75457,0.11667,0.22265,0.29993,0.47511,0.28081
overcorrection_bias,0.6,full_demo_imitation,7,120,0.29167,0.31068,0.07500,0.48708,0.54858,0.57157,1.00000,0.74173,0.16667,0.23073,0.31241,0.49372,0.33996
overcorrection_bias,0.6,full_demo_imitation,8,120,0.35000,0.34035,0.05833,0.50982,0.49756,0.55449,1.00000,0.75629,0.12500,0.21437,0.29495,0.46123,0.42066
overcorrection_bias,0.6,full_demo_imitation,9,120,0.32500,0.32390,0.04167,0.49746,0.51828,0.55754,1.00000,0.74838,0.15833,0.20479,0.27358,0.45354,0.39174
overcorrection_bias,0.6,minimum_intervention_boundary_learner_v5,0,120,0.55000,0.78006,0.05000,0.47093,0.16305,0.52780,1.00000,0.38139,0.00000,0.08772,0.11130,0.48532,0.77133
overcorrection_bias,0.6,minimum_intervention_boundary_learner_v5,1,120,0.42500,0.57346,0.03333,0.47165,0.17453,0.51568,1.00000,0.38185,0.00000,0.09712,0.12516,0.50019,0.60869
overcorrection_bias,0.6,minimum_intervention_boundary_learner_v5,2,120,0.55000,0.73096,0.04167,0.48014,0.19884,0.51108,1.00000,0.38729,0.00833,0.11493,0.12627,0.50595,0.76112
overcorrection_bias,0.6,minimum_intervention_boundary_learner_v5,3,120,0.52500,0.69992,0.05833,0.48018,0.18647,0.52201,1.00000,0.38731,0.01667,0.10758,0.13423,0.50309,0.71957
overcorrection_bias,0.6,minimum_intervention_boundary_learner_v5,4,120,0.50000,0.69271,0.06667,0.50570,0.17388,0.54623,1.00000,0.40365,0.01667,0.10417,0.13069,0.50006,0.69091
overcorrection_bias,0.6,minimum_intervention_boundary_learner_v5,5,120,0.40833,0.54076,0.05833,0.51175,0.18206,0.52514,1.00000,0.40752,0.01667,0.10819,0.12696,0.49601,0.56703
overcorrection_bias,0.6,minimum_intervention_boundary_learner_v5,6,120,0.45000,0.58017,0.03333,0.48983,0.21024,0.52852,1.00000,0.39349,0.01667,0.12326,0.12267,0.50627,0.63195
overcorrection_bias,0.6,minimum_intervention_boundary_learner_v5,7,120,0.46667,0.64705,0.02500,0.49381,0.18762,0.52768,1.00000,0.39604,0.04167,0.10969,0.10734,0.49417,0.65984
overcorrection_bias,0.6,minimum_intervention_boundary_learner_v5,8,120,0.45833,0.63345,0.07500,0.48752,0.18651,0.52113,1.00000,0.39201,0.00833,0.11561,0.12413,0.49664,0.63130
overcorrection_bias,0.6,minimum_intervention_boundary_learner_v5,9,120,0.46667,0.65285,0.05000,0.46580,0.21506,0.50573,1.00000,0.37811,0.01667,0.12115,0.10704,0.49798,0.65326
overcorrection_bias,0.6,oracle_minimal_correction,0,120,0.65000,0.95961,0.02500,0.49062,0.11153,0.53516,1.00000,0.39399,0.01667,0.35306,0.03462,0.46747,0.91866
overcorrection_bias,0.6,oracle_minimal_correction,1,120,0.61667,0.87300,0.07500,0.50607,0.10233,0.52088,1.00000,0.40388,0.00000,0.35034,0.03437,0.46234,0.84238
overcorrection_bias,0.6,oracle_minimal_correction,2,120,0.61667,0.84655,0.03333,0.51265,0.12072,0.51583,1.00000,0.40809,0.01667,0.37295,0.03436,0.47316,0.85326
overcorrection_bias,0.6,oracle_minimal_correction,3,120,0.62500,0.82403,0.05833,0.51982,0.11100,0.52785,1.00000,0.41268,0.00000,0.35823,0.03363,0.46679,0.84934
overcorrection_bias,0.6,oracle_minimal_correction,4,120,0.60000,0.81899,0.06667,0.54362,0.09622,0.55038,1.00000,0.42791,0.00833,0.34988,0.03370,0.46521,0.81873
overcorrection_bias,0.6,oracle_minimal_correction,5,120,0.60833,0.79563,0.04167,0.54069,0.11046,0.52996,1.00000,0.42604,0.00000,0.36088,0.03384,0.46938,0.83490
overcorrection_bias,0.6,oracle_minimal_correction,6,120,0.50000,0.64719,0.02500,0.52163,0.14403,0.53490,1.00000,0.41384,0.01667,0.38717,0.03353,0.48111,0.69969
overcorrection_bias,0.6,oracle_minimal_correction,7,120,0.55000,0.74543,0.03333,0.51185,0.14166,0.53401,1.00000,0.40759,0.00833,0.38516,0.03360,0.48120,0.76947
overcorrection_bias,0.6,oracle_minimal_correction,8,120,0.58333,0.78679,0.04167,0.51865,0.12538,0.52827,1.00000,0.41193,0.00000,0.37134,0.03395,0.47372,0.80858
overcorrection_bias,0.6,oracle_minimal_correction,9,120,0.52500,0.72006,0.08333,0.48503,0.15789,0.51371,1.00000,0.39042,0.01667,0.39669,0.03384,0.48057,0.70866
overcorrection_bias,0.6,residual_correction_learner,0,120,0.35000,0.41213,0.07500,0.36251,0.56612,0.54954,1.00000,0.31201,0.11667,0.24485,0.32078,0.59533,0.45617
overcorrection_bias,0.6,residual_correction_learner,1,120,0.24167,0.29736,0.05833,0.34946,0.59532,0.53271,1.00000,0.30365,0.11667,0.26384,0.34520,0.61350,0.33035
overcorrection_bias,0.6,residual_correction_learner,2,120,0.30000,0.34440,0.05000,0.36676,0.57460,0.53276,1.00000,0.31472,0.12500,0.26707,0.32002,0.61606,0.40067
overcorrection_bias,0.6,residual_correction_learner,3,120,0.28333,0.30346,0.02500,0.34472,0.56590,0.53732,1.00000,0.30062,0.20833,0.26686,0.34242,0.62757,0.36646
overcorrection_bias,0.6,residual_correction_learner,4,120,0.32500,0.36122,0.06667,0.36465,0.50885,0.54989,1.00000,0.31338,0.12500,0.25040,0.33059,0.62813,0.42359
overcorrection_bias,0.6,residual_correction_learner,5,120,0.22500,0.25978,0.04167,0.35894,0.55029,0.54157,1.00000,0.30972,0.15000,0.27347,0.34665,0.63965,0.30693
overcorrection_bias,0.6,residual_correction_learner,6,120,0.25833,0.28700,0.03333,0.34577,0.56405,0.55162,1.00000,0.30129,0.16667,0.27367,0.32037,0.64208,0.34773
overcorrection_bias,0.6,residual_correction_learner,7,120,0.25833,0.28013,0.05000,0.32206,0.58995,0.53430,1.00000,0.28612,0.13333,0.29363,0.34750,0.66646,0.34654
overcorrection_bias,0.6,residual_correction_learner,8,120,0.29167,0.35220,0.03333,0.34114,0.53329,0.53931,1.00000,0.29833,0.17500,0.26402,0.32775,0.63781,0.39139
overcorrection_bias,0.6,residual_correction_learner,9,120,0.30000,0.36429,0.06667,0.34395,0.51292,0.51388,1.00000,0.30013,0.18333,0.24850,0.28839,0.62088,0.37849
overcorrection_bias,0.6,robust_mpc_correction,0,120,0.60833,0.88979,0.05833,0.53328,0.09668,0.51390,1.00000,0.42130,0.01667,0.03092,0.05795,0.42075,0.83797
overcorrection_bias,0.6,robust_mpc_correction,1,120,0.46667,0.68515,0.04167,0.54826,0.10346,0.49938,1.00000,0.43089,0.04167,0.03396,0.05790,0.41563,0.65038
overcorrection_bias,0.6,robust_mpc_correction,2,120,0.53333,0.74250,0.07500,0.56556,0.10437,0.49646,1.00000,0.44196,0.05833,0.04158,0.05483,0.41835,0.70692
overcorrection_bias,0.6,robust_mpc_correction,3,120,0.60000,0.84294,0.06667,0.56370,0.10542,0.50753,1.00000,0.44077,0.01667,0.03897,0.05845,0.41901,0.81321
overcorrection_bias,0.6,robust_mpc_correction,4,120,0.60000,0.85844,0.05000,0.59181,0.10111,0.53229,1.00000,0.45876,0.03333,0.02993,0.05936,0.41873,0.82301
overcorrection_bias,0.6,robust_mpc_correction,5,120,0.64167,0.88438,0.08333,0.58989,0.10726,0.51028,1.00000,0.45753,0.04167,0.03823,0.05917,0.41917,0.84794
overcorrection_bias,0.6,robust_mpc_correction,6,120,0.59167,0.81013,0.03333,0.58001,0.11171,0.51335,1.00000,0.45121,0.01667,0.04899,0.05106,0.42117,0.81539
overcorrection_bias,0.6,robust_mpc_correction,7,120,0.53333,0.74838,0.04167,0.57017,0.10327,0.51474,1.00000,0.44491,0.04167,0.04446,0.05248,0.41988,0.73253
overcorrection_bias,0.6,robust_mpc_correction,8,120,0.58333,0.85739,0.04167,0.56607,0.10622,0.50531,1.00000,0.44228,0.02500,0.04232,0.05689,0.42205,0.81018
overcorrection_bias,0.6,robust_mpc_correction,9,120,0.54167,0.78717,0.05000,0.53532,0.12531,0.49239,1.00000,0.42260,0.02500,0.05944,0.04879,0.42632,0.74815
overcorrection_bias,0.6,uncertainty_query_policy,0,120,0.40833,0.47956,0.05833,0.46008,0.39743,0.54126,1.00000,0.37445,0.16667,0.21485,0.25559,0.48183,0.51444
overcorrection_bias,0.6,uncertainty_query_policy,1,120,0.45833,0.52187,0.05833,0.45958,0.41771,0.53009,1.00000,0.37413,0.12500,0.23087,0.27132,0.49755,0.58476
overcorrection_bias,0.6,uncertainty_query_policy,2,120,0.39167,0.44002,0.03333,0.46013,0.39384,0.51850,1.00000,0.37449,0.15833,0.23526,0.25506,0.51892,0.50330
overcorrection_bias,0.6,uncertainty_query_policy,3,120,0.41667,0.45518,0.09167,0.47276,0.37612,0.54581,1.00000,0.38256,0.10833,0.22452,0.25904,0.49170,0.51713
overcorrection_bias,0.6,uncertainty_query_policy,4,120,0.30833,0.38261,0.07500,0.48589,0.38261,0.55366,1.00000,0.39097,0.14167,0.23192,0.27289,0.50649,0.39355
overcorrection_bias,0.6,uncertainty_query_policy,5,120,0.38333,0.44266,0.04167,0.47770,0.39045,0.54371,1.00000,0.38573,0.12500,0.23711,0.27426,0.52544,0.50365
overcorrection_bias,0.6,uncertainty_query_policy,6,120,0.41667,0.49387,0.05833,0.46390,0.40010,0.54917,1.00000,0.37689,0.12500,0.24238,0.25279,0.52315,0.54057
overcorrection_bias,0.6,uncertainty_query_policy,7,120,0.37500,0.42196,0.05833,0.45341,0.37253,0.54670,1.00000,0.37018,0.19167,0.24069,0.25204,0.53075,0.46478
overcorrection_bias,0.6,uncertainty_query_policy,8,120,0.34167,0.37616,0.07500,0.46654,0.36352,0.52568,1.00000,0.37859,0.14167,0.23167,0.25452,0.50478,0.42230
overcorrection_bias,0.6,uncertainty_query_policy,9,120,0.39167,0.46717,0.05000,0.45751,0.37807,0.53182,1.00000,0.37281,0.15000,0.22040,0.22221,0.49842,0.50373
overcorrection_bias,0.8,active_entropy_query_policy,0,120,0.41667,0.52418,0.02500,0.46552,0.25175,0.51231,1.00000,0.37793,0.14167,0.20174,0.18738,0.53485,0.55565
overcorrection_bias,0.8,active_entropy_query_policy,1,120,0.37500,0.50406,0.05000,0.44711,0.26442,0.50237,1.00000,0.36615,0.10833,0.21030,0.18413,0.54953,0.50587
overcorrection_bias,0.8,active_entropy_query_policy,2,120,0.43333,0.61033,0.08333,0.43559,0.26553,0.50847,1.00000,0.35878,0.12500,0.20030,0.17896,0.53912,0.56619
overcorrection_bias,0.8,active_entropy_query_policy,3,120,0.45000,0.58897,0.00833,0.43529,0.27340,0.51207,1.00000,0.35859,0.07500,0.21429,0.19419,0.55398,0.63237
overcorrection_bias,0.8,active_entropy_query_policy,4,120,0.40000,0.50610,0.05000,0.45438,0.28610,0.50763,1.00000,0.37080,0.09167,0.23872,0.19970,0.55489,0.53673
overcorrection_bias,0.8,active_entropy_query_policy,5,120,0.47500,0.66728,0.05833,0.40877,0.29590,0.51028,1.00000,0.34162,0.13333,0.23432,0.22186,0.57197,0.63370
overcorrection_bias,0.8,active_entropy_query_policy,6,120,0.39167,0.51183,0.07500,0.43364,0.27695,0.51644,1.00000,0.35753,0.17500,0.22365,0.19562,0.55483,0.49506
overcorrection_bias,0.8,active_entropy_query_policy,7,120,0.41667,0.57373,0.08333,0.47218,0.24027,0.51194,1.00000,0.38220,0.12500,0.18664,0.17172,0.52120,0.53997
overcorrection_bias,0.8,active_entropy_query_policy,8,120,0.48333,0.63787,0.06667,0.46409,0.26255,0.51298,1.00000,0.37702,0.10833,0.19838,0.18165,0.52859,0.63482
overcorrection_bias,0.8,active_entropy_query_policy,9,120,0.47500,0.63737,0.05000,0.43676,0.28195,0.54432,1.00000,0.35952,0.10000,0.21221,0.20496,0.55750,0.64368
overcorrection_bias,0.8,full_demo_imitation,0,120,0.35000,0.34824,0.06667,0.58502,0.50165,0.56277,1.00000,0.80441,0.10000,0.18874,0.26819,0.40762,0.42129
overcorrection_bias,0.8,full_demo_imitation,1,120,0.35000,0.34611,0.08333,0.55455,0.49830,0.53438,1.00000,0.78491,0.18333,0.19788,0.26909,0.42449,0.38685
overcorrection_bias,0.8,full_demo_imitation,2,120,0.35000,0.36142,0.05000,0.54272,0.54846,0.55929,1.00000,0.77734,0.14167,0.20087,0.27835,0.41285,0.42222
overcorrection_bias,0.8,full_demo_imitation,3,120,0.31667,0.32393,0.07500,0.53187,0.58062,0.57060,1.00000,0.77039,0.24167,0.21237,0.29717,0.44491,0.34302
overcorrection_bias,0.8,full_demo_imitation,4,120,0.39167,0.39386,0.05833,0.59754,0.51798,0.55694,1.00000,0.81243,0.10833,0.19732,0.26760,0.39783,0.47338
overcorrection_bias,0.8,full_demo_imitation,5,120,0.27500,0.26709,0.06667,0.51582,0.56905,0.57234,1.00000,0.76013,0.10833,0.21788,0.32127,0.45068,0.33149
overcorrection_bias,0.8,full_demo_imitation,6,120,0.35833,0.36919,0.10000,0.54741,0.55256,0.57325,1.00000,0.78034,0.12500,0.20410,0.28021,0.43232,0.41358
overcorrection_bias,0.8,full_demo_imitation,7,120,0.37500,0.39543,0.07500,0.58012,0.49298,0.55026,1.00000,0.80128,0.18333,0.18269,0.25984,0.40143,0.42721
overcorrection_bias,0.8,full_demo_imitation,8,120,0.38333,0.42666,0.06667,0.57424,0.48639,0.56213,1.00000,0.79751,0.14167,0.18780,0.25276,0.40277,0.46019
overcorrection_bias,0.8,full_demo_imitation,9,120,0.28333,0.30265,0.05000,0.53013,0.54629,0.57800,1.00000,0.76929,0.13333,0.21313,0.31719,0.45036,0.34962
overcorrection_bias,0.8,minimum_intervention_boundary_learner_v5,0,120,0.53333,0.67902,0.06667,0.51228,0.17611,0.51468,1.00000,0.40786,0.00000,0.10665,0.11947,0.48836,0.72102
overcorrection_bias,0.8,minimum_intervention_boundary_learner_v5,1,120,0.40000,0.53298,0.02500,0.49623,0.19498,0.50910,1.00000,0.39759,0.01667,0.11491,0.12121,0.49451,0.57261
overcorrection_bias,0.8,minimum_intervention_boundary_learner_v5,2,120,0.55833,0.78956,0.05000,0.48853,0.17604,0.51179,1.00000,0.39266,0.00833,0.09909,0.10158,0.47986,0.77656
overcorrection_bias,0.8,minimum_intervention_boundary_learner_v5,3,120,0.55833,0.74985,0.05833,0.49157,0.17609,0.51464,1.00000,0.39461,0.00833,0.09946,0.11172,0.49150,0.76435
overcorrection_bias,0.8,minimum_intervention_boundary_learner_v5,4,120,0.41667,0.53195,0.05833,0.49857,0.20260,0.51491,1.00000,0.39908,0.03333,0.11826,0.13385,0.51243,0.56863
overcorrection_bias,0.8,minimum_intervention_boundary_learner_v5,5,120,0.45000,0.59931,0.06667,0.47812,0.18219,0.51327,1.00000,0.38599,0.02500,0.11021,0.13415,0.49674,0.61437
overcorrection_bias,0.8,minimum_intervention_boundary_learner_v5,6,120,0.46667,0.60137,0.04167,0.48874,0.19222,0.52367,1.00000,0.39280,0.01667,0.11037,0.12258,0.49799,0.64794
overcorrection_bias,0.8,minimum_intervention_boundary_learner_v5,7,120,0.53333,0.70972,0.02500,0.51523,0.15705,0.51553,1.00000,0.40975,0.01667,0.08721,0.10242,0.47566,0.74417
overcorrection_bias,0.8,minimum_intervention_boundary_learner_v5,8,120,0.50833,0.69618,0.07500,0.51152,0.17439,0.51783,1.00000,0.40737,0.00000,0.10100,0.10895,0.48047,0.69550
overcorrection_bias,0.8,minimum_intervention_boundary_learner_v5,9,120,0.53333,0.73641,0.05000,0.49876,0.16069,0.54708,1.00000,0.39920,0.02500,0.09448,0.11278,0.49045,0.74002
overcorrection_bias,0.8,oracle_minimal_correction,0,120,0.60000,0.79565,0.02500,0.53471,0.11505,0.51933,1.00000,0.42222,0.00833,0.36885,0.03409,0.46872,0.83166
overcorrection_bias,0.8,oracle_minimal_correction,1,120,0.64167,0.83977,0.06667,0.52117,0.12828,0.51532,1.00000,0.41355,0.00833,0.37622,0.03445,0.47171,0.86138
overcorrection_bias,0.8,oracle_minimal_correction,2,120,0.60833,0.83476,0.04167,0.49493,0.13067,0.51945,1.00000,0.39675,0.00000,0.37767,0.03365,0.47520,0.84375
overcorrection_bias,0.8,oracle_minimal_correction,3,120,0.65000,0.86837,0.05833,0.51351,0.12336,0.52365,1.00000,0.40865,0.00000,0.36731,0.03427,0.47309,0.88405
overcorrection_bias,0.8,oracle_minimal_correction,4,120,0.60000,0.75671,0.07500,0.53951,0.13347,0.52152,1.00000,0.42529,0.00000,0.38401,0.03272,0.47694,0.79998
overcorrection_bias,0.8,oracle_minimal_correction,5,120,0.62500,0.86589,0.02500,0.51538,0.09944,0.51822,1.00000,0.40984,0.00000,0.35858,0.03350,0.46318,0.87458
overcorrection_bias,0.8,oracle_minimal_correction,6,120,0.55833,0.74654,0.03333,0.51485,0.12300,0.53122,1.00000,0.40951,0.00833,0.37503,0.03357,0.47397,0.77724
overcorrection_bias,0.8,oracle_minimal_correction,7,120,0.57500,0.76029,0.04167,0.52486,0.11386,0.52228,1.00000,0.41591,0.00000,0.36458,0.03336,0.46876,0.79321
overcorrection_bias,0.8,oracle_minimal_correction,8,120,0.58333,0.78816,0.04167,0.52653,0.11019,0.52222,1.00000,0.41698,0.00000,0.35923,0.03345,0.46614,0.80749
overcorrection_bias,0.8,oracle_minimal_correction,9,120,0.54167,0.72871,0.08333,0.52521,0.10657,0.55273,1.00000,0.41614,0.00833,0.35101,0.03313,0.46540,0.73271
overcorrection_bias,0.8,residual_correction_learner,0,120,0.38333,0.47739,0.05833,0.42096,0.48403,0.51981,1.00000,0.34941,0.10833,0.22476,0.28923,0.57242,0.50816
overcorrection_bias,0.8,residual_correction_learner,1,120,0.27500,0.33925,0.02500,0.38897,0.51738,0.50729,1.00000,0.32894,0.12500,0.24142,0.29763,0.59580,0.38257
overcorrection_bias,0.8,residual_correction_learner,2,120,0.37500,0.39692,0.04167,0.38144,0.53240,0.52871,1.00000,0.32412,0.14167,0.24154,0.29431,0.58338,0.48430
overcorrection_bias,0.8,residual_correction_learner,3,120,0.31667,0.35521,0.01667,0.38000,0.53641,0.52426,1.00000,0.32320,0.15000,0.25132,0.31610,0.60123,0.42782
overcorrection_bias,0.8,residual_correction_learner,4,120,0.37500,0.43197,0.07500,0.41140,0.53582,0.51084,1.00000,0.34330,0.16667,0.25054,0.29591,0.58296,0.46448
overcorrection_bias,0.8,residual_correction_learner,5,120,0.19167,0.22996,0.04167,0.35137,0.56505,0.53893,1.00000,0.30488,0.15833,0.26533,0.33428,0.62023,0.26361
overcorrection_bias,0.8,residual_correction_learner,6,120,0.35000,0.36209,0.06667,0.38007,0.51836,0.53018,1.00000,0.32324,0.18333,0.24386,0.30153,0.59488,0.42778
overcorrection_bias,0.8,residual_correction_learner,7,120,0.33333,0.36602,0.05000,0.40527,0.49472,0.52636,1.00000,0.33937,0.14167,0.23099,0.29606,0.58359,0.43053
overcorrection_bias,0.8,residual_correction_learner,8,120,0.37500,0.42921,0.03333,0.41443,0.47911,0.51991,1.00000,0.34523,0.16667,0.22498,0.28180,0.56648,0.48580
overcorrection_bias,0.8,residual_correction_learner,9,120,0.30833,0.33578,0.05833,0.37070,0.55414,0.54486,1.00000,0.31725,0.18333,0.26352,0.34051,0.61693,0.38794
overcorrection_bias,0.8,robust_mpc_correction,0,120,0.58333,0.79817,0.06667,0.58133,0.09745,0.50197,1.00000,0.45205,0.01667,0.04005,0.05366,0.42256,0.78564
overcorrection_bias,0.8,robust_mpc_correction,1,120,0.45833,0.62104,0.04167,0.57511,0.10947,0.49279,1.00000,0.44807,0.05000,0.04371,0.05679,0.41778,0.62408
overcorrection_bias,0.8,robust_mpc_correction,2,120,0.54167,0.78119,0.06667,0.55200,0.09800,0.49646,1.00000,0.43328,0.00000,0.03464,0.05228,0.41289,0.74455
overcorrection_bias,0.8,robust_mpc_correction,3,120,0.61667,0.88315,0.06667,0.56320,0.11017,0.50035,1.00000,0.44045,0.03333,0.04317,0.05397,0.41924,0.83315
overcorrection_bias,0.8,robust_mpc_correction,4,120,0.59167,0.76746,0.05000,0.58891,0.10109,0.49956,1.00000,0.45690,0.02500,0.05077,0.05365,0.42749,0.79327
overcorrection_bias,0.8,robust_mpc_correction,5,120,0.60833,0.86779,0.07500,0.55960,0.09678,0.49914,1.00000,0.43814,0.04167,0.03524,0.05506,0.41687,0.81460
overcorrection_bias,0.8,robust_mpc_correction,6,120,0.60833,0.85131,0.03333,0.56799,0.09406,0.50861,1.00000,0.44351,0.03333,0.04046,0.05321,0.42120,0.83618
overcorrection_bias,0.8,robust_mpc_correction,7,120,0.52500,0.73626,0.04167,0.57846,0.09901,0.50136,1.00000,0.45022,0.04167,0.03262,0.05383,0.41383,0.71925
overcorrection_bias,0.8,robust_mpc_correction,8,120,0.57500,0.82700,0.04167,0.57001,0.11303,0.50389,1.00000,0.44481,0.05000,0.04446,0.05890,0.42086,0.78781
overcorrection_bias,0.8,robust_mpc_correction,9,120,0.56667,0.80609,0.05000,0.57075,0.11040,0.53253,1.00000,0.44528,0.04167,0.03570,0.05658,0.41736,0.77640
overcorrection_bias,0.8,uncertainty_query_policy,0,120,0.36667,0.44160,0.05000,0.52562,0.34340,0.53602,1.00000,0.41639,0.16667,0.19236,0.22521,0.46613,0.46540
overcorrection_bias,0.8,uncertainty_query_policy,1,120,0.45833,0.50710,0.05833,0.49880,0.34553,0.51692,1.00000,0.39923,0.13333,0.20267,0.22700,0.48229,0.57558
overcorrection_bias,0.8,uncertainty_query_policy,2,120,0.41667,0.50382,0.02500,0.49500,0.38778,0.52875,1.00000,0.39680,0.16667,0.20094,0.22917,0.46152,0.54180
overcorrection_bias,0.8,uncertainty_query_policy,3,120,0.40833,0.47947,0.11667,0.47625,0.39002,0.53972,1.00000,0.38480,0.13333,0.22000,0.24786,0.50090,0.49371
overcorrection_bias,0.8,uncertainty_query_policy,4,120,0.32500,0.36076,0.08333,0.52768,0.36009,0.52839,1.00000,0.41772,0.12500,0.21658,0.23137,0.46153,0.39900
overcorrection_bias,0.8,uncertainty_query_policy,5,120,0.42500,0.50386,0.03333,0.46270,0.39491,0.54537,1.00000,0.37613,0.13333,0.23174,0.26639,0.50522,0.56042
overcorrection_bias,0.8,uncertainty_query_policy,6,120,0.39167,0.47907,0.08333,0.49172,0.38420,0.54863,1.00000,0.39470,0.15000,0.21811,0.23950,0.48032,0.48930
overcorrection_bias,0.8,uncertainty_query_policy,7,120,0.40833,0.47340,0.05833,0.51820,0.34330,0.53164,1.00000,0.41165,0.20833,0.18586,0.21924,0.46002,0.49741
overcorrection_bias,0.8,uncertainty_query_policy,8,120,0.38333,0.45190,0.09167,0.51388,0.32287,0.53603,1.00000,0.40888,0.13333,0.18403,0.21625,0.46384,0.47223
overcorrection_bias,0.8,uncertainty_query_policy,9,120,0.40833,0.45457,0.05000,0.48379,0.38833,0.55858,1.00000,0.38963,0.10000,0.22248,0.26224,0.49736,0.53429
overcorrection_bias,1.0,active_entropy_query_policy,0,120,0.40833,0.54924,0.02500,0.43347,0.27512,0.50869,1.00000,0.35742,0.10833,0.21338,0.19340,0.54619,0.56319
overcorrection_bias,1.0,active_entropy_query_policy,1,120,0.38333,0.51222,0.05000,0.46268,0.26611,0.50669,1.00000,0.37612,0.07500,0.21186,0.19162,0.54181,0.52506
overcorrection_bias,1.0,active_entropy_query_policy,2,120,0.42500,0.56637,0.08333,0.47147,0.26575,0.52191,1.00000,0.38174,0.12500,0.19246,0.16552,0.52076,0.54798
overcorrection_bias,1.0,active_entropy_query_policy,3,120,0.47500,0.62568,0.00833,0.45424,0.25834,0.50839,1.00000,0.37071,0.08333,0.19576,0.16255,0.52812,0.66080
overcorrection_bias,1.0,active_entropy_query_policy,4,120,0.45833,0.64183,0.05000,0.44827,0.28738,0.52272,1.00000,0.36689,0.09167,0.20533,0.19005,0.53427,0.62603
overcorrection_bias,1.0,active_entropy_query_policy,5,120,0.50000,0.68589,0.05833,0.44171,0.27285,0.52211,1.00000,0.36270,0.11667,0.19065,0.17917,0.53782,0.66634
overcorrection_bias,1.0,active_entropy_query_policy,6,120,0.43333,0.58870,0.06667,0.43907,0.25764,0.51835,1.00000,0.36100,0.14167,0.20400,0.19493,0.54594,0.56695
overcorrection_bias,1.0,active_entropy_query_policy,7,120,0.39167,0.55740,0.08333,0.44161,0.26133,0.50213,1.00000,0.36263,0.11667,0.19928,0.17234,0.52975,0.51374
overcorrection_bias,1.0,active_entropy_query_policy,8,120,0.45833,0.61573,0.05833,0.42240,0.28511,0.52194,1.00000,0.35034,0.12500,0.21942,0.18655,0.55167,0.60813
overcorrection_bias,1.0,active_entropy_query_policy,9,120,0.45833,0.62404,0.05000,0.44491,0.28730,0.53329,1.00000,0.36474,0.10000,0.21478,0.18298,0.55230,0.62215
overcorrection_bias,1.0,full_demo_imitation,0,120,0.34167,0.32379,0.08333,0.55838,0.52941,0.58136,1.00000,0.78737,0.10833,0.20451,0.28107,0.39819,0.39929
overcorrection_bias,1.0,full_demo_imitation,1,120,0.35000,0.34575,0.11667,0.58908,0.51235,0.56668,1.00000,0.80701,0.18333,0.19409,0.28126,0.40989,0.37191
overcorrection_bias,1.0,full_demo_imitation,2,120,0.35833,0.39448,0.04167,0.59684,0.50586,0.56311,1.00000,0.81197,0.16667,0.18383,0.24072,0.39015,0.43296
overcorrection_bias,1.0,full_demo_imitation,3,120,0.35833,0.35403,0.06667,0.57463,0.45199,0.55484,1.00000,0.79776,0.22500,0.17882,0.23442,0.39607,0.39459
overcorrection_bias,1.0,full_demo_imitation,4,120,0.40000,0.37924,0.09167,0.61190,0.52906,0.56343,1.00000,0.82162,0.15833,0.19191,0.26460,0.34755,0.44508
overcorrection_bias,1.0,full_demo_imitation,5,120,0.36667,0.38300,0.09167,0.56233,0.51527,0.54192,1.00000,0.78989,0.13333,0.18508,0.26448,0.39722,0.42069
overcorrection_bias,1.0,full_demo_imitation,6,120,0.30000,0.29457,0.13333,0.56679,0.54574,0.55397,1.00000,0.79275,0.14167,0.20344,0.30449,0.40073,0.31218
overcorrection_bias,1.0,full_demo_imitation,7,120,0.35000,0.37570,0.08333,0.58891,0.53263,0.54662,1.00000,0.80690,0.21667,0.18197,0.25093,0.37311,0.38206
overcorrection_bias,1.0,full_demo_imitation,8,120,0.34167,0.37631,0.09167,0.54295,0.52458,0.55308,1.00000,0.77749,0.16667,0.20023,0.26187,0.40760,0.38742
overcorrection_bias,1.0,full_demo_imitation,9,120,0.35000,0.37763,0.05000,0.55805,0.52509,0.55335,1.00000,0.78715,0.13333,0.21035,0.27282,0.42966,0.42774
overcorrection_bias,1.0,minimum_intervention_boundary_learner_v5,0,120,0.53333,0.71502,0.04167,0.48731,0.17442,0.51026,1.00000,0.39188,0.00833,0.10011,0.11379,0.48697,0.73969
overcorrection_bias,1.0,minimum_intervention_boundary_learner_v5,1,120,0.44167,0.59176,0.02500,0.51313,0.18057,0.51112,1.00000,0.40840,0.00833,0.10763,0.11622,0.48780,0.62898
overcorrection_bias,1.0,minimum_intervention_boundary_learner_v5,2,120,0.55833,0.77148,0.05000,0.50928,0.18233,0.52634,1.00000,0.40594,0.00000,0.10926,0.10410,0.47968,0.77620
overcorrection_bias,1.0,minimum_intervention_boundary_learner_v5,3,120,0.49167,0.66197,0.06667,0.49057,0.17977,0.51455,1.00000,0.39396,0.01667,0.10525,0.10223,0.48887,0.67157
overcorrection_bias,1.0,minimum_intervention_boundary_learner_v5,4,120,0.47500,0.67869,0.06667,0.48672,0.18455,0.52767,1.00000,0.39150,0.01667,0.10239,0.12321,0.49171,0.66054
overcorrection_bias,1.0,minimum_intervention_boundary_learner_v5,5,120,0.46667,0.67331,0.05000,0.48495,0.18909,0.52577,1.00000,0.39037,0.00000,0.10030,0.11346,0.48683,0.66392
overcorrection_bias,1.0,minimum_intervention_boundary_learner_v5,6,120,0.44167,0.60153,0.04167,0.49619,0.16612,0.52253,1.00000,0.39756,0.02500,0.09816,0.11476,0.48689,0.61972
overcorrection_bias,1.0,minimum_intervention_boundary_learner_v5,7,120,0.47500,0.68311,0.03333,0.47922,0.18517,0.50686,1.00000,0.38670,0.05000,0.11285,0.11229,0.48878,0.66688
overcorrection_bias,1.0,minimum_intervention_boundary_learner_v5,8,120,0.45000,0.65152,0.07500,0.47361,0.20036,0.52764,1.00000,0.38311,0.01667,0.11455,0.11739,0.49986,0.62601
overcorrection_bias,1.0,minimum_intervention_boundary_learner_v5,9,120,0.45833,0.63243,0.05000,0.49374,0.19864,0.53761,1.00000,0.39599,0.05000,0.11524,0.11404,0.49779,0.63443
overcorrection_bias,1.0,oracle_minimal_correction,0,120,0.64167,0.89073,0.02500,0.50643,0.12561,0.51619,1.00000,0.40412,0.00833,0.36882,0.03383,0.47352,0.89489
overcorrection_bias,1.0,oracle_minimal_correction,1,120,0.60000,0.81799,0.07500,0.53290,0.11589,0.51768,1.00000,0.42106,0.00000,0.36773,0.03392,0.47049,0.81283
overcorrection_bias,1.0,oracle_minimal_correction,2,120,0.60833,0.83089,0.03333,0.52176,0.12471,0.53400,1.00000,0.41393,0.00833,0.37476,0.03191,0.47145,0.84583
overcorrection_bias,1.0,oracle_minimal_correction,3,120,0.61667,0.81372,0.05833,0.50511,0.14060,0.52343,1.00000,0.40327,0.00833,0.38127,0.03312,0.47800,0.83682
overcorrection_bias,1.0,oracle_minimal_correction,4,120,0.59167,0.80906,0.07500,0.51521,0.11045,0.53378,1.00000,0.40974,0.00833,0.35901,0.03233,0.46582,0.80257
overcorrection_bias,1.0,oracle_minimal_correction,5,120,0.59167,0.83464,0.03333,0.49942,0.11444,0.53142,1.00000,0.39963,0.00000,0.35777,0.03362,0.46954,0.83253
overcorrection_bias,1.0,oracle_minimal_correction,6,120,0.58333,0.78862,0.02500,0.51690,0.11503,0.52940,1.00000,0.41082,0.02500,0.35971,0.03358,0.47008,0.81067
overcorrection_bias,1.0,oracle_minimal_correction,7,120,0.52500,0.74919,0.04167,0.49733,0.13601,0.51508,1.00000,0.39829,0.02500,0.38358,0.03325,0.47614,0.73400
overcorrection_bias,1.0,oracle_minimal_correction,8,120,0.59167,0.78913,0.05000,0.49999,0.13663,0.53460,1.00000,0.39999,0.00833,0.37824,0.03353,0.47685,0.81228
overcorrection_bias,1.0,oracle_minimal_correction,9,120,0.54167,0.73000,0.07500,0.51743,0.13631,0.54375,1.00000,0.41115,0.00000,0.38097,0.03288,0.47577,0.73924
overcorrection_bias,1.0,residual_correction_learner,0,120,0.34167,0.40575,0.03333,0.37405,0.52406,0.53200,1.00000,0.31939,0.11667,0.24381,0.30496,0.59782,0.46561
overcorrection_bias,1.0,residual_correction_learner,1,120,0.28333,0.32842,0.03333,0.40049,0.51454,0.53240,1.00000,0.33631,0.15833,0.24309,0.30449,0.59833,0.37791
overcorrection_bias,1.0,residual_correction_learner,2,120,0.38333,0.47351,0.05000,0.42169,0.49822,0.53846,1.00000,0.34988,0.11667,0.22816,0.27662,0.56050,0.51112
overcorrection_bias,1.0,residual_correction_learner,3,120,0.37500,0.43472,0.01667,0.40965,0.48305,0.52094,1.00000,0.34217,0.15000,0.22887,0.27602,0.57133,0.50086
overcorrection_bias,1.0,residual_correction_learner,4,120,0.40000,0.48716,0.07500,0.41162,0.53295,0.53339,1.00000,0.34344,0.11667,0.22955,0.28840,0.56497,0.51764
overcorrection_bias,1.0,residual_correction_learner,5,120,0.25000,0.30888,0.05833,0.40203,0.52411,0.53343,1.00000,0.33730,0.14167,0.23082,0.29471,0.56731,0.33049
overcorrection_bias,1.0,residual_correction_learner,6,120,0.32500,0.33065,0.05000,0.37295,0.52572,0.52146,1.00000,0.31869,0.17500,0.25201,0.32667,0.60755,0.40657
overcorrection_bias,1.0,residual_correction_learner,7,120,0.35833,0.42856,0.05000,0.40707,0.54690,0.51780,1.00000,0.34053,0.15833,0.23173,0.28466,0.56633,0.46259
overcorrection_bias,1.0,residual_correction_learner,8,120,0.32500,0.39671,0.05000,0.38471,0.53693,0.53389,1.00000,0.32622,0.18333,0.23624,0.28578,0.57511,0.41842
overcorrection_bias,1.0,residual_correction_learner,9,120,0.28333,0.34083,0.07500,0.39238,0.51321,0.53486,1.00000,0.33112,0.18333,0.24468,0.29181,0.59661,0.35244
overcorrection_bias,1.0,robust_mpc_correction,0,120,0.59167,0.84468,0.06667,0.55914,0.09682,0.49619,1.00000,0.43785,0.02500,0.03542,0.05242,0.41420,0.80134
overcorrection_bias,1.0,robust_mpc_correction,1,120,0.47500,0.65478,0.04167,0.57831,0.10796,0.49775,1.00000,0.45012,0.00833,0.04914,0.06179,0.42420,0.66071
overcorrection_bias,1.0,robust_mpc_correction,2,120,0.54167,0.77624,0.07500,0.57630,0.10834,0.51353,1.00000,0.44883,0.00833,0.04131,0.05054,0.41452,0.73839
overcorrection_bias,1.0,robust_mpc_correction,3,120,0.60833,0.84691,0.06667,0.56099,0.10336,0.50000,1.00000,0.43904,0.01667,0.04361,0.04967,0.41774,0.82145
overcorrection_bias,1.0,robust_mpc_correction,4,120,0.60833,0.88858,0.04167,0.55633,0.09816,0.51404,1.00000,0.43605,0.02500,0.03567,0.05686,0.42231,0.84347
overcorrection_bias,1.0,robust_mpc_correction,5,120,0.61667,0.90832,0.06667,0.54659,0.11352,0.51079,1.00000,0.42982,0.04167,0.03832,0.05750,0.42008,0.83823
overcorrection_bias,1.0,robust_mpc_correction,6,120,0.58333,0.83398,0.03333,0.56663,0.10812,0.50920,1.00000,0.44264,0.02500,0.03499,0.06001,0.41573,0.80954
overcorrection_bias,1.0,robust_mpc_correction,7,120,0.50000,0.72939,0.03333,0.54808,0.10417,0.49212,1.00000,0.43077,0.03333,0.04750,0.05138,0.42062,0.69942
overcorrection_bias,1.0,robust_mpc_correction,8,120,0.55833,0.80940,0.03333,0.54811,0.11519,0.51353,1.00000,0.43079,0.03333,0.04843,0.05714,0.42608,0.77841
overcorrection_bias,1.0,robust_mpc_correction,9,120,0.55833,0.75559,0.05833,0.57549,0.10860,0.52402,1.00000,0.44832,0.05000,0.04149,0.04593,0.41734,0.74904
overcorrection_bias,1.0,uncertainty_query_policy,0,120,0.40000,0.46622,0.06667,0.49904,0.36185,0.54862,1.00000,0.39939,0.17500,0.20476,0.23493,0.46156,0.49533
overcorrection_bias,1.0,uncertainty_query_policy,1,120,0.40833,0.43707,0.04167,0.52833,0.36089,0.53443,1.00000,0.41813,0.13333,0.20900,0.23869,0.46498,0.51940
overcorrection_bias,1.0,uncertainty_query_policy,2,120,0.38333,0.43822,0.02500,0.53111,0.35078,0.53383,1.00000,0.41991,0.15833,0.17871,0.20184,0.45231,0.49553
overcorrection_bias,1.0,uncertainty_query_policy,3,120,0.45000,0.55467,0.09167,0.51173,0.32243,0.53099,1.00000,0.40750,0.14167,0.18015,0.19595,0.45721,0.55825
overcorrection_bias,1.0,uncertainty_query_policy,4,120,0.33333,0.42614,0.06667,0.52831,0.37919,0.54970,1.00000,0.41812,0.14167,0.19482,0.22633,0.43225,0.42701
overcorrection_bias,1.0,uncertainty_query_policy,5,120,0.43333,0.49223,0.05000,0.50085,0.37235,0.53428,1.00000,0.40054,0.15000,0.19008,0.22346,0.45943,0.54803
overcorrection_bias,1.0,uncertainty_query_policy,6,120,0.40833,0.48447,0.07500,0.49941,0.37215,0.53258,1.00000,0.39962,0.15000,0.21025,0.24864,0.47026,0.50868
overcorrection_bias,1.0,uncertainty_query_policy,7,120,0.45000,0.52058,0.09167,0.52074,0.37395,0.52806,1.00000,0.41327,0.22500,0.18131,0.20729,0.43584,0.52570
overcorrection_bias,1.0,uncertainty_query_policy,8,120,0.36667,0.44614,0.08333,0.47836,0.36331,0.53463,1.00000,0.38615,0.13333,0.20651,0.22353,0.47514,0.46003
overcorrection_bias,1.0,uncertainty_query_policy,9,120,0.40833,0.46534,0.02500,0.50876,0.35913,0.54036,1.00000,0.40561,0.15833,0.20163,0.21845,0.47551,0.52915
