stress_axis,stress_level,method,metric,mean,ci95,seeds,rows_per_seed
combined,0.0,active_entropy_query_policy,task_success,0.46583,0.02115,10,120
combined,0.0,active_entropy_query_policy,correction_efficiency,0.81751,0.04114,10,120
combined,0.0,active_entropy_query_policy,damage,0.03667,0.01010,10,120
combined,0.0,active_entropy_query_policy,intervention_magnitude,0.21781,0.00569,10,120
combined,0.0,active_entropy_query_policy,boundary_error,0.33570,0.00695,10,120
combined,0.0,active_entropy_query_policy,intent_preservation,0.67906,0.01045,10,120
combined,0.0,active_entropy_query_policy,query_rate,0.17500,0.02335,10,120
combined,0.0,active_entropy_query_policy,human_time,0.06491,0.00697,10,120
combined,0.0,active_entropy_query_policy,unsafe_override,0.04083,0.00787,10,120
combined,0.0,active_entropy_query_policy,calibration_error,0.14733,0.00514,10,120
combined,0.0,active_entropy_query_policy,regret_to_oracle,0.16695,0.00531,10,120
combined,0.0,active_entropy_query_policy,intervention_sparsity,0.61914,0.00515,10,120
combined,0.0,active_entropy_query_policy,robust_utility,0.73150,0.03016,10,120
combined,0.0,full_demo_imitation,task_success,0.56917,0.02374,10,120
combined,0.0,full_demo_imitation,correction_efficiency,1.06420,0.06207,10,120
combined,0.0,full_demo_imitation,damage,0.04000,0.00836,10,120
combined,0.0,full_demo_imitation,intervention_magnitude,0.30676,0.00670,10,120
combined,0.0,full_demo_imitation,boundary_error,0.22651,0.00958,10,120
combined,0.0,full_demo_imitation,intent_preservation,0.68075,0.00931,10,120
combined,0.0,full_demo_imitation,query_rate,1.00000,0.00000,10,120
combined,0.0,full_demo_imitation,human_time,0.62632,0.00429,10,120
combined,0.0,full_demo_imitation,unsafe_override,0.04750,0.01462,10,120
combined,0.0,full_demo_imitation,calibration_error,0.07218,0.00265,10,120
combined,0.0,full_demo_imitation,regret_to_oracle,0.09860,0.00243,10,120
combined,0.0,full_demo_imitation,intervention_sparsity,0.44995,0.00488,10,120
combined,0.0,full_demo_imitation,robust_utility,0.85200,0.03599,10,120
combined,0.0,minimum_intervention_boundary_learner_v5,task_success,0.57917,0.02401,10,120
combined,0.0,minimum_intervention_boundary_learner_v5,correction_efficiency,1.14573,0.06372,10,120
combined,0.0,minimum_intervention_boundary_learner_v5,damage,0.03500,0.00871,10,120
combined,0.0,minimum_intervention_boundary_learner_v5,intervention_magnitude,0.31246,0.00680,10,120
combined,0.0,minimum_intervention_boundary_learner_v5,boundary_error,0.19458,0.01024,10,120
combined,0.0,minimum_intervention_boundary_learner_v5,intent_preservation,0.70654,0.00966,10,120
combined,0.0,minimum_intervention_boundary_learner_v5,query_rate,0.12500,0.01933,10,120
combined,0.0,minimum_intervention_boundary_learner_v5,human_time,0.05270,0.00436,10,120
combined,0.0,minimum_intervention_boundary_learner_v5,unsafe_override,0.00000,0.00000,10,120
combined,0.0,minimum_intervention_boundary_learner_v5,calibration_error,0.21172,0.00472,10,120
combined,0.0,minimum_intervention_boundary_learner_v5,regret_to_oracle,0.06691,0.00238,10,120
combined,0.0,minimum_intervention_boundary_learner_v5,intervention_sparsity,0.44552,0.00348,10,120
combined,0.0,minimum_intervention_boundary_learner_v5,robust_utility,0.92478,0.03536,10,120
combined,0.0,oracle_minimal_correction,task_success,0.63000,0.01600,10,120
combined,0.0,oracle_minimal_correction,correction_efficiency,1.25074,0.04572,10,120
combined,0.0,oracle_minimal_correction,damage,0.03583,0.00809,10,120
combined,0.0,oracle_minimal_correction,intervention_magnitude,0.30107,0.00685,10,120
combined,0.0,oracle_minimal_correction,boundary_error,0.16418,0.00984,10,120
combined,0.0,oracle_minimal_correction,intent_preservation,0.67895,0.00930,10,120
combined,0.0,oracle_minimal_correction,query_rate,1.00000,0.00000,10,120
combined,0.0,oracle_minimal_correction,human_time,0.27268,0.00439,10,120
combined,0.0,oracle_minimal_correction,unsafe_override,0.00000,0.00000,10,120
combined,0.0,oracle_minimal_correction,calibration_error,0.32789,0.00388,10,120
combined,0.0,oracle_minimal_correction,regret_to_oracle,0.02735,0.00030,10,120
combined,0.0,oracle_minimal_correction,intervention_sparsity,0.47001,0.00289,10,120
combined,0.0,oracle_minimal_correction,robust_utility,0.98602,0.02456,10,120
combined,0.0,residual_correction_learner,task_success,0.52583,0.02672,10,120
combined,0.0,residual_correction_learner,correction_efficiency,0.92327,0.05271,10,120
combined,0.0,residual_correction_learner,damage,0.03917,0.01090,10,120
combined,0.0,residual_correction_learner,intervention_magnitude,0.28254,0.00699,10,120
combined,0.0,residual_correction_learner,boundary_error,0.31375,0.01460,10,120
combined,0.0,residual_correction_learner,intent_preservation,0.63415,0.00965,10,120
combined,0.0,residual_correction_learner,query_rate,1.00000,0.00000,10,120
combined,0.0,residual_correction_learner,human_time,0.26083,0.00448,10,120
combined,0.0,residual_correction_learner,unsafe_override,0.06167,0.01173,10,120
combined,0.0,residual_correction_learner,calibration_error,0.09448,0.00509,10,120
combined,0.0,residual_correction_learner,regret_to_oracle,0.14416,0.00570,10,120
combined,0.0,residual_correction_learner,intervention_sparsity,0.48073,0.00809,10,120
combined,0.0,residual_correction_learner,robust_utility,0.78606,0.03521,10,120
combined,0.0,robust_mpc_correction,task_success,0.59917,0.02781,10,120
combined,0.0,robust_mpc_correction,correction_efficiency,1.28912,0.05425,10,120
combined,0.0,robust_mpc_correction,damage,0.03417,0.00957,10,120
combined,0.0,robust_mpc_correction,intervention_magnitude,0.33430,0.00742,10,120
combined,0.0,robust_mpc_correction,boundary_error,0.15223,0.00737,10,120
combined,0.0,robust_mpc_correction,intent_preservation,0.65088,0.00928,10,120
combined,0.0,robust_mpc_correction,query_rate,1.00000,0.00000,10,120
combined,0.0,robust_mpc_correction,human_time,0.29395,0.00475,10,120
combined,0.0,robust_mpc_correction,unsafe_override,0.00000,0.00000,10,120
combined,0.0,robust_mpc_correction,calibration_error,0.03452,0.00266,10,120
combined,0.0,robust_mpc_correction,regret_to_oracle,0.04709,0.00120,10,120
combined,0.0,robust_mpc_correction,intervention_sparsity,0.41035,0.00209,10,120
combined,0.0,robust_mpc_correction,robust_utility,0.95691,0.03915,10,120
combined,0.0,uncertainty_query_policy,task_success,0.47083,0.02533,10,120
combined,0.0,uncertainty_query_policy,correction_efficiency,0.82065,0.03584,10,120
combined,0.0,uncertainty_query_policy,damage,0.03833,0.01198,10,120
combined,0.0,uncertainty_query_policy,intervention_magnitude,0.21493,0.00726,10,120
combined,0.0,uncertainty_query_policy,boundary_error,0.35792,0.01003,10,120
combined,0.0,uncertainty_query_policy,intent_preservation,0.63155,0.00840,10,120
combined,0.0,uncertainty_query_policy,query_rate,0.27417,0.01695,10,120
combined,0.0,uncertainty_query_policy,human_time,0.09034,0.00522,10,120
combined,0.0,uncertainty_query_policy,unsafe_override,0.05000,0.00808,10,120
combined,0.0,uncertainty_query_policy,calibration_error,0.13924,0.00322,10,120
combined,0.0,uncertainty_query_policy,regret_to_oracle,0.18408,0.00296,10,120
combined,0.0,uncertainty_query_policy,intervention_sparsity,0.61909,0.00717,10,120
combined,0.0,uncertainty_query_policy,robust_utility,0.72643,0.03420,10,120
combined,0.2,active_entropy_query_policy,task_success,0.42833,0.02579,10,120
combined,0.2,active_entropy_query_policy,correction_efficiency,0.69299,0.04489,10,120
combined,0.2,active_entropy_query_policy,damage,0.04250,0.01568,10,120
combined,0.2,active_entropy_query_policy,intervention_magnitude,0.25228,0.00343,10,120
combined,0.2,active_entropy_query_policy,boundary_error,0.34650,0.00923,10,120
combined,0.2,active_entropy_query_policy,intent_preservation,0.62637,0.00826,10,120
combined,0.2,active_entropy_query_policy,query_rate,0.17500,0.02335,10,120
combined,0.2,active_entropy_query_policy,human_time,0.06779,0.00643,10,120
combined,0.2,active_entropy_query_policy,unsafe_override,0.06167,0.00815,10,120
combined,0.2,active_entropy_query_policy,calibration_error,0.16972,0.00564,10,120
combined,0.2,active_entropy_query_policy,regret_to_oracle,0.19994,0.00901,10,120
combined,0.2,active_entropy_query_policy,intervention_sparsity,0.62088,0.00478,10,120
combined,0.2,active_entropy_query_policy,robust_utility,0.65085,0.03629,10,120
combined,0.2,full_demo_imitation,task_success,0.47667,0.02242,10,120
combined,0.2,full_demo_imitation,correction_efficiency,0.68759,0.02955,10,120
combined,0.2,full_demo_imitation,damage,0.07000,0.01147,10,120
combined,0.2,full_demo_imitation,intervention_magnitude,0.39155,0.00794,10,120
combined,0.2,full_demo_imitation,boundary_error,0.40270,0.01779,10,120
combined,0.2,full_demo_imitation,intent_preservation,0.63510,0.00715,10,120
combined,0.2,full_demo_imitation,query_rate,1.00000,0.00000,10,120
combined,0.2,full_demo_imitation,human_time,0.68059,0.00508,10,120
combined,0.2,full_demo_imitation,unsafe_override,0.08833,0.02221,10,120
combined,0.2,full_demo_imitation,calibration_error,0.11963,0.00809,10,120
combined,0.2,full_demo_imitation,regret_to_oracle,0.17443,0.01264,10,120
combined,0.2,full_demo_imitation,intervention_sparsity,0.38948,0.01003,10,120
combined,0.2,full_demo_imitation,robust_utility,0.63821,0.02560,10,120
combined,0.2,minimum_intervention_boundary_learner_v5,task_success,0.54500,0.02658,10,120
combined,0.2,minimum_intervention_boundary_learner_v5,correction_efficiency,0.97276,0.05678,10,120
combined,0.2,minimum_intervention_boundary_learner_v5,damage,0.04000,0.00904,10,120
combined,0.2,minimum_intervention_boundary_learner_v5,intervention_magnitude,0.34959,0.00407,10,120
combined,0.2,minimum_intervention_boundary_learner_v5,boundary_error,0.18952,0.01026,10,120
combined,0.2,minimum_intervention_boundary_learner_v5,intent_preservation,0.64494,0.00722,10,120
combined,0.2,minimum_intervention_boundary_learner_v5,query_rate,0.16750,0.02366,10,120
combined,0.2,minimum_intervention_boundary_learner_v5,human_time,0.06542,0.00729,10,120
combined,0.2,minimum_intervention_boundary_learner_v5,unsafe_override,0.00000,0.00000,10,120
combined,0.2,minimum_intervention_boundary_learner_v5,calibration_error,0.15895,0.00657,10,120
combined,0.2,minimum_intervention_boundary_learner_v5,regret_to_oracle,0.08655,0.00431,10,120
combined,0.2,minimum_intervention_boundary_learner_v5,intervention_sparsity,0.47216,0.00448,10,120
combined,0.2,minimum_intervention_boundary_learner_v5,robust_utility,0.84271,0.03807,10,120
combined,0.2,oracle_minimal_correction,task_success,0.63417,0.01729,10,120
combined,0.2,oracle_minimal_correction,correction_efficiency,1.14497,0.04712,10,120
combined,0.2,oracle_minimal_correction,damage,0.03750,0.00982,10,120
combined,0.2,oracle_minimal_correction,intervention_magnitude,0.35392,0.00593,10,120
combined,0.2,oracle_minimal_correction,boundary_error,0.14326,0.01217,10,120
combined,0.2,oracle_minimal_correction,intent_preservation,0.62909,0.00710,10,120
combined,0.2,oracle_minimal_correction,query_rate,1.00000,0.00000,10,120
combined,0.2,oracle_minimal_correction,human_time,0.30651,0.00379,10,120
combined,0.2,oracle_minimal_correction,unsafe_override,0.00000,0.00000,10,120
combined,0.2,oracle_minimal_correction,calibration_error,0.33459,0.00684,10,120
combined,0.2,oracle_minimal_correction,regret_to_oracle,0.02999,0.00040,10,120
combined,0.2,oracle_minimal_correction,intervention_sparsity,0.46916,0.00423,10,120
combined,0.2,oracle_minimal_correction,robust_utility,0.95801,0.02640,10,120
combined,0.2,residual_correction_learner,task_success,0.46000,0.03398,10,120
combined,0.2,residual_correction_learner,correction_efficiency,0.69624,0.04980,10,120
combined,0.2,residual_correction_learner,damage,0.04500,0.00815,10,120
combined,0.2,residual_correction_learner,intervention_magnitude,0.31201,0.00727,10,120
combined,0.2,residual_correction_learner,boundary_error,0.41830,0.02409,10,120
combined,0.2,residual_correction_learner,intent_preservation,0.59844,0.00977,10,120
combined,0.2,residual_correction_learner,query_rate,1.00000,0.00000,10,120
combined,0.2,residual_correction_learner,human_time,0.27969,0.00466,10,120
combined,0.2,residual_correction_learner,unsafe_override,0.08833,0.01293,10,120
combined,0.2,residual_correction_learner,calibration_error,0.14347,0.01037,10,120
combined,0.2,residual_correction_learner,regret_to_oracle,0.20203,0.01207,10,120
combined,0.2,residual_correction_learner,intervention_sparsity,0.51211,0.01006,10,120
combined,0.2,residual_correction_learner,robust_utility,0.65586,0.04604,10,120
combined,0.2,robust_mpc_correction,task_success,0.58667,0.02703,10,120
combined,0.2,robust_mpc_correction,correction_efficiency,1.12954,0.05819,10,120
combined,0.2,robust_mpc_correction,damage,0.03417,0.00988,10,120
combined,0.2,robust_mpc_correction,intervention_magnitude,0.38665,0.00593,10,120
combined,0.2,robust_mpc_correction,boundary_error,0.13377,0.00490,10,120
combined,0.2,robust_mpc_correction,intent_preservation,0.60319,0.00762,10,120
combined,0.2,robust_mpc_correction,query_rate,1.00000,0.00000,10,120
combined,0.2,robust_mpc_correction,human_time,0.32746,0.00379,10,120
combined,0.2,robust_mpc_correction,unsafe_override,0.00083,0.00163,10,120
combined,0.2,robust_mpc_correction,calibration_error,0.03517,0.00330,10,120
combined,0.2,robust_mpc_correction,regret_to_oracle,0.05318,0.00200,10,120
combined,0.2,robust_mpc_correction,intervention_sparsity,0.41859,0.00210,10,120
combined,0.2,robust_mpc_correction,robust_utility,0.90177,0.03989,10,120
combined,0.2,uncertainty_query_policy,task_success,0.45167,0.02848,10,120
combined,0.2,uncertainty_query_policy,correction_efficiency,0.69971,0.05133,10,120
combined,0.2,uncertainty_query_policy,damage,0.05000,0.01193,10,120
combined,0.2,uncertainty_query_policy,intervention_magnitude,0.28095,0.00518,10,120
combined,0.2,uncertainty_query_policy,boundary_error,0.36127,0.01745,10,120
combined,0.2,uncertainty_query_policy,intent_preservation,0.60031,0.00610,10,120
combined,0.2,uncertainty_query_policy,query_rate,0.55500,0.02579,10,120
combined,0.2,uncertainty_query_policy,human_time,0.17286,0.00736,10,120
combined,0.2,uncertainty_query_policy,unsafe_override,0.08083,0.01219,10,120
combined,0.2,uncertainty_query_policy,calibration_error,0.16026,0.00801,10,120
combined,0.2,uncertainty_query_policy,regret_to_oracle,0.20552,0.00882,10,120
combined,0.2,uncertainty_query_policy,intervention_sparsity,0.56535,0.00438,10,120
combined,0.2,uncertainty_query_policy,robust_utility,0.65550,0.03966,10,120
combined,0.4,active_entropy_query_policy,task_success,0.46500,0.03078,10,120
combined,0.4,active_entropy_query_policy,correction_efficiency,0.73055,0.04858,10,120
combined,0.4,active_entropy_query_policy,damage,0.05000,0.01377,10,120
combined,0.4,active_entropy_query_policy,intervention_magnitude,0.33769,0.00848,10,120
combined,0.4,active_entropy_query_policy,boundary_error,0.29551,0.00649,10,120
combined,0.4,active_entropy_query_policy,intent_preservation,0.58095,0.00455,10,120
combined,0.4,active_entropy_query_policy,query_rate,0.77083,0.01199,10,120
combined,0.4,active_entropy_query_policy,human_time,0.24101,0.00349,10,120
combined,0.4,active_entropy_query_policy,unsafe_override,0.08083,0.01335,10,120
combined,0.4,active_entropy_query_policy,calibration_error,0.18215,0.00515,10,120
combined,0.4,active_entropy_query_policy,regret_to_oracle,0.17406,0.00457,10,120
combined,0.4,active_entropy_query_policy,intervention_sparsity,0.56366,0.00530,10,120
combined,0.4,active_entropy_query_policy,robust_utility,0.66995,0.04300,10,120
combined,0.4,full_demo_imitation,task_success,0.40000,0.01559,10,120
combined,0.4,full_demo_imitation,correction_efficiency,0.46884,0.02411,10,120
combined,0.4,full_demo_imitation,damage,0.09250,0.01490,10,120
combined,0.4,full_demo_imitation,intervention_magnitude,0.49341,0.01588,10,120
combined,0.4,full_demo_imitation,boundary_error,0.52621,0.01713,10,120
combined,0.4,full_demo_imitation,intent_preservation,0.59733,0.00874,10,120
combined,0.4,full_demo_imitation,query_rate,1.00000,0.00000,10,120
combined,0.4,full_demo_imitation,human_time,0.74578,0.01016,10,120
combined,0.4,full_demo_imitation,unsafe_override,0.12750,0.02589,10,120
combined,0.4,full_demo_imitation,calibration_error,0.16358,0.00541,10,120
combined,0.4,full_demo_imitation,regret_to_oracle,0.23689,0.00798,10,120
combined,0.4,full_demo_imitation,intervention_sparsity,0.35294,0.01386,10,120
combined,0.4,full_demo_imitation,robust_utility,0.48109,0.02220,10,120
combined,0.4,minimum_intervention_boundary_learner_v5,task_success,0.52250,0.02336,10,120
combined,0.4,minimum_intervention_boundary_learner_v5,correction_efficiency,0.84503,0.03809,10,120
combined,0.4,minimum_intervention_boundary_learner_v5,damage,0.04500,0.00980,10,120
combined,0.4,minimum_intervention_boundary_learner_v5,intervention_magnitude,0.39930,0.00797,10,120
combined,0.4,minimum_intervention_boundary_learner_v5,boundary_error,0.19636,0.00533,10,120
combined,0.4,minimum_intervention_boundary_learner_v5,intent_preservation,0.58790,0.00462,10,120
combined,0.4,minimum_intervention_boundary_learner_v5,query_rate,1.00000,0.00000,10,120
combined,0.4,minimum_intervention_boundary_learner_v5,human_time,0.33555,0.00510,10,120
combined,0.4,minimum_intervention_boundary_learner_v5,unsafe_override,0.00000,0.00000,10,120
combined,0.4,minimum_intervention_boundary_learner_v5,calibration_error,0.11103,0.00460,10,120
combined,0.4,minimum_intervention_boundary_learner_v5,regret_to_oracle,0.09774,0.00467,10,120
combined,0.4,minimum_intervention_boundary_learner_v5,intervention_sparsity,0.48032,0.00434,10,120
combined,0.4,minimum_intervention_boundary_learner_v5,robust_utility,0.77035,0.03146,10,120
combined,0.4,oracle_minimal_correction,task_success,0.61500,0.01457,10,120
combined,0.4,oracle_minimal_correction,correction_efficiency,0.98893,0.02418,10,120
combined,0.4,oracle_minimal_correction,damage,0.04167,0.01004,10,120
combined,0.4,oracle_minimal_correction,intervention_magnitude,0.40734,0.00576,10,120
combined,0.4,oracle_minimal_correction,boundary_error,0.14197,0.00713,10,120
combined,0.4,oracle_minimal_correction,intent_preservation,0.58563,0.00439,10,120
combined,0.4,oracle_minimal_correction,query_rate,1.00000,0.00000,10,120
combined,0.4,oracle_minimal_correction,human_time,0.34070,0.00369,10,120
combined,0.4,oracle_minimal_correction,unsafe_override,0.00083,0.00163,10,120
combined,0.4,oracle_minimal_correction,calibration_error,0.35298,0.00463,10,120
combined,0.4,oracle_minimal_correction,regret_to_oracle,0.03155,0.00034,10,120
combined,0.4,oracle_minimal_correction,intervention_sparsity,0.47358,0.00235,10,120
combined,0.4,oracle_minimal_correction,robust_utility,0.89515,0.01950,10,120
combined,0.4,residual_correction_learner,task_success,0.38667,0.03304,10,120
combined,0.4,residual_correction_learner,correction_efficiency,0.50728,0.05306,10,120
combined,0.4,residual_correction_learner,damage,0.05500,0.00949,10,120
combined,0.4,residual_correction_learner,intervention_magnitude,0.33693,0.01370,10,120
combined,0.4,residual_correction_learner,boundary_error,0.50975,0.01815,10,120
combined,0.4,residual_correction_learner,intent_preservation,0.57179,0.00556,10,120
combined,0.4,residual_correction_learner,query_rate,1.00000,0.00000,10,120
combined,0.4,residual_correction_learner,human_time,0.29564,0.00877,10,120
combined,0.4,residual_correction_learner,unsafe_override,0.10917,0.01228,10,120
combined,0.4,residual_correction_learner,calibration_error,0.19494,0.00855,10,120
combined,0.4,residual_correction_learner,regret_to_oracle,0.25357,0.01078,10,120
combined,0.4,residual_correction_learner,intervention_sparsity,0.54831,0.01328,10,120
combined,0.4,residual_correction_learner,robust_utility,0.52754,0.04483,10,120
combined,0.4,robust_mpc_correction,task_success,0.58500,0.02889,10,120
combined,0.4,robust_mpc_correction,correction_efficiency,0.98261,0.04959,10,120
combined,0.4,robust_mpc_correction,damage,0.03583,0.00646,10,120
combined,0.4,robust_mpc_correction,intervention_magnitude,0.44294,0.00646,10,120
combined,0.4,robust_mpc_correction,boundary_error,0.12692,0.00502,10,120
combined,0.4,robust_mpc_correction,intent_preservation,0.56081,0.00419,10,120
combined,0.4,robust_mpc_correction,query_rate,1.00000,0.00000,10,120
combined,0.4,robust_mpc_correction,human_time,0.36348,0.00414,10,120
combined,0.4,robust_mpc_correction,unsafe_override,0.00917,0.00568,10,120
combined,0.4,robust_mpc_correction,calibration_error,0.04248,0.00227,10,120
combined,0.4,robust_mpc_correction,regret_to_oracle,0.05665,0.00263,10,120
combined,0.4,robust_mpc_correction,intervention_sparsity,0.42548,0.00273,10,120
combined,0.4,robust_mpc_correction,robust_utility,0.85780,0.03949,10,120
combined,0.4,uncertainty_query_policy,task_success,0.45917,0.01829,10,120
combined,0.4,uncertainty_query_policy,correction_efficiency,0.61727,0.02053,10,120
combined,0.4,uncertainty_query_policy,damage,0.06167,0.01403,10,120
combined,0.4,uncertainty_query_policy,intervention_magnitude,0.42739,0.01211,10,120
combined,0.4,uncertainty_query_policy,boundary_error,0.37694,0.01617,10,120
combined,0.4,uncertainty_query_policy,intent_preservation,0.58236,0.00788,10,120
combined,0.4,uncertainty_query_policy,query_rate,1.00000,0.00000,10,120
combined,0.4,uncertainty_query_policy,human_time,0.35352,0.00775,10,120
combined,0.4,uncertainty_query_policy,unsafe_override,0.11167,0.01996,10,120
combined,0.4,uncertainty_query_policy,calibration_error,0.16894,0.00669,10,120
combined,0.4,uncertainty_query_policy,regret_to_oracle,0.19624,0.00709,10,120
combined,0.4,uncertainty_query_policy,intervention_sparsity,0.42792,0.01189,10,120
combined,0.4,uncertainty_query_policy,robust_utility,0.61282,0.02487,10,120
combined,0.6,active_entropy_query_policy,task_success,0.42250,0.02755,10,120
combined,0.6,active_entropy_query_policy,correction_efficiency,0.59409,0.04004,10,120
combined,0.6,active_entropy_query_policy,damage,0.05417,0.01583,10,120
combined,0.6,active_entropy_query_policy,intervention_magnitude,0.39173,0.01191,10,120
combined,0.6,active_entropy_query_policy,boundary_error,0.31176,0.01073,10,120
combined,0.6,active_entropy_query_policy,intent_preservation,0.52333,0.00657,10,120
combined,0.6,active_entropy_query_policy,query_rate,1.00000,0.00000,10,120
combined,0.6,active_entropy_query_policy,human_time,0.33071,0.00762,10,120
combined,0.6,active_entropy_query_policy,unsafe_override,0.09667,0.01173,10,120
combined,0.6,active_entropy_query_policy,calibration_error,0.21512,0.00819,10,120
combined,0.6,active_entropy_query_policy,regret_to_oracle,0.19667,0.00748,10,120
combined,0.6,active_entropy_query_policy,intervention_sparsity,0.56108,0.01042,10,120
combined,0.6,active_entropy_query_policy,robust_utility,0.57917,0.03955,10,120
combined,0.6,full_demo_imitation,task_success,0.32167,0.01619,10,120
combined,0.6,full_demo_imitation,correction_efficiency,0.31556,0.01735,10,120
combined,0.6,full_demo_imitation,damage,0.09250,0.01154,10,120
combined,0.6,full_demo_imitation,intervention_magnitude,0.58752,0.01486,10,120
combined,0.6,full_demo_imitation,boundary_error,0.63335,0.02836,10,120
combined,0.6,full_demo_imitation,intent_preservation,0.55771,0.00968,10,120
combined,0.6,full_demo_imitation,query_rate,1.00000,0.00000,10,120
combined,0.6,full_demo_imitation,human_time,0.80601,0.00951,10,120
combined,0.6,full_demo_imitation,unsafe_override,0.15333,0.02351,10,120
combined,0.6,full_demo_imitation,calibration_error,0.20542,0.00670,10,120
combined,0.6,full_demo_imitation,regret_to_oracle,0.29742,0.00946,10,120
combined,0.6,full_demo_imitation,intervention_sparsity,0.34618,0.01407,10,120
combined,0.6,full_demo_imitation,robust_utility,0.35360,0.02451,10,120
combined,0.6,minimum_intervention_boundary_learner_v5,task_success,0.47583,0.03179,10,120
combined,0.6,minimum_intervention_boundary_learner_v5,correction_efficiency,0.69621,0.05775,10,120
combined,0.6,minimum_intervention_boundary_learner_v5,damage,0.04750,0.00733,10,120
combined,0.6,minimum_intervention_boundary_learner_v5,intervention_magnitude,0.43954,0.00970,10,120
combined,0.6,minimum_intervention_boundary_learner_v5,boundary_error,0.21648,0.01078,10,120
combined,0.6,minimum_intervention_boundary_learner_v5,intent_preservation,0.52453,0.00695,10,120
combined,0.6,minimum_intervention_boundary_learner_v5,query_rate,1.00000,0.00000,10,120
combined,0.6,minimum_intervention_boundary_learner_v5,human_time,0.36130,0.00621,10,120
combined,0.6,minimum_intervention_boundary_learner_v5,unsafe_override,0.00583,0.00490,10,120
combined,0.6,minimum_intervention_boundary_learner_v5,calibration_error,0.11618,0.00716,10,120
combined,0.6,minimum_intervention_boundary_learner_v5,regret_to_oracle,0.12880,0.00626,10,120
combined,0.6,minimum_intervention_boundary_learner_v5,intervention_sparsity,0.50541,0.00829,10,120
combined,0.6,minimum_intervention_boundary_learner_v5,robust_utility,0.67987,0.04434,10,120
combined,0.6,oracle_minimal_correction,task_success,0.60917,0.01321,10,120
combined,0.6,oracle_minimal_correction,correction_efficiency,0.89049,0.02297,10,120
combined,0.6,oracle_minimal_correction,damage,0.04583,0.01199,10,120
combined,0.6,oracle_minimal_correction,intervention_magnitude,0.47217,0.00990,10,120
combined,0.6,oracle_minimal_correction,boundary_error,0.12840,0.00747,10,120
combined,0.6,oracle_minimal_correction,intent_preservation,0.52842,0.00719,10,120
combined,0.6,oracle_minimal_correction,query_rate,1.00000,0.00000,10,120
combined,0.6,oracle_minimal_correction,human_time,0.38219,0.00634,10,120
combined,0.6,oracle_minimal_correction,unsafe_override,0.00083,0.00163,10,120
combined,0.6,oracle_minimal_correction,calibration_error,0.36620,0.00475,10,120
combined,0.6,oracle_minimal_correction,regret_to_oracle,0.03407,0.00036,10,120
combined,0.6,oracle_minimal_correction,intervention_sparsity,0.47238,0.00249,10,120
combined,0.6,oracle_minimal_correction,robust_utility,0.85612,0.01834,10,120
combined,0.6,residual_correction_learner,task_success,0.32333,0.03932,10,120
combined,0.6,residual_correction_learner,correction_efficiency,0.38988,0.05028,10,120
combined,0.6,residual_correction_learner,damage,0.05333,0.01403,10,120
combined,0.6,residual_correction_learner,intervention_magnitude,0.36378,0.01363,10,120
combined,0.6,residual_correction_learner,boundary_error,0.58362,0.02262,10,120
combined,0.6,residual_correction_learner,intent_preservation,0.52925,0.00580,10,120
combined,0.6,residual_correction_learner,query_rate,1.00000,0.00000,10,120
combined,0.6,residual_correction_learner,human_time,0.31282,0.00872,10,120
combined,0.6,residual_correction_learner,unsafe_override,0.13667,0.02025,10,120
combined,0.6,residual_correction_learner,calibration_error,0.24272,0.00940,10,120
combined,0.6,residual_correction_learner,regret_to_oracle,0.30488,0.01151,10,120
combined,0.6,residual_correction_learner,intervention_sparsity,0.57991,0.01578,10,120
combined,0.6,residual_correction_learner,robust_utility,0.42683,0.04892,10,120
combined,0.6,robust_mpc_correction,task_success,0.54833,0.02889,10,120
combined,0.6,robust_mpc_correction,correction_efficiency,0.82815,0.05299,10,120
combined,0.6,robust_mpc_correction,damage,0.04417,0.00945,10,120
combined,0.6,robust_mpc_correction,intervention_magnitude,0.50401,0.00987,10,120
combined,0.6,robust_mpc_correction,boundary_error,0.12401,0.00721,10,120
combined,0.6,robust_mpc_correction,intent_preservation,0.50646,0.00712,10,120
combined,0.6,robust_mpc_correction,query_rate,1.00000,0.00000,10,120
combined,0.6,robust_mpc_correction,human_time,0.40257,0.00632,10,120
combined,0.6,robust_mpc_correction,unsafe_override,0.01750,0.00859,10,120
combined,0.6,robust_mpc_correction,calibration_error,0.05319,0.00514,10,120
combined,0.6,robust_mpc_correction,regret_to_oracle,0.06648,0.00373,10,120
combined,0.6,robust_mpc_correction,intervention_sparsity,0.43559,0.00448,10,120
combined,0.6,robust_mpc_correction,robust_utility,0.77216,0.04008,10,120
combined,0.6,uncertainty_query_policy,task_success,0.38417,0.02224,10,120
combined,0.6,uncertainty_query_policy,correction_efficiency,0.43310,0.02031,10,120
combined,0.6,uncertainty_query_policy,damage,0.07083,0.01760,10,120
combined,0.6,uncertainty_query_policy,intervention_magnitude,0.49352,0.01416,10,120
combined,0.6,uncertainty_query_policy,boundary_error,0.44713,0.01958,10,120
combined,0.6,uncertainty_query_policy,intent_preservation,0.54119,0.00844,10,120
combined,0.6,uncertainty_query_policy,query_rate,1.00000,0.00000,10,120
combined,0.6,uncertainty_query_policy,human_time,0.39585,0.00906,10,120
combined,0.6,uncertainty_query_policy,unsafe_override,0.14500,0.02964,10,120
combined,0.6,uncertainty_query_policy,calibration_error,0.21721,0.01009,10,120
combined,0.6,uncertainty_query_policy,regret_to_oracle,0.24646,0.00939,10,120
combined,0.6,uncertainty_query_policy,intervention_sparsity,0.43152,0.01564,10,120
combined,0.6,uncertainty_query_policy,robust_utility,0.47613,0.03487,10,120
combined,0.8,active_entropy_query_policy,task_success,0.36667,0.02611,10,120
combined,0.8,active_entropy_query_policy,correction_efficiency,0.48107,0.03747,10,120
combined,0.8,active_entropy_query_policy,damage,0.05750,0.01641,10,120
combined,0.8,active_entropy_query_policy,intervention_magnitude,0.40674,0.00959,10,120
combined,0.8,active_entropy_query_policy,boundary_error,0.34474,0.00910,10,120
combined,0.8,active_entropy_query_policy,intent_preservation,0.47533,0.00987,10,120
combined,0.8,active_entropy_query_policy,query_rate,1.00000,0.00000,10,120
combined,0.8,active_entropy_query_policy,human_time,0.34031,0.00614,10,120
combined,0.8,active_entropy_query_policy,unsafe_override,0.11250,0.01760,10,120
combined,0.8,active_entropy_query_policy,calibration_error,0.25120,0.00814,10,120
combined,0.8,active_entropy_query_policy,regret_to_oracle,0.24625,0.00735,10,120
combined,0.8,active_entropy_query_policy,intervention_sparsity,0.59171,0.00776,10,120
combined,0.8,active_entropy_query_policy,robust_utility,0.48717,0.03639,10,120
combined,0.8,full_demo_imitation,task_success,0.25667,0.02034,10,120
combined,0.8,full_demo_imitation,correction_efficiency,0.21711,0.01882,10,120
combined,0.8,full_demo_imitation,damage,0.10417,0.01068,10,120
combined,0.8,full_demo_imitation,intervention_magnitude,0.64857,0.01930,10,120
combined,0.8,full_demo_imitation,boundary_error,0.70983,0.01845,10,120
combined,0.8,full_demo_imitation,intent_preservation,0.52575,0.01011,10,120
combined,0.8,full_demo_imitation,query_rate,1.00000,0.00000,10,120
combined,0.8,full_demo_imitation,human_time,0.84508,0.01235,10,120
combined,0.8,full_demo_imitation,unsafe_override,0.17417,0.02957,10,120
combined,0.8,full_demo_imitation,calibration_error,0.23998,0.00576,10,120
combined,0.8,full_demo_imitation,regret_to_oracle,0.36426,0.01019,10,120
combined,0.8,full_demo_imitation,intervention_sparsity,0.35846,0.01479,10,120
combined,0.8,full_demo_imitation,robust_utility,0.24974,0.02463,10,120
combined,0.8,minimum_intervention_boundary_learner_v5,task_success,0.45250,0.03330,10,120
combined,0.8,minimum_intervention_boundary_learner_v5,correction_efficiency,0.60465,0.04212,10,120
combined,0.8,minimum_intervention_boundary_learner_v5,damage,0.05167,0.00836,10,120
combined,0.8,minimum_intervention_boundary_learner_v5,intervention_magnitude,0.47823,0.00726,10,120
combined,0.8,minimum_intervention_boundary_learner_v5,boundary_error,0.22636,0.00749,10,120
combined,0.8,minimum_intervention_boundary_learner_v5,intent_preservation,0.47492,0.00996,10,120
combined,0.8,minimum_intervention_boundary_learner_v5,query_rate,1.00000,0.00000,10,120
combined,0.8,minimum_intervention_boundary_learner_v5,human_time,0.38607,0.00465,10,120
combined,0.8,minimum_intervention_boundary_learner_v5,unsafe_override,0.01917,0.00809,10,120
combined,0.8,minimum_intervention_boundary_learner_v5,calibration_error,0.13345,0.00316,10,120
combined,0.8,minimum_intervention_boundary_learner_v5,regret_to_oracle,0.15804,0.00570,10,120
combined,0.8,minimum_intervention_boundary_learner_v5,intervention_sparsity,0.51976,0.00543,10,120
combined,0.8,minimum_intervention_boundary_learner_v5,robust_utility,0.62364,0.04593,10,120
combined,0.8,oracle_minimal_correction,task_success,0.58000,0.01905,10,120
combined,0.8,oracle_minimal_correction,correction_efficiency,0.77731,0.03348,10,120
combined,0.8,oracle_minimal_correction,damage,0.04583,0.01224,10,120
combined,0.8,oracle_minimal_correction,intervention_magnitude,0.53151,0.00603,10,120
combined,0.8,oracle_minimal_correction,boundary_error,0.11403,0.00615,10,120
combined,0.8,oracle_minimal_correction,intent_preservation,0.48439,0.00985,10,120
combined,0.8,oracle_minimal_correction,query_rate,1.00000,0.00000,10,120
combined,0.8,oracle_minimal_correction,human_time,0.42017,0.00386,10,120
combined,0.8,oracle_minimal_correction,unsafe_override,0.01250,0.00439,10,120
combined,0.8,oracle_minimal_correction,calibration_error,0.37014,0.00512,10,120
combined,0.8,oracle_minimal_correction,regret_to_oracle,0.03784,0.00068,10,120
combined,0.8,oracle_minimal_correction,intervention_sparsity,0.46952,0.00200,10,120
combined,0.8,oracle_minimal_correction,robust_utility,0.79121,0.02795,10,120
combined,0.8,residual_correction_learner,task_success,0.25083,0.02536,10,120
combined,0.8,residual_correction_learner,correction_efficiency,0.26575,0.02907,10,120
combined,0.8,residual_correction_learner,damage,0.04833,0.00998,10,120
combined,0.8,residual_correction_learner,intervention_magnitude,0.34623,0.01009,10,120
combined,0.8,residual_correction_learner,boundary_error,0.66132,0.01869,10,120
combined,0.8,residual_correction_learner,intent_preservation,0.49582,0.01071,10,120
combined,0.8,residual_correction_learner,query_rate,1.00000,0.00000,10,120
combined,0.8,residual_correction_learner,human_time,0.30159,0.00646,10,120
combined,0.8,residual_correction_learner,unsafe_override,0.13917,0.01790,10,120
combined,0.8,residual_correction_learner,calibration_error,0.29493,0.00899,10,120
combined,0.8,residual_correction_learner,regret_to_oracle,0.37434,0.01163,10,120
combined,0.8,residual_correction_learner,intervention_sparsity,0.64237,0.00958,10,120
combined,0.8,residual_correction_learner,robust_utility,0.32820,0.03220,10,120
combined,0.8,robust_mpc_correction,task_success,0.55250,0.02871,10,120
combined,0.8,robust_mpc_correction,correction_efficiency,0.76464,0.04535,10,120
combined,0.8,robust_mpc_correction,damage,0.05500,0.00980,10,120
combined,0.8,robust_mpc_correction,intervention_magnitude,0.56351,0.00769,10,120
combined,0.8,robust_mpc_correction,boundary_error,0.12348,0.00462,10,120
combined,0.8,robust_mpc_correction,intent_preservation,0.46354,0.00968,10,120
combined,0.8,robust_mpc_correction,query_rate,1.00000,0.00000,10,120
combined,0.8,robust_mpc_correction,human_time,0.44064,0.00492,10,120
combined,0.8,robust_mpc_correction,unsafe_override,0.03000,0.00555,10,120
combined,0.8,robust_mpc_correction,calibration_error,0.05547,0.00229,10,120
combined,0.8,robust_mpc_correction,regret_to_oracle,0.07677,0.00290,10,120
combined,0.8,robust_mpc_correction,intervention_sparsity,0.43683,0.00317,10,120
combined,0.8,robust_mpc_correction,robust_utility,0.74599,0.03921,10,120
combined,0.8,uncertainty_query_policy,task_success,0.30500,0.01173,10,120
combined,0.8,uncertainty_query_policy,correction_efficiency,0.30687,0.01381,10,120
combined,0.8,uncertainty_query_policy,damage,0.07083,0.01361,10,120
combined,0.8,uncertainty_query_policy,intervention_magnitude,0.52704,0.01452,10,120
combined,0.8,uncertainty_query_policy,boundary_error,0.50092,0.00870,10,120
combined,0.8,uncertainty_query_policy,intent_preservation,0.50621,0.01230,10,120
combined,0.8,uncertainty_query_policy,query_rate,1.00000,0.00000,10,120
combined,0.8,uncertainty_query_policy,human_time,0.41731,0.00929,10,120
combined,0.8,uncertainty_query_policy,unsafe_override,0.16083,0.01541,10,120
combined,0.8,uncertainty_query_policy,calibration_error,0.26614,0.00838,10,120
combined,0.8,uncertainty_query_policy,regret_to_oracle,0.30833,0.00818,10,120
combined,0.8,uncertainty_query_policy,intervention_sparsity,0.45796,0.01378,10,120
combined,0.8,uncertainty_query_policy,robust_utility,0.36057,0.01383,10,120
combined,1.0,active_entropy_query_policy,task_success,0.33917,0.02052,10,120
combined,1.0,active_entropy_query_policy,correction_efficiency,0.40884,0.02492,10,120
combined,1.0,active_entropy_query_policy,damage,0.06000,0.01648,10,120
combined,1.0,active_entropy_query_policy,intervention_magnitude,0.42666,0.01164,10,120
combined,1.0,active_entropy_query_policy,boundary_error,0.35705,0.01225,10,120
combined,1.0,active_entropy_query_policy,intent_preservation,0.42528,0.00511,10,120
combined,1.0,active_entropy_query_policy,query_rate,1.00000,0.00000,10,120
combined,1.0,active_entropy_query_policy,human_time,0.35306,0.00745,10,120
combined,1.0,active_entropy_query_policy,unsafe_override,0.12917,0.01810,10,120
combined,1.0,active_entropy_query_policy,calibration_error,0.28176,0.00884,10,120
combined,1.0,active_entropy_query_policy,regret_to_oracle,0.26736,0.01049,10,120
combined,1.0,active_entropy_query_policy,intervention_sparsity,0.61017,0.00970,10,120
combined,1.0,active_entropy_query_policy,robust_utility,0.43165,0.03136,10,120
combined,1.0,full_demo_imitation,task_success,0.19667,0.02338,10,120
combined,1.0,full_demo_imitation,correction_efficiency,0.15280,0.02064,10,120
combined,1.0,full_demo_imitation,damage,0.10083,0.01154,10,120
combined,1.0,full_demo_imitation,intervention_magnitude,0.72172,0.01800,10,120
combined,1.0,full_demo_imitation,boundary_error,0.79596,0.02570,10,120
combined,1.0,full_demo_imitation,intent_preservation,0.49857,0.00651,10,120
combined,1.0,full_demo_imitation,query_rate,1.00000,0.00000,10,120
combined,1.0,full_demo_imitation,human_time,0.89190,0.01152,10,120
combined,1.0,full_demo_imitation,unsafe_override,0.20667,0.03219,10,120
combined,1.0,full_demo_imitation,calibration_error,0.26951,0.00501,10,120
combined,1.0,full_demo_imitation,regret_to_oracle,0.39999,0.01412,10,120
combined,1.0,full_demo_imitation,intervention_sparsity,0.35401,0.01554,10,120
combined,1.0,full_demo_imitation,robust_utility,0.16236,0.02566,10,120
combined,1.0,minimum_intervention_boundary_learner_v5,task_success,0.43500,0.03552,10,120
combined,1.0,minimum_intervention_boundary_learner_v5,correction_efficiency,0.53213,0.04121,10,120
combined,1.0,minimum_intervention_boundary_learner_v5,damage,0.05917,0.01046,10,120
combined,1.0,minimum_intervention_boundary_learner_v5,intervention_magnitude,0.51314,0.01285,10,120
combined,1.0,minimum_intervention_boundary_learner_v5,boundary_error,0.24086,0.01262,10,120
combined,1.0,minimum_intervention_boundary_learner_v5,intent_preservation,0.42615,0.00561,10,120
combined,1.0,minimum_intervention_boundary_learner_v5,query_rate,1.00000,0.00000,10,120
combined,1.0,minimum_intervention_boundary_learner_v5,human_time,0.40841,0.00822,10,120
combined,1.0,minimum_intervention_boundary_learner_v5,unsafe_override,0.04000,0.01213,10,120
combined,1.0,minimum_intervention_boundary_learner_v5,calibration_error,0.15530,0.00562,10,120
combined,1.0,minimum_intervention_boundary_learner_v5,regret_to_oracle,0.17077,0.00850,10,120
combined,1.0,minimum_intervention_boundary_learner_v5,intervention_sparsity,0.53175,0.00860,10,120
combined,1.0,minimum_intervention_boundary_learner_v5,robust_utility,0.57371,0.04540,10,120
combined,1.0,oracle_minimal_correction,task_success,0.58250,0.02073,10,120
combined,1.0,oracle_minimal_correction,correction_efficiency,0.72268,0.02583,10,120
combined,1.0,oracle_minimal_correction,damage,0.05500,0.01338,10,120
combined,1.0,oracle_minimal_correction,intervention_magnitude,0.57968,0.00847,10,120
combined,1.0,oracle_minimal_correction,boundary_error,0.12226,0.00900,10,120
combined,1.0,oracle_minimal_correction,intent_preservation,0.44071,0.00608,10,120
combined,1.0,oracle_minimal_correction,query_rate,1.00000,0.00000,10,120
combined,1.0,oracle_minimal_correction,human_time,0.45099,0.00542,10,120
combined,1.0,oracle_minimal_correction,unsafe_override,0.02417,0.01101,10,120
combined,1.0,oracle_minimal_correction,calibration_error,0.39216,0.00799,10,120
combined,1.0,oracle_minimal_correction,regret_to_oracle,0.04097,0.00045,10,120
combined,1.0,oracle_minimal_correction,intervention_sparsity,0.47416,0.00357,10,120
combined,1.0,oracle_minimal_correction,robust_utility,0.76683,0.02405,10,120
combined,1.0,residual_correction_learner,task_success,0.18750,0.02168,10,120
combined,1.0,residual_correction_learner,correction_efficiency,0.18183,0.02597,10,120
combined,1.0,residual_correction_learner,damage,0.05583,0.01005,10,120
combined,1.0,residual_correction_learner,intervention_magnitude,0.34042,0.01259,10,120
combined,1.0,residual_correction_learner,boundary_error,0.70163,0.01764,10,120
combined,1.0,residual_correction_learner,intent_preservation,0.47429,0.00577,10,120
combined,1.0,residual_correction_learner,query_rate,1.00000,0.00000,10,120
combined,1.0,residual_correction_learner,human_time,0.29787,0.00806,10,120
combined,1.0,residual_correction_learner,unsafe_override,0.17417,0.01955,10,120
combined,1.0,residual_correction_learner,calibration_error,0.32991,0.00714,10,120
combined,1.0,residual_correction_learner,regret_to_oracle,0.40137,0.01414,10,120
combined,1.0,residual_correction_learner,intervention_sparsity,0.67846,0.01215,10,120
combined,1.0,residual_correction_learner,robust_utility,0.23188,0.03125,10,120
combined,1.0,robust_mpc_correction,task_success,0.51833,0.03683,10,120
combined,1.0,robust_mpc_correction,correction_efficiency,0.66019,0.04603,10,120
combined,1.0,robust_mpc_correction,damage,0.06083,0.01117,10,120
combined,1.0,robust_mpc_correction,intervention_magnitude,0.61256,0.01086,10,120
combined,1.0,robust_mpc_correction,boundary_error,0.12693,0.00725,10,120
combined,1.0,robust_mpc_correction,intent_preservation,0.41999,0.00530,10,120
combined,1.0,robust_mpc_correction,query_rate,1.00000,0.00000,10,120
combined,1.0,robust_mpc_correction,human_time,0.47204,0.00695,10,120
combined,1.0,robust_mpc_correction,unsafe_override,0.05334,0.01222,10,120
combined,1.0,robust_mpc_correction,calibration_error,0.06741,0.00582,10,120
combined,1.0,robust_mpc_correction,regret_to_oracle,0.08279,0.00373,10,120
combined,1.0,robust_mpc_correction,intervention_sparsity,0.44299,0.00507,10,120
combined,1.0,robust_mpc_correction,robust_utility,0.67251,0.04612,10,120
combined,1.0,uncertainty_query_policy,task_success,0.27750,0.02543,10,120
combined,1.0,uncertainty_query_policy,correction_efficiency,0.24818,0.02353,10,120
combined,1.0,uncertainty_query_policy,damage,0.07833,0.01505,10,120
combined,1.0,uncertainty_query_policy,intervention_magnitude,0.57264,0.01220,10,120
combined,1.0,uncertainty_query_policy,boundary_error,0.54466,0.02252,10,120
combined,1.0,uncertainty_query_policy,intent_preservation,0.47035,0.00561,10,120
combined,1.0,uncertainty_query_policy,query_rate,1.00000,0.00000,10,120
combined,1.0,uncertainty_query_policy,human_time,0.44649,0.00781,10,120
combined,1.0,uncertainty_query_policy,unsafe_override,0.18917,0.02386,10,120
combined,1.0,uncertainty_query_policy,calibration_error,0.30730,0.00857,10,120
combined,1.0,uncertainty_query_policy,regret_to_oracle,0.34108,0.01441,10,120
combined,1.0,uncertainty_query_policy,intervention_sparsity,0.46500,0.01208,10,120
combined,1.0,uncertainty_query_policy,robust_utility,0.30270,0.03246,10,120
correction_delay,0.0,active_entropy_query_policy,task_success,0.40500,0.03287,10,120
correction_delay,0.0,active_entropy_query_policy,correction_efficiency,0.53275,0.04612,10,120
correction_delay,0.0,active_entropy_query_policy,damage,0.05583,0.01502,10,120
correction_delay,0.0,active_entropy_query_policy,intervention_magnitude,0.41759,0.01088,10,120
correction_delay,0.0,active_entropy_query_policy,boundary_error,0.29043,0.01085,10,120
correction_delay,0.0,active_entropy_query_policy,intent_preservation,0.54167,0.00836,10,120
correction_delay,0.0,active_entropy_query_policy,query_rate,1.00000,0.00000,10,120
correction_delay,0.0,active_entropy_query_policy,human_time,0.34726,0.00696,10,120
correction_delay,0.0,active_entropy_query_policy,unsafe_override,0.10333,0.01582,10,120
correction_delay,0.0,active_entropy_query_policy,calibration_error,0.24322,0.00977,10,120
correction_delay,0.0,active_entropy_query_policy,regret_to_oracle,0.21048,0.00742,10,120
correction_delay,0.0,active_entropy_query_policy,intervention_sparsity,0.57195,0.00837,10,120
correction_delay,0.0,active_entropy_query_policy,robust_utility,0.54763,0.04666,10,120
correction_delay,0.0,full_demo_imitation,task_success,0.33083,0.02109,10,120
correction_delay,0.0,full_demo_imitation,correction_efficiency,0.33001,0.01972,10,120
correction_delay,0.0,full_demo_imitation,damage,0.06250,0.01601,10,120
correction_delay,0.0,full_demo_imitation,intervention_magnitude,0.49178,0.01309,10,120
correction_delay,0.0,full_demo_imitation,boundary_error,0.54453,0.02022,10,120
correction_delay,0.0,full_demo_imitation,intent_preservation,0.58607,0.00903,10,120
correction_delay,0.0,full_demo_imitation,query_rate,1.00000,0.00000,10,120
correction_delay,0.0,full_demo_imitation,human_time,0.74474,0.00838,10,120
correction_delay,0.0,full_demo_imitation,unsafe_override,0.13083,0.01670,10,120
correction_delay,0.0,full_demo_imitation,calibration_error,0.22370,0.00696,10,120
correction_delay,0.0,full_demo_imitation,regret_to_oracle,0.30389,0.01116,10,120
correction_delay,0.0,full_demo_imitation,intervention_sparsity,0.48043,0.01438,10,120
correction_delay,0.0,full_demo_imitation,robust_utility,0.40100,0.02831,10,120
correction_delay,0.0,minimum_intervention_boundary_learner_v5,task_success,0.46750,0.02197,10,120
correction_delay,0.0,minimum_intervention_boundary_learner_v5,correction_efficiency,0.63931,0.04255,10,120
correction_delay,0.0,minimum_intervention_boundary_learner_v5,damage,0.04917,0.00824,10,120
correction_delay,0.0,minimum_intervention_boundary_learner_v5,intervention_magnitude,0.47986,0.00928,10,120
correction_delay,0.0,minimum_intervention_boundary_learner_v5,boundary_error,0.18990,0.00783,10,120
correction_delay,0.0,minimum_intervention_boundary_learner_v5,intent_preservation,0.54622,0.00839,10,120
correction_delay,0.0,minimum_intervention_boundary_learner_v5,query_rate,1.00000,0.00000,10,120
correction_delay,0.0,minimum_intervention_boundary_learner_v5,human_time,0.38711,0.00594,10,120
correction_delay,0.0,minimum_intervention_boundary_learner_v5,unsafe_override,0.01250,0.00699,10,120
correction_delay,0.0,minimum_intervention_boundary_learner_v5,calibration_error,0.11437,0.00509,10,120
correction_delay,0.0,minimum_intervention_boundary_learner_v5,regret_to_oracle,0.12786,0.00455,10,120
correction_delay,0.0,minimum_intervention_boundary_learner_v5,intervention_sparsity,0.50520,0.00484,10,120
correction_delay,0.0,minimum_intervention_boundary_learner_v5,robust_utility,0.65793,0.03103,10,120
correction_delay,0.0,oracle_minimal_correction,task_success,0.58750,0.01810,10,120
correction_delay,0.0,oracle_minimal_correction,correction_efficiency,0.80553,0.03549,10,120
correction_delay,0.0,oracle_minimal_correction,damage,0.04583,0.01383,10,120
correction_delay,0.0,oracle_minimal_correction,intervention_magnitude,0.51808,0.00759,10,120
correction_delay,0.0,oracle_minimal_correction,boundary_error,0.11654,0.00547,10,120
correction_delay,0.0,oracle_minimal_correction,intent_preservation,0.55169,0.00862,10,120
correction_delay,0.0,oracle_minimal_correction,query_rate,1.00000,0.00000,10,120
correction_delay,0.0,oracle_minimal_correction,human_time,0.41157,0.00486,10,120
correction_delay,0.0,oracle_minimal_correction,unsafe_override,0.00667,0.00407,10,120
correction_delay,0.0,oracle_minimal_correction,calibration_error,0.36332,0.00650,10,120
correction_delay,0.0,oracle_minimal_correction,regret_to_oracle,0.03070,0.00038,10,120
correction_delay,0.0,oracle_minimal_correction,intervention_sparsity,0.46968,0.00231,10,120
correction_delay,0.0,oracle_minimal_correction,robust_utility,0.81570,0.02882,10,120
correction_delay,0.0,residual_correction_learner,task_success,0.29750,0.02777,10,120
correction_delay,0.0,residual_correction_learner,correction_efficiency,0.34331,0.03160,10,120
correction_delay,0.0,residual_correction_learner,damage,0.04500,0.00918,10,120
correction_delay,0.0,residual_correction_learner,intervention_magnitude,0.33979,0.01337,10,120
correction_delay,0.0,residual_correction_learner,boundary_error,0.54980,0.02010,10,120
correction_delay,0.0,residual_correction_learner,intent_preservation,0.55955,0.00866,10,120
correction_delay,0.0,residual_correction_learner,query_rate,1.00000,0.00000,10,120
correction_delay,0.0,residual_correction_learner,human_time,0.29746,0.00856,10,120
correction_delay,0.0,residual_correction_learner,unsafe_override,0.14167,0.01461,10,120
correction_delay,0.0,residual_correction_learner,calibration_error,0.27316,0.00960,10,120
correction_delay,0.0,residual_correction_learner,regret_to_oracle,0.32953,0.01056,10,120
correction_delay,0.0,residual_correction_learner,intervention_sparsity,0.64249,0.01221,10,120
correction_delay,0.0,residual_correction_learner,robust_utility,0.40144,0.03674,10,120
correction_delay,0.0,robust_mpc_correction,task_success,0.56833,0.02709,10,120
correction_delay,0.0,robust_mpc_correction,correction_efficiency,0.79923,0.04378,10,120
correction_delay,0.0,robust_mpc_correction,damage,0.05000,0.01089,10,120
correction_delay,0.0,robust_mpc_correction,intervention_magnitude,0.56663,0.00990,10,120
correction_delay,0.0,robust_mpc_correction,boundary_error,0.10320,0.00319,10,120
correction_delay,0.0,robust_mpc_correction,intent_preservation,0.53126,0.00836,10,120
correction_delay,0.0,robust_mpc_correction,query_rate,1.00000,0.00000,10,120
correction_delay,0.0,robust_mpc_correction,human_time,0.44264,0.00634,10,120
correction_delay,0.0,robust_mpc_correction,unsafe_override,0.02750,0.00845,10,120
correction_delay,0.0,robust_mpc_correction,calibration_error,0.04246,0.00324,10,120
correction_delay,0.0,robust_mpc_correction,regret_to_oracle,0.05210,0.00168,10,120
correction_delay,0.0,robust_mpc_correction,intervention_sparsity,0.41931,0.00168,10,120
correction_delay,0.0,robust_mpc_correction,robust_utility,0.78057,0.03676,10,120
correction_delay,0.0,uncertainty_query_policy,task_success,0.36417,0.02777,10,120
correction_delay,0.0,uncertainty_query_policy,correction_efficiency,0.42562,0.03750,10,120
correction_delay,0.0,uncertainty_query_policy,damage,0.05417,0.01638,10,120
correction_delay,0.0,uncertainty_query_policy,intervention_magnitude,0.45336,0.01186,10,120
correction_delay,0.0,uncertainty_query_policy,boundary_error,0.38936,0.01388,10,120
correction_delay,0.0,uncertainty_query_policy,intent_preservation,0.56166,0.00863,10,120
correction_delay,0.0,uncertainty_query_policy,query_rate,1.00000,0.00000,10,120
correction_delay,0.0,uncertainty_query_policy,human_time,0.37015,0.00759,10,120
correction_delay,0.0,uncertainty_query_policy,unsafe_override,0.13083,0.02495,10,120
correction_delay,0.0,uncertainty_query_policy,calibration_error,0.24161,0.00953,10,120
correction_delay,0.0,uncertainty_query_policy,regret_to_oracle,0.25787,0.00940,10,120
correction_delay,0.0,uncertainty_query_policy,intervention_sparsity,0.52342,0.01183,10,120
correction_delay,0.0,uncertainty_query_policy,robust_utility,0.47553,0.03649,10,120
correction_delay,0.2,active_entropy_query_policy,task_success,0.40167,0.02563,10,120
correction_delay,0.2,active_entropy_query_policy,correction_efficiency,0.52704,0.03045,10,120
correction_delay,0.2,active_entropy_query_policy,damage,0.05333,0.01563,10,120
correction_delay,0.2,active_entropy_query_policy,intervention_magnitude,0.41818,0.01008,10,120
correction_delay,0.2,active_entropy_query_policy,boundary_error,0.29450,0.00824,10,120
correction_delay,0.2,active_entropy_query_policy,intent_preservation,0.53061,0.00744,10,120
correction_delay,0.2,active_entropy_query_policy,query_rate,1.00000,0.00000,10,120
correction_delay,0.2,active_entropy_query_policy,human_time,0.34763,0.00645,10,120
correction_delay,0.2,active_entropy_query_policy,unsafe_override,0.10416,0.01096,10,120
correction_delay,0.2,active_entropy_query_policy,calibration_error,0.24179,0.00553,10,120
correction_delay,0.2,active_entropy_query_policy,regret_to_oracle,0.21311,0.00779,10,120
correction_delay,0.2,active_entropy_query_policy,intervention_sparsity,0.57603,0.00754,10,120
correction_delay,0.2,active_entropy_query_policy,robust_utility,0.54285,0.03662,10,120
correction_delay,0.2,full_demo_imitation,task_success,0.32583,0.02536,10,120
correction_delay,0.2,full_demo_imitation,correction_efficiency,0.33361,0.03287,10,120
correction_delay,0.2,full_demo_imitation,damage,0.06250,0.01068,10,120
correction_delay,0.2,full_demo_imitation,intervention_magnitude,0.48827,0.01473,10,120
correction_delay,0.2,full_demo_imitation,boundary_error,0.55307,0.02191,10,120
correction_delay,0.2,full_demo_imitation,intent_preservation,0.57674,0.00917,10,120
correction_delay,0.2,full_demo_imitation,query_rate,1.00000,0.00000,10,120
correction_delay,0.2,full_demo_imitation,human_time,0.74249,0.00943,10,120
correction_delay,0.2,full_demo_imitation,unsafe_override,0.14333,0.02563,10,120
correction_delay,0.2,full_demo_imitation,calibration_error,0.22374,0.00653,10,120
correction_delay,0.2,full_demo_imitation,regret_to_oracle,0.30993,0.01367,10,120
correction_delay,0.2,full_demo_imitation,intervention_sparsity,0.48812,0.01385,10,120
correction_delay,0.2,full_demo_imitation,robust_utility,0.39256,0.03298,10,120
correction_delay,0.2,minimum_intervention_boundary_learner_v5,task_success,0.47667,0.02795,10,120
correction_delay,0.2,minimum_intervention_boundary_learner_v5,correction_efficiency,0.64243,0.03806,10,120
correction_delay,0.2,minimum_intervention_boundary_learner_v5,damage,0.04750,0.00845,10,120
correction_delay,0.2,minimum_intervention_boundary_learner_v5,intervention_magnitude,0.48529,0.00830,10,120
correction_delay,0.2,minimum_intervention_boundary_learner_v5,boundary_error,0.19294,0.00780,10,120
correction_delay,0.2,minimum_intervention_boundary_learner_v5,intent_preservation,0.53440,0.00700,10,120
correction_delay,0.2,minimum_intervention_boundary_learner_v5,query_rate,1.00000,0.00000,10,120
correction_delay,0.2,minimum_intervention_boundary_learner_v5,human_time,0.39059,0.00531,10,120
correction_delay,0.2,minimum_intervention_boundary_learner_v5,unsafe_override,0.00917,0.00452,10,120
correction_delay,0.2,minimum_intervention_boundary_learner_v5,calibration_error,0.11127,0.00623,10,120
correction_delay,0.2,minimum_intervention_boundary_learner_v5,regret_to_oracle,0.12768,0.00505,10,120
correction_delay,0.2,minimum_intervention_boundary_learner_v5,intervention_sparsity,0.50421,0.00430,10,120
correction_delay,0.2,minimum_intervention_boundary_learner_v5,robust_utility,0.66784,0.03477,10,120
correction_delay,0.2,oracle_minimal_correction,task_success,0.58916,0.01757,10,120
correction_delay,0.2,oracle_minimal_correction,correction_efficiency,0.80218,0.03090,10,120
correction_delay,0.2,oracle_minimal_correction,damage,0.04500,0.01222,10,120
correction_delay,0.2,oracle_minimal_correction,intervention_magnitude,0.52245,0.00994,10,120
correction_delay,0.2,oracle_minimal_correction,boundary_error,0.12176,0.00968,10,120
correction_delay,0.2,oracle_minimal_correction,intent_preservation,0.54019,0.00657,10,120
correction_delay,0.2,oracle_minimal_correction,query_rate,1.00000,0.00000,10,120
correction_delay,0.2,oracle_minimal_correction,human_time,0.41437,0.00636,10,120
correction_delay,0.2,oracle_minimal_correction,unsafe_override,0.00667,0.00407,10,120
correction_delay,0.2,oracle_minimal_correction,calibration_error,0.36593,0.00862,10,120
correction_delay,0.2,oracle_minimal_correction,regret_to_oracle,0.03244,0.00032,10,120
correction_delay,0.2,oracle_minimal_correction,intervention_sparsity,0.47085,0.00420,10,120
correction_delay,0.2,oracle_minimal_correction,robust_utility,0.81550,0.02471,10,120
correction_delay,0.2,residual_correction_learner,task_success,0.31250,0.03437,10,120
correction_delay,0.2,residual_correction_learner,correction_efficiency,0.34587,0.04265,10,120
correction_delay,0.2,residual_correction_learner,damage,0.04750,0.00845,10,120
correction_delay,0.2,residual_correction_learner,intervention_magnitude,0.34527,0.01272,10,120
correction_delay,0.2,residual_correction_learner,boundary_error,0.55296,0.01750,10,120
correction_delay,0.2,residual_correction_learner,intent_preservation,0.54702,0.00979,10,120
correction_delay,0.2,residual_correction_learner,query_rate,1.00000,0.00000,10,120
correction_delay,0.2,residual_correction_learner,human_time,0.30097,0.00814,10,120
correction_delay,0.2,residual_correction_learner,unsafe_override,0.13417,0.01510,10,120
correction_delay,0.2,residual_correction_learner,calibration_error,0.27226,0.00747,10,120
correction_delay,0.2,residual_correction_learner,regret_to_oracle,0.33202,0.01189,10,120
correction_delay,0.2,residual_correction_learner,intervention_sparsity,0.63798,0.01243,10,120
correction_delay,0.2,residual_correction_learner,robust_utility,0.41579,0.04490,10,120
correction_delay,0.2,robust_mpc_correction,task_success,0.56583,0.03325,10,120
correction_delay,0.2,robust_mpc_correction,correction_efficiency,0.79097,0.05061,10,120
correction_delay,0.2,robust_mpc_correction,damage,0.04750,0.00945,10,120
correction_delay,0.2,robust_mpc_correction,intervention_magnitude,0.57171,0.01004,10,120
correction_delay,0.2,robust_mpc_correction,boundary_error,0.10578,0.00340,10,120
correction_delay,0.2,robust_mpc_correction,intent_preservation,0.51957,0.00699,10,120
correction_delay,0.2,robust_mpc_correction,query_rate,1.00000,0.00000,10,120
correction_delay,0.2,robust_mpc_correction,human_time,0.44589,0.00642,10,120
correction_delay,0.2,robust_mpc_correction,unsafe_override,0.02833,0.00918,10,120
correction_delay,0.2,robust_mpc_correction,calibration_error,0.04195,0.00439,10,120
correction_delay,0.2,robust_mpc_correction,regret_to_oracle,0.05292,0.00298,10,120
correction_delay,0.2,robust_mpc_correction,intervention_sparsity,0.41957,0.00268,10,120
correction_delay,0.2,robust_mpc_correction,robust_utility,0.77567,0.04554,10,120
correction_delay,0.2,uncertainty_query_policy,task_success,0.37333,0.02189,10,120
correction_delay,0.2,uncertainty_query_policy,correction_efficiency,0.42883,0.02370,10,120
correction_delay,0.2,uncertainty_query_policy,damage,0.05417,0.01404,10,120
correction_delay,0.2,uncertainty_query_policy,intervention_magnitude,0.45090,0.01247,10,120
correction_delay,0.2,uncertainty_query_policy,boundary_error,0.39418,0.01418,10,120
correction_delay,0.2,uncertainty_query_policy,intent_preservation,0.54994,0.00982,10,120
correction_delay,0.2,uncertainty_query_policy,query_rate,1.00000,0.00000,10,120
correction_delay,0.2,uncertainty_query_policy,human_time,0.36857,0.00798,10,120
correction_delay,0.2,uncertainty_query_policy,unsafe_override,0.13583,0.01740,10,120
correction_delay,0.2,uncertainty_query_policy,calibration_error,0.24275,0.00845,10,120
correction_delay,0.2,uncertainty_query_policy,regret_to_oracle,0.26332,0.01140,10,120
correction_delay,0.2,uncertainty_query_policy,intervention_sparsity,0.53112,0.01290,10,120
correction_delay,0.2,uncertainty_query_policy,robust_utility,0.48294,0.02980,10,120
correction_delay,0.4,active_entropy_query_policy,task_success,0.39583,0.01890,10,120
correction_delay,0.4,active_entropy_query_policy,correction_efficiency,0.52682,0.03199,10,120
correction_delay,0.4,active_entropy_query_policy,damage,0.05500,0.01600,10,120
correction_delay,0.4,active_entropy_query_policy,intervention_magnitude,0.41244,0.00553,10,120
correction_delay,0.4,active_entropy_query_policy,boundary_error,0.29806,0.01068,10,120
correction_delay,0.4,active_entropy_query_policy,intent_preservation,0.52033,0.00657,10,120
correction_delay,0.4,active_entropy_query_policy,query_rate,1.00000,0.00000,10,120
correction_delay,0.4,active_entropy_query_policy,human_time,0.34396,0.00354,10,120
correction_delay,0.4,active_entropy_query_policy,unsafe_override,0.11000,0.01477,10,120
correction_delay,0.4,active_entropy_query_policy,calibration_error,0.23751,0.00900,10,120
correction_delay,0.4,active_entropy_query_policy,regret_to_oracle,0.21019,0.00824,10,120
correction_delay,0.4,active_entropy_query_policy,intervention_sparsity,0.57593,0.00662,10,120
correction_delay,0.4,active_entropy_query_policy,robust_utility,0.53329,0.02781,10,120
correction_delay,0.4,full_demo_imitation,task_success,0.30750,0.02488,10,120
correction_delay,0.4,full_demo_imitation,correction_efficiency,0.31586,0.02641,10,120
correction_delay,0.4,full_demo_imitation,damage,0.06833,0.00836,10,120
correction_delay,0.4,full_demo_imitation,intervention_magnitude,0.50113,0.00992,10,120
correction_delay,0.4,full_demo_imitation,boundary_error,0.54394,0.02607,10,120
correction_delay,0.4,full_demo_imitation,intent_preservation,0.56280,0.00605,10,120
correction_delay,0.4,full_demo_imitation,query_rate,1.00000,0.00000,10,120
correction_delay,0.4,full_demo_imitation,human_time,0.75073,0.00635,10,120
correction_delay,0.4,full_demo_imitation,unsafe_override,0.14083,0.02391,10,120
correction_delay,0.4,full_demo_imitation,calibration_error,0.21523,0.00998,10,120
correction_delay,0.4,full_demo_imitation,regret_to_oracle,0.30424,0.01335,10,120
correction_delay,0.4,full_demo_imitation,intervention_sparsity,0.46807,0.01272,10,120
correction_delay,0.4,full_demo_imitation,robust_utility,0.36481,0.03545,10,120
correction_delay,0.4,minimum_intervention_boundary_learner_v5,task_success,0.48333,0.02361,10,120
correction_delay,0.4,minimum_intervention_boundary_learner_v5,correction_efficiency,0.65136,0.03206,10,120
correction_delay,0.4,minimum_intervention_boundary_learner_v5,damage,0.04750,0.00945,10,120
correction_delay,0.4,minimum_intervention_boundary_learner_v5,intervention_magnitude,0.47790,0.00703,10,120
correction_delay,0.4,minimum_intervention_boundary_learner_v5,boundary_error,0.19545,0.00688,10,120
correction_delay,0.4,minimum_intervention_boundary_learner_v5,intent_preservation,0.52389,0.00649,10,120
correction_delay,0.4,minimum_intervention_boundary_learner_v5,query_rate,1.00000,0.00000,10,120
correction_delay,0.4,minimum_intervention_boundary_learner_v5,human_time,0.38585,0.00450,10,120
correction_delay,0.4,minimum_intervention_boundary_learner_v5,unsafe_override,0.01500,0.00871,10,120
correction_delay,0.4,minimum_intervention_boundary_learner_v5,calibration_error,0.11323,0.00558,10,120
correction_delay,0.4,minimum_intervention_boundary_learner_v5,regret_to_oracle,0.12665,0.00452,10,120
correction_delay,0.4,minimum_intervention_boundary_learner_v5,intervention_sparsity,0.50521,0.00316,10,120
correction_delay,0.4,minimum_intervention_boundary_learner_v5,robust_utility,0.67374,0.02984,10,120
correction_delay,0.4,oracle_minimal_correction,task_success,0.58250,0.01510,10,120
correction_delay,0.4,oracle_minimal_correction,correction_efficiency,0.79333,0.02271,10,120
correction_delay,0.4,oracle_minimal_correction,damage,0.04833,0.01351,10,120
correction_delay,0.4,oracle_minimal_correction,intervention_magnitude,0.51192,0.00825,10,120
correction_delay,0.4,oracle_minimal_correction,boundary_error,0.12214,0.00824,10,120
correction_delay,0.4,oracle_minimal_correction,intent_preservation,0.52909,0.00642,10,120
correction_delay,0.4,oracle_minimal_correction,query_rate,1.00000,0.00000,10,120
correction_delay,0.4,oracle_minimal_correction,human_time,0.40763,0.00528,10,120
correction_delay,0.4,oracle_minimal_correction,unsafe_override,0.00667,0.00407,10,120
correction_delay,0.4,oracle_minimal_correction,calibration_error,0.37037,0.00459,10,120
correction_delay,0.4,oracle_minimal_correction,regret_to_oracle,0.03347,0.00029,10,120
correction_delay,0.4,oracle_minimal_correction,intervention_sparsity,0.47155,0.00265,10,120
correction_delay,0.4,oracle_minimal_correction,robust_utility,0.80405,0.02296,10,120
correction_delay,0.4,residual_correction_learner,task_success,0.28917,0.02850,10,120
correction_delay,0.4,residual_correction_learner,correction_efficiency,0.32728,0.03575,10,120
correction_delay,0.4,residual_correction_learner,damage,0.04917,0.01204,10,120
correction_delay,0.4,residual_correction_learner,intervention_magnitude,0.34415,0.00869,10,120
correction_delay,0.4,residual_correction_learner,boundary_error,0.55041,0.01611,10,120
correction_delay,0.4,residual_correction_learner,intent_preservation,0.53433,0.00728,10,120
correction_delay,0.4,residual_correction_learner,query_rate,1.00000,0.00000,10,120
correction_delay,0.4,residual_correction_learner,human_time,0.30025,0.00556,10,120
correction_delay,0.4,residual_correction_learner,unsafe_override,0.13667,0.01360,10,120
correction_delay,0.4,residual_correction_learner,calibration_error,0.26708,0.01005,10,120
correction_delay,0.4,residual_correction_learner,regret_to_oracle,0.32872,0.01073,10,120
correction_delay,0.4,residual_correction_learner,intervention_sparsity,0.63604,0.01277,10,120
correction_delay,0.4,residual_correction_learner,robust_utility,0.38509,0.03427,10,120
correction_delay,0.4,robust_mpc_correction,task_success,0.57583,0.02639,10,120
correction_delay,0.4,robust_mpc_correction,correction_efficiency,0.81223,0.04387,10,120
correction_delay,0.4,robust_mpc_correction,damage,0.04833,0.00800,10,120
correction_delay,0.4,robust_mpc_correction,intervention_magnitude,0.56048,0.00885,10,120
correction_delay,0.4,robust_mpc_correction,boundary_error,0.10333,0.00508,10,120
correction_delay,0.4,robust_mpc_correction,intent_preservation,0.50874,0.00648,10,120
correction_delay,0.4,robust_mpc_correction,query_rate,1.00000,0.00000,10,120
correction_delay,0.4,robust_mpc_correction,human_time,0.43871,0.00566,10,120
correction_delay,0.4,robust_mpc_correction,unsafe_override,0.02917,0.00740,10,120
correction_delay,0.4,robust_mpc_correction,calibration_error,0.04178,0.00458,10,120
correction_delay,0.4,robust_mpc_correction,regret_to_oracle,0.05452,0.00260,10,120
correction_delay,0.4,robust_mpc_correction,intervention_sparsity,0.42133,0.00262,10,120
correction_delay,0.4,robust_mpc_correction,robust_utility,0.78869,0.03657,10,120
correction_delay,0.4,uncertainty_query_policy,task_success,0.36083,0.02723,10,120
correction_delay,0.4,uncertainty_query_policy,correction_efficiency,0.41586,0.03380,10,120
correction_delay,0.4,uncertainty_query_policy,damage,0.05667,0.01395,10,120
correction_delay,0.4,uncertainty_query_policy,intervention_magnitude,0.45656,0.00604,10,120
correction_delay,0.4,uncertainty_query_policy,boundary_error,0.38626,0.01391,10,120
correction_delay,0.4,uncertainty_query_policy,intent_preservation,0.53772,0.00466,10,120
correction_delay,0.4,uncertainty_query_policy,query_rate,1.00000,0.00000,10,120
correction_delay,0.4,uncertainty_query_policy,human_time,0.37220,0.00386,10,120
correction_delay,0.4,uncertainty_query_policy,unsafe_override,0.13750,0.02154,10,120
correction_delay,0.4,uncertainty_query_policy,calibration_error,0.23411,0.01079,10,120
correction_delay,0.4,uncertainty_query_policy,regret_to_oracle,0.25702,0.01080,10,120
correction_delay,0.4,uncertainty_query_policy,intervention_sparsity,0.51711,0.01019,10,120
correction_delay,0.4,uncertainty_query_policy,robust_utility,0.46336,0.04027,10,120
correction_delay,0.6,active_entropy_query_policy,task_success,0.39833,0.02457,10,120
correction_delay,0.6,active_entropy_query_policy,correction_efficiency,0.53031,0.03904,10,120
correction_delay,0.6,active_entropy_query_policy,damage,0.05250,0.01441,10,120
correction_delay,0.6,active_entropy_query_policy,intervention_magnitude,0.41782,0.01052,10,120
correction_delay,0.6,active_entropy_query_policy,boundary_error,0.29188,0.01248,10,120
correction_delay,0.6,active_entropy_query_policy,intent_preservation,0.51850,0.00732,10,120
correction_delay,0.6,active_entropy_query_policy,query_rate,1.00000,0.00000,10,120
correction_delay,0.6,active_entropy_query_policy,human_time,0.34741,0.00673,10,120
correction_delay,0.6,active_entropy_query_policy,unsafe_override,0.10917,0.01429,10,120
correction_delay,0.6,active_entropy_query_policy,calibration_error,0.22724,0.00948,10,120
correction_delay,0.6,active_entropy_query_policy,regret_to_oracle,0.20758,0.00884,10,120
correction_delay,0.6,active_entropy_query_policy,intervention_sparsity,0.57052,0.00805,10,120
correction_delay,0.6,active_entropy_query_policy,robust_utility,0.53743,0.03357,10,120
correction_delay,0.6,full_demo_imitation,task_success,0.33833,0.02831,10,120
correction_delay,0.6,full_demo_imitation,correction_efficiency,0.34493,0.03222,10,120
correction_delay,0.6,full_demo_imitation,damage,0.06667,0.01288,10,120
correction_delay,0.6,full_demo_imitation,intervention_magnitude,0.52702,0.01910,10,120
correction_delay,0.6,full_demo_imitation,boundary_error,0.54918,0.02827,10,120
correction_delay,0.6,full_demo_imitation,intent_preservation,0.55854,0.00636,10,120
correction_delay,0.6,full_demo_imitation,query_rate,1.00000,0.00000,10,120
correction_delay,0.6,full_demo_imitation,human_time,0.76729,0.01222,10,120
correction_delay,0.6,full_demo_imitation,unsafe_override,0.14083,0.02926,10,120
correction_delay,0.6,full_demo_imitation,calibration_error,0.21174,0.01000,10,120
correction_delay,0.6,full_demo_imitation,regret_to_oracle,0.30494,0.01282,10,120
correction_delay,0.6,full_demo_imitation,intervention_sparsity,0.44282,0.01644,10,120
correction_delay,0.6,full_demo_imitation,robust_utility,0.40034,0.03565,10,120
correction_delay,0.6,minimum_intervention_boundary_learner_v5,task_success,0.47333,0.02698,10,120
correction_delay,0.6,minimum_intervention_boundary_learner_v5,correction_efficiency,0.65172,0.03698,10,120
correction_delay,0.6,minimum_intervention_boundary_learner_v5,damage,0.04917,0.00957,10,120
correction_delay,0.6,minimum_intervention_boundary_learner_v5,intervention_magnitude,0.48200,0.00772,10,120
correction_delay,0.6,minimum_intervention_boundary_learner_v5,boundary_error,0.19339,0.01178,10,120
correction_delay,0.6,minimum_intervention_boundary_learner_v5,intent_preservation,0.52209,0.00701,10,120
correction_delay,0.6,minimum_intervention_boundary_learner_v5,query_rate,1.00000,0.00000,10,120
correction_delay,0.6,minimum_intervention_boundary_learner_v5,human_time,0.38848,0.00494,10,120
correction_delay,0.6,minimum_intervention_boundary_learner_v5,unsafe_override,0.01583,0.00708,10,120
correction_delay,0.6,minimum_intervention_boundary_learner_v5,calibration_error,0.11055,0.00722,10,120
correction_delay,0.6,minimum_intervention_boundary_learner_v5,regret_to_oracle,0.12456,0.00609,10,120
correction_delay,0.6,minimum_intervention_boundary_learner_v5,intervention_sparsity,0.50130,0.00673,10,120
correction_delay,0.6,minimum_intervention_boundary_learner_v5,robust_utility,0.66217,0.03448,10,120
correction_delay,0.6,oracle_minimal_correction,task_success,0.59833,0.02005,10,120
correction_delay,0.6,oracle_minimal_correction,correction_efficiency,0.82004,0.02991,10,120
correction_delay,0.6,oracle_minimal_correction,damage,0.04583,0.01383,10,120
correction_delay,0.6,oracle_minimal_correction,intervention_magnitude,0.51346,0.00653,10,120
correction_delay,0.6,oracle_minimal_correction,boundary_error,0.12269,0.00589,10,120
correction_delay,0.6,oracle_minimal_correction,intent_preservation,0.52727,0.00633,10,120
correction_delay,0.6,oracle_minimal_correction,query_rate,1.00000,0.00000,10,120
correction_delay,0.6,oracle_minimal_correction,human_time,0.40861,0.00418,10,120
correction_delay,0.6,oracle_minimal_correction,unsafe_override,0.00167,0.00218,10,120
correction_delay,0.6,oracle_minimal_correction,calibration_error,0.36870,0.00458,10,120
correction_delay,0.6,oracle_minimal_correction,regret_to_oracle,0.03452,0.00038,10,120
correction_delay,0.6,oracle_minimal_correction,intervention_sparsity,0.47166,0.00206,10,120
correction_delay,0.6,oracle_minimal_correction,robust_utility,0.82819,0.02699,10,120
correction_delay,0.6,residual_correction_learner,task_success,0.30583,0.03435,10,120
correction_delay,0.6,residual_correction_learner,correction_efficiency,0.34216,0.04134,10,120
correction_delay,0.6,residual_correction_learner,damage,0.04667,0.01039,10,120
correction_delay,0.6,residual_correction_learner,intervention_magnitude,0.35735,0.01449,10,120
correction_delay,0.6,residual_correction_learner,boundary_error,0.55200,0.02557,10,120
correction_delay,0.6,residual_correction_learner,intent_preservation,0.53123,0.00629,10,120
correction_delay,0.6,residual_correction_learner,query_rate,1.00000,0.00000,10,120
correction_delay,0.6,residual_correction_learner,human_time,0.30871,0.00927,10,120
correction_delay,0.6,residual_correction_learner,unsafe_override,0.14333,0.01083,10,120
correction_delay,0.6,residual_correction_learner,calibration_error,0.26141,0.01088,10,120
correction_delay,0.6,residual_correction_learner,regret_to_oracle,0.32769,0.01148,10,120
correction_delay,0.6,residual_correction_learner,intervention_sparsity,0.62039,0.01274,10,120
correction_delay,0.6,residual_correction_learner,robust_utility,0.40289,0.04161,10,120
correction_delay,0.6,robust_mpc_correction,task_success,0.57000,0.02485,10,120
correction_delay,0.6,robust_mpc_correction,correction_efficiency,0.81892,0.03703,10,120
correction_delay,0.6,robust_mpc_correction,damage,0.05250,0.00945,10,120
correction_delay,0.6,robust_mpc_correction,intervention_magnitude,0.56162,0.00714,10,120
correction_delay,0.6,robust_mpc_correction,boundary_error,0.11060,0.00589,10,120
correction_delay,0.6,robust_mpc_correction,intent_preservation,0.50651,0.00660,10,120
correction_delay,0.6,robust_mpc_correction,query_rate,1.00000,0.00000,10,120
correction_delay,0.6,robust_mpc_correction,human_time,0.43944,0.00457,10,120
correction_delay,0.6,robust_mpc_correction,unsafe_override,0.03167,0.00836,10,120
correction_delay,0.6,robust_mpc_correction,calibration_error,0.04184,0.00392,10,120
correction_delay,0.6,robust_mpc_correction,regret_to_oracle,0.05743,0.00163,10,120
correction_delay,0.6,robust_mpc_correction,intervention_sparsity,0.42196,0.00297,10,120
correction_delay,0.6,robust_mpc_correction,robust_utility,0.78117,0.03124,10,120
correction_delay,0.6,uncertainty_query_policy,task_success,0.36417,0.01482,10,120
correction_delay,0.6,uncertainty_query_policy,correction_efficiency,0.41681,0.02155,10,120
correction_delay,0.6,uncertainty_query_policy,damage,0.06333,0.01600,10,120
correction_delay,0.6,uncertainty_query_policy,intervention_magnitude,0.47050,0.01412,10,120
correction_delay,0.6,uncertainty_query_policy,boundary_error,0.39027,0.01735,10,120
correction_delay,0.6,uncertainty_query_policy,intent_preservation,0.53831,0.00654,10,120
correction_delay,0.6,uncertainty_query_policy,query_rate,1.00000,0.00000,10,120
correction_delay,0.6,uncertainty_query_policy,human_time,0.38112,0.00904,10,120
correction_delay,0.6,uncertainty_query_policy,unsafe_override,0.13750,0.01842,10,120
correction_delay,0.6,uncertainty_query_policy,calibration_error,0.22711,0.01170,10,120
correction_delay,0.6,uncertainty_query_policy,regret_to_oracle,0.25830,0.01076,10,120
correction_delay,0.6,uncertainty_query_policy,intervention_sparsity,0.50261,0.01174,10,120
correction_delay,0.6,uncertainty_query_policy,robust_utility,0.46239,0.02083,10,120
correction_delay,0.8,active_entropy_query_policy,task_success,0.40667,0.02148,10,120
correction_delay,0.8,active_entropy_query_policy,correction_efficiency,0.53930,0.02897,10,120
correction_delay,0.8,active_entropy_query_policy,damage,0.05500,0.01776,10,120
correction_delay,0.8,active_entropy_query_policy,intervention_magnitude,0.41431,0.00818,10,120
correction_delay,0.8,active_entropy_query_policy,boundary_error,0.30080,0.01237,10,120
correction_delay,0.8,active_entropy_query_policy,intent_preservation,0.50403,0.00488,10,120
correction_delay,0.8,active_entropy_query_policy,query_rate,1.00000,0.00000,10,120
correction_delay,0.8,active_entropy_query_policy,human_time,0.34516,0.00523,10,120
correction_delay,0.8,active_entropy_query_policy,unsafe_override,0.10250,0.01502,10,120
correction_delay,0.8,active_entropy_query_policy,calibration_error,0.23070,0.00821,10,120
correction_delay,0.8,active_entropy_query_policy,regret_to_oracle,0.21766,0.00699,10,120
correction_delay,0.8,active_entropy_query_policy,intervention_sparsity,0.57417,0.00754,10,120
correction_delay,0.8,active_entropy_query_policy,robust_utility,0.54671,0.03448,10,120
correction_delay,0.8,full_demo_imitation,task_success,0.30000,0.03312,10,120
correction_delay,0.8,full_demo_imitation,correction_efficiency,0.29500,0.03467,10,120
correction_delay,0.8,full_demo_imitation,damage,0.08167,0.01517,10,120
correction_delay,0.8,full_demo_imitation,intervention_magnitude,0.53926,0.01880,10,120
correction_delay,0.8,full_demo_imitation,boundary_error,0.57532,0.01485,10,120
correction_delay,0.8,full_demo_imitation,intent_preservation,0.54569,0.00466,10,120
correction_delay,0.8,full_demo_imitation,query_rate,1.00000,0.00000,10,120
correction_delay,0.8,full_demo_imitation,human_time,0.77513,0.01203,10,120
correction_delay,0.8,full_demo_imitation,unsafe_override,0.15667,0.03029,10,120
correction_delay,0.8,full_demo_imitation,calibration_error,0.21327,0.00592,10,120
correction_delay,0.8,full_demo_imitation,regret_to_oracle,0.31991,0.01287,10,120
correction_delay,0.8,full_demo_imitation,intervention_sparsity,0.43050,0.02150,10,120
correction_delay,0.8,full_demo_imitation,robust_utility,0.33615,0.03173,10,120
correction_delay,0.8,minimum_intervention_boundary_learner_v5,task_success,0.47667,0.02990,10,120
correction_delay,0.8,minimum_intervention_boundary_learner_v5,correction_efficiency,0.65063,0.03663,10,120
correction_delay,0.8,minimum_intervention_boundary_learner_v5,damage,0.05000,0.00808,10,120
correction_delay,0.8,minimum_intervention_boundary_learner_v5,intervention_magnitude,0.48265,0.00886,10,120
correction_delay,0.8,minimum_intervention_boundary_learner_v5,boundary_error,0.19520,0.00934,10,120
correction_delay,0.8,minimum_intervention_boundary_learner_v5,intent_preservation,0.50751,0.00474,10,120
correction_delay,0.8,minimum_intervention_boundary_learner_v5,query_rate,1.00000,0.00000,10,120
correction_delay,0.8,minimum_intervention_boundary_learner_v5,human_time,0.38890,0.00567,10,120
correction_delay,0.8,minimum_intervention_boundary_learner_v5,unsafe_override,0.01417,0.00547,10,120
correction_delay,0.8,minimum_intervention_boundary_learner_v5,calibration_error,0.11133,0.00305,10,120
correction_delay,0.8,minimum_intervention_boundary_learner_v5,regret_to_oracle,0.13141,0.00403,10,120
correction_delay,0.8,minimum_intervention_boundary_learner_v5,intervention_sparsity,0.50203,0.00508,10,120
correction_delay,0.8,minimum_intervention_boundary_learner_v5,robust_utility,0.66342,0.03848,10,120
correction_delay,0.8,oracle_minimal_correction,task_success,0.59333,0.02120,10,120
correction_delay,0.8,oracle_minimal_correction,correction_efficiency,0.81177,0.02858,10,120
correction_delay,0.8,oracle_minimal_correction,damage,0.05000,0.01168,10,120
correction_delay,0.8,oracle_minimal_correction,intervention_magnitude,0.51704,0.00658,10,120
correction_delay,0.8,oracle_minimal_correction,boundary_error,0.11750,0.00705,10,120
correction_delay,0.8,oracle_minimal_correction,intent_preservation,0.51345,0.00459,10,120
correction_delay,0.8,oracle_minimal_correction,query_rate,1.00000,0.00000,10,120
correction_delay,0.8,oracle_minimal_correction,human_time,0.41090,0.00421,10,120
correction_delay,0.8,oracle_minimal_correction,unsafe_override,0.00667,0.00407,10,120
correction_delay,0.8,oracle_minimal_correction,calibration_error,0.36780,0.00479,10,120
correction_delay,0.8,oracle_minimal_correction,regret_to_oracle,0.03606,0.00047,10,120
correction_delay,0.8,oracle_minimal_correction,intervention_sparsity,0.47044,0.00281,10,120
correction_delay,0.8,oracle_minimal_correction,robust_utility,0.81584,0.02990,10,120
correction_delay,0.8,residual_correction_learner,task_success,0.29250,0.03351,10,120
correction_delay,0.8,residual_correction_learner,correction_efficiency,0.33422,0.03559,10,120
correction_delay,0.8,residual_correction_learner,damage,0.05334,0.01198,10,120
correction_delay,0.8,residual_correction_learner,intervention_magnitude,0.35008,0.01007,10,120
correction_delay,0.8,residual_correction_learner,boundary_error,0.56995,0.01099,10,120
correction_delay,0.8,residual_correction_learner,intent_preservation,0.51312,0.00796,10,120
correction_delay,0.8,residual_correction_learner,query_rate,1.00000,0.00000,10,120
correction_delay,0.8,residual_correction_learner,human_time,0.30405,0.00645,10,120
correction_delay,0.8,residual_correction_learner,unsafe_override,0.14417,0.01871,10,120
correction_delay,0.8,residual_correction_learner,calibration_error,0.26763,0.00856,10,120
correction_delay,0.8,residual_correction_learner,regret_to_oracle,0.33996,0.01104,10,120
correction_delay,0.8,residual_correction_learner,intervention_sparsity,0.62667,0.01265,10,120
correction_delay,0.8,residual_correction_learner,robust_utility,0.38228,0.04370,10,120
correction_delay,0.8,robust_mpc_correction,task_success,0.56667,0.03545,10,120
correction_delay,0.8,robust_mpc_correction,correction_efficiency,0.80372,0.05376,10,120
correction_delay,0.8,robust_mpc_correction,damage,0.04917,0.01101,10,120
correction_delay,0.8,robust_mpc_correction,intervention_magnitude,0.56178,0.00817,10,120
correction_delay,0.8,robust_mpc_correction,boundary_error,0.10966,0.00459,10,120
correction_delay,0.8,robust_mpc_correction,intent_preservation,0.49234,0.00475,10,120
correction_delay,0.8,robust_mpc_correction,query_rate,1.00000,0.00000,10,120
correction_delay,0.8,robust_mpc_correction,human_time,0.43954,0.00523,10,120
correction_delay,0.8,robust_mpc_correction,unsafe_override,0.02750,0.00913,10,120
correction_delay,0.8,robust_mpc_correction,calibration_error,0.04306,0.00302,10,120
correction_delay,0.8,robust_mpc_correction,regret_to_oracle,0.06241,0.00262,10,120
correction_delay,0.8,robust_mpc_correction,intervention_sparsity,0.42380,0.00247,10,120
correction_delay,0.8,robust_mpc_correction,robust_utility,0.77563,0.04818,10,120
correction_delay,0.8,uncertainty_query_policy,task_success,0.36250,0.01691,10,120
correction_delay,0.8,uncertainty_query_policy,correction_efficiency,0.40790,0.02042,10,120
correction_delay,0.8,uncertainty_query_policy,damage,0.06000,0.01630,10,120
correction_delay,0.8,uncertainty_query_policy,intervention_magnitude,0.47709,0.01120,10,120
correction_delay,0.8,uncertainty_query_policy,boundary_error,0.40563,0.01218,10,120
correction_delay,0.8,uncertainty_query_policy,intent_preservation,0.52340,0.00560,10,120
correction_delay,0.8,uncertainty_query_policy,query_rate,1.00000,0.00000,10,120
correction_delay,0.8,uncertainty_query_policy,human_time,0.38534,0.00717,10,120
correction_delay,0.8,uncertainty_query_policy,unsafe_override,0.14167,0.01756,10,120
correction_delay,0.8,uncertainty_query_policy,calibration_error,0.23249,0.00865,10,120
correction_delay,0.8,uncertainty_query_policy,regret_to_oracle,0.26957,0.00968,10,120
correction_delay,0.8,uncertainty_query_policy,intervention_sparsity,0.49308,0.01511,10,120
correction_delay,0.8,uncertainty_query_policy,robust_utility,0.45673,0.02124,10,120
correction_delay,1.0,active_entropy_query_policy,task_success,0.41750,0.02802,10,120
correction_delay,1.0,active_entropy_query_policy,correction_efficiency,0.55922,0.03911,10,120
correction_delay,1.0,active_entropy_query_policy,damage,0.05750,0.01568,10,120
correction_delay,1.0,active_entropy_query_policy,intervention_magnitude,0.42396,0.01018,10,120
correction_delay,1.0,active_entropy_query_policy,boundary_error,0.30405,0.01023,10,120
correction_delay,1.0,active_entropy_query_policy,intent_preservation,0.48956,0.00921,10,120
correction_delay,1.0,active_entropy_query_policy,query_rate,1.00000,0.00000,10,120
correction_delay,1.0,active_entropy_query_policy,human_time,0.35134,0.00652,10,120
correction_delay,1.0,active_entropy_query_policy,unsafe_override,0.10333,0.01485,10,120
correction_delay,1.0,active_entropy_query_policy,calibration_error,0.22339,0.00916,10,120
correction_delay,1.0,active_entropy_query_policy,regret_to_oracle,0.21545,0.00833,10,120
correction_delay,1.0,active_entropy_query_policy,intervention_sparsity,0.56798,0.00851,10,120
correction_delay,1.0,active_entropy_query_policy,robust_utility,0.55793,0.04003,10,120
correction_delay,1.0,full_demo_imitation,task_success,0.29833,0.02333,10,120
correction_delay,1.0,full_demo_imitation,correction_efficiency,0.28365,0.02759,10,120
correction_delay,1.0,full_demo_imitation,damage,0.08500,0.01394,10,120
correction_delay,1.0,full_demo_imitation,intervention_magnitude,0.57460,0.02066,10,120
correction_delay,1.0,full_demo_imitation,boundary_error,0.58321,0.01786,10,120
correction_delay,1.0,full_demo_imitation,intent_preservation,0.52750,0.00818,10,120
correction_delay,1.0,full_demo_imitation,query_rate,1.00000,0.00000,10,120
correction_delay,1.0,full_demo_imitation,human_time,0.79774,0.01323,10,120
correction_delay,1.0,full_demo_imitation,unsafe_override,0.14750,0.02943,10,120
correction_delay,1.0,full_demo_imitation,calibration_error,0.21273,0.00822,10,120
correction_delay,1.0,full_demo_imitation,regret_to_oracle,0.31635,0.01555,10,120
correction_delay,1.0,full_demo_imitation,intervention_sparsity,0.40288,0.02290,10,120
correction_delay,1.0,full_demo_imitation,robust_utility,0.32806,0.03040,10,120
correction_delay,1.0,minimum_intervention_boundary_learner_v5,task_success,0.47000,0.03278,10,120
correction_delay,1.0,minimum_intervention_boundary_learner_v5,correction_efficiency,0.64869,0.04567,10,120
correction_delay,1.0,minimum_intervention_boundary_learner_v5,damage,0.05167,0.01027,10,120
correction_delay,1.0,minimum_intervention_boundary_learner_v5,intervention_magnitude,0.48401,0.00854,10,120
correction_delay,1.0,minimum_intervention_boundary_learner_v5,boundary_error,0.20377,0.01065,10,120
correction_delay,1.0,minimum_intervention_boundary_learner_v5,intent_preservation,0.48984,0.00889,10,120
correction_delay,1.0,minimum_intervention_boundary_learner_v5,query_rate,1.00000,0.00000,10,120
correction_delay,1.0,minimum_intervention_boundary_learner_v5,human_time,0.38977,0.00546,10,120
correction_delay,1.0,minimum_intervention_boundary_learner_v5,unsafe_override,0.01417,0.00599,10,120
correction_delay,1.0,minimum_intervention_boundary_learner_v5,calibration_error,0.11967,0.00562,10,120
correction_delay,1.0,minimum_intervention_boundary_learner_v5,regret_to_oracle,0.13480,0.00456,10,120
correction_delay,1.0,minimum_intervention_boundary_learner_v5,intervention_sparsity,0.50388,0.00565,10,120
correction_delay,1.0,minimum_intervention_boundary_learner_v5,robust_utility,0.65321,0.04020,10,120
correction_delay,1.0,oracle_minimal_correction,task_success,0.57500,0.01669,10,120
correction_delay,1.0,oracle_minimal_correction,correction_efficiency,0.78886,0.01785,10,120
correction_delay,1.0,oracle_minimal_correction,damage,0.05000,0.01289,10,120
correction_delay,1.0,oracle_minimal_correction,intervention_magnitude,0.51804,0.00540,10,120
correction_delay,1.0,oracle_minimal_correction,boundary_error,0.12083,0.00927,10,120
correction_delay,1.0,oracle_minimal_correction,intent_preservation,0.49441,0.00881,10,120
correction_delay,1.0,oracle_minimal_correction,query_rate,1.00000,0.00000,10,120
correction_delay,1.0,oracle_minimal_correction,human_time,0.41154,0.00346,10,120
correction_delay,1.0,oracle_minimal_correction,unsafe_override,0.01000,0.00586,10,120
correction_delay,1.0,oracle_minimal_correction,calibration_error,0.37046,0.00861,10,120
correction_delay,1.0,oracle_minimal_correction,regret_to_oracle,0.03803,0.00052,10,120
correction_delay,1.0,oracle_minimal_correction,intervention_sparsity,0.47108,0.00353,10,120
correction_delay,1.0,oracle_minimal_correction,robust_utility,0.78906,0.02075,10,120
correction_delay,1.0,residual_correction_learner,task_success,0.28833,0.02821,10,120
correction_delay,1.0,residual_correction_learner,correction_efficiency,0.31650,0.03944,10,120
correction_delay,1.0,residual_correction_learner,damage,0.05417,0.01122,10,120
correction_delay,1.0,residual_correction_learner,intervention_magnitude,0.37336,0.01710,10,120
correction_delay,1.0,residual_correction_learner,boundary_error,0.55403,0.02562,10,120
correction_delay,1.0,residual_correction_learner,intent_preservation,0.49759,0.00863,10,120
correction_delay,1.0,residual_correction_learner,query_rate,1.00000,0.00000,10,120
correction_delay,1.0,residual_correction_learner,human_time,0.31895,0.01095,10,120
correction_delay,1.0,residual_correction_learner,unsafe_override,0.13750,0.01583,10,120
correction_delay,1.0,residual_correction_learner,calibration_error,0.25711,0.01261,10,120
correction_delay,1.0,residual_correction_learner,regret_to_oracle,0.32884,0.01505,10,120
correction_delay,1.0,residual_correction_learner,intervention_sparsity,0.60983,0.01731,10,120
correction_delay,1.0,residual_correction_learner,robust_utility,0.37212,0.03868,10,120
correction_delay,1.0,robust_mpc_correction,task_success,0.55083,0.02865,10,120
correction_delay,1.0,robust_mpc_correction,correction_efficiency,0.77431,0.04815,10,120
correction_delay,1.0,robust_mpc_correction,damage,0.05334,0.00885,10,120
correction_delay,1.0,robust_mpc_correction,intervention_magnitude,0.55829,0.00802,10,120
correction_delay,1.0,robust_mpc_correction,boundary_error,0.11728,0.00767,10,120
correction_delay,1.0,robust_mpc_correction,intent_preservation,0.47517,0.00902,10,120
correction_delay,1.0,robust_mpc_correction,query_rate,1.00000,0.00000,10,120
correction_delay,1.0,robust_mpc_correction,human_time,0.43730,0.00513,10,120
correction_delay,1.0,robust_mpc_correction,unsafe_override,0.02583,0.00381,10,120
correction_delay,1.0,robust_mpc_correction,calibration_error,0.04910,0.00593,10,120
correction_delay,1.0,robust_mpc_correction,regret_to_oracle,0.06802,0.00335,10,120
correction_delay,1.0,robust_mpc_correction,intervention_sparsity,0.42923,0.00353,10,120
correction_delay,1.0,robust_mpc_correction,robust_utility,0.74977,0.03920,10,120
correction_delay,1.0,uncertainty_query_policy,task_success,0.37167,0.02401,10,120
correction_delay,1.0,uncertainty_query_policy,correction_efficiency,0.40831,0.02420,10,120
correction_delay,1.0,uncertainty_query_policy,damage,0.06500,0.01701,10,120
correction_delay,1.0,uncertainty_query_policy,intervention_magnitude,0.49981,0.01367,10,120
correction_delay,1.0,uncertainty_query_policy,boundary_error,0.41275,0.01107,10,120
correction_delay,1.0,uncertainty_query_policy,intent_preservation,0.50491,0.00741,10,120
correction_delay,1.0,uncertainty_query_policy,query_rate,1.00000,0.00000,10,120
correction_delay,1.0,uncertainty_query_policy,human_time,0.39988,0.00875,10,120
correction_delay,1.0,uncertainty_query_policy,unsafe_override,0.14167,0.02023,10,120
correction_delay,1.0,uncertainty_query_policy,calibration_error,0.22517,0.01073,10,120
correction_delay,1.0,uncertainty_query_policy,regret_to_oracle,0.26634,0.01170,10,120
correction_delay,1.0,uncertainty_query_policy,intervention_sparsity,0.47446,0.01498,10,120
correction_delay,1.0,uncertainty_query_policy,robust_utility,0.45940,0.03056,10,120
helpfulness_shift,0.0,active_entropy_query_policy,task_success,0.45083,0.02947,10,120
helpfulness_shift,0.0,active_entropy_query_policy,correction_efficiency,0.61203,0.04692,10,120
helpfulness_shift,0.0,active_entropy_query_policy,damage,0.06167,0.01889,10,120
helpfulness_shift,0.0,active_entropy_query_policy,intervention_magnitude,0.50367,0.00933,10,120
helpfulness_shift,0.0,active_entropy_query_policy,boundary_error,0.25627,0.00834,10,120
helpfulness_shift,0.0,active_entropy_query_policy,intent_preservation,0.50486,0.00576,10,120
helpfulness_shift,0.0,active_entropy_query_policy,query_rate,1.00000,0.00000,10,120
helpfulness_shift,0.0,active_entropy_query_policy,human_time,0.40235,0.00597,10,120
helpfulness_shift,0.0,active_entropy_query_policy,unsafe_override,0.11083,0.01652,10,120
helpfulness_shift,0.0,active_entropy_query_policy,calibration_error,0.16787,0.00631,10,120
helpfulness_shift,0.0,active_entropy_query_policy,regret_to_oracle,0.15205,0.00503,10,120
helpfulness_shift,0.0,active_entropy_query_policy,intervention_sparsity,0.49024,0.00754,10,120
helpfulness_shift,0.0,active_entropy_query_policy,robust_utility,0.59442,0.04417,10,120
helpfulness_shift,0.0,full_demo_imitation,task_success,0.40833,0.02733,10,120
helpfulness_shift,0.0,full_demo_imitation,correction_efficiency,0.42370,0.02991,10,120
helpfulness_shift,0.0,full_demo_imitation,damage,0.10083,0.01470,10,120
helpfulness_shift,0.0,full_demo_imitation,intervention_magnitude,0.70441,0.01482,10,120
helpfulness_shift,0.0,full_demo_imitation,boundary_error,0.57628,0.01758,10,120
helpfulness_shift,0.0,full_demo_imitation,intent_preservation,0.55462,0.00513,10,120
helpfulness_shift,0.0,full_demo_imitation,query_rate,1.00000,0.00000,10,120
helpfulness_shift,0.0,full_demo_imitation,human_time,0.88082,0.00949,10,120
helpfulness_shift,0.0,full_demo_imitation,unsafe_override,0.15917,0.03151,10,120
helpfulness_shift,0.0,full_demo_imitation,calibration_error,0.16188,0.00685,10,120
helpfulness_shift,0.0,full_demo_imitation,regret_to_oracle,0.22342,0.00964,10,120
helpfulness_shift,0.0,full_demo_imitation,intervention_sparsity,0.30152,0.01077,10,120
helpfulness_shift,0.0,full_demo_imitation,robust_utility,0.45209,0.03245,10,120
helpfulness_shift,0.0,minimum_intervention_boundary_learner_v5,task_success,0.51083,0.02496,10,120
helpfulness_shift,0.0,minimum_intervention_boundary_learner_v5,correction_efficiency,0.69939,0.03535,10,120
helpfulness_shift,0.0,minimum_intervention_boundary_learner_v5,damage,0.05167,0.00800,10,120
helpfulness_shift,0.0,minimum_intervention_boundary_learner_v5,intervention_magnitude,0.53358,0.00880,10,120
helpfulness_shift,0.0,minimum_intervention_boundary_learner_v5,boundary_error,0.15887,0.00740,10,120
helpfulness_shift,0.0,minimum_intervention_boundary_learner_v5,intent_preservation,0.50926,0.00603,10,120
helpfulness_shift,0.0,minimum_intervention_boundary_learner_v5,query_rate,1.00000,0.00000,10,120
helpfulness_shift,0.0,minimum_intervention_boundary_learner_v5,human_time,0.42149,0.00563,10,120
helpfulness_shift,0.0,minimum_intervention_boundary_learner_v5,unsafe_override,0.01583,0.00708,10,120
helpfulness_shift,0.0,minimum_intervention_boundary_learner_v5,calibration_error,0.09126,0.00489,10,120
helpfulness_shift,0.0,minimum_intervention_boundary_learner_v5,regret_to_oracle,0.08937,0.00271,10,120
helpfulness_shift,0.0,minimum_intervention_boundary_learner_v5,intervention_sparsity,0.45555,0.00453,10,120
helpfulness_shift,0.0,minimum_intervention_boundary_learner_v5,robust_utility,0.70341,0.03059,10,120
helpfulness_shift,0.0,oracle_minimal_correction,task_success,0.59000,0.01786,10,120
helpfulness_shift,0.0,oracle_minimal_correction,correction_efficiency,0.80452,0.02424,10,120
helpfulness_shift,0.0,oracle_minimal_correction,damage,0.04833,0.01416,10,120
helpfulness_shift,0.0,oracle_minimal_correction,intervention_magnitude,0.51855,0.00816,10,120
helpfulness_shift,0.0,oracle_minimal_correction,boundary_error,0.12308,0.00603,10,120
helpfulness_shift,0.0,oracle_minimal_correction,intent_preservation,0.51797,0.00601,10,120
helpfulness_shift,0.0,oracle_minimal_correction,query_rate,1.00000,0.00000,10,120
helpfulness_shift,0.0,oracle_minimal_correction,human_time,0.41188,0.00522,10,120
helpfulness_shift,0.0,oracle_minimal_correction,unsafe_override,0.00583,0.00349,10,120
helpfulness_shift,0.0,oracle_minimal_correction,calibration_error,0.37321,0.00594,10,120
helpfulness_shift,0.0,oracle_minimal_correction,regret_to_oracle,0.03456,0.00041,10,120
helpfulness_shift,0.0,oracle_minimal_correction,intervention_sparsity,0.47126,0.00192,10,120
helpfulness_shift,0.0,oracle_minimal_correction,robust_utility,0.81259,0.02289,10,120
helpfulness_shift,0.0,residual_correction_learner,task_success,0.38917,0.02881,10,120
helpfulness_shift,0.0,residual_correction_learner,correction_efficiency,0.46668,0.03701,10,120
helpfulness_shift,0.0,residual_correction_learner,damage,0.06667,0.01399,10,120
helpfulness_shift,0.0,residual_correction_learner,intervention_magnitude,0.51381,0.01397,10,120
helpfulness_shift,0.0,residual_correction_learner,boundary_error,0.51858,0.02012,10,120
helpfulness_shift,0.0,residual_correction_learner,intent_preservation,0.52132,0.00682,10,120
helpfulness_shift,0.0,residual_correction_learner,query_rate,1.00000,0.00000,10,120
helpfulness_shift,0.0,residual_correction_learner,human_time,0.40884,0.00894,10,120
helpfulness_shift,0.0,residual_correction_learner,unsafe_override,0.14417,0.01688,10,120
helpfulness_shift,0.0,residual_correction_learner,calibration_error,0.18653,0.00929,10,120
helpfulness_shift,0.0,residual_correction_learner,regret_to_oracle,0.23845,0.01072,10,120
helpfulness_shift,0.0,residual_correction_learner,intervention_sparsity,0.47878,0.01360,10,120
helpfulness_shift,0.0,residual_correction_learner,robust_utility,0.49011,0.03967,10,120
helpfulness_shift,0.0,robust_mpc_correction,task_success,0.56917,0.02798,10,120
helpfulness_shift,0.0,robust_mpc_correction,correction_efficiency,0.80082,0.04309,10,120
helpfulness_shift,0.0,robust_mpc_correction,damage,0.05667,0.01163,10,120
helpfulness_shift,0.0,robust_mpc_correction,intervention_magnitude,0.56591,0.00875,10,120
helpfulness_shift,0.0,robust_mpc_correction,boundary_error,0.10821,0.00513,10,120
helpfulness_shift,0.0,robust_mpc_correction,intent_preservation,0.49722,0.00604,10,120
helpfulness_shift,0.0,robust_mpc_correction,query_rate,1.00000,0.00000,10,120
helpfulness_shift,0.0,robust_mpc_correction,human_time,0.44218,0.00560,10,120
helpfulness_shift,0.0,robust_mpc_correction,unsafe_override,0.02750,0.01034,10,120
helpfulness_shift,0.0,robust_mpc_correction,calibration_error,0.04523,0.00312,10,120
helpfulness_shift,0.0,robust_mpc_correction,regret_to_oracle,0.05719,0.00280,10,120
helpfulness_shift,0.0,robust_mpc_correction,intervention_sparsity,0.42258,0.00228,10,120
helpfulness_shift,0.0,robust_mpc_correction,robust_utility,0.77405,0.03626,10,120
helpfulness_shift,0.0,uncertainty_query_policy,task_success,0.45750,0.01797,10,120
helpfulness_shift,0.0,uncertainty_query_policy,correction_efficiency,0.53215,0.02433,10,120
helpfulness_shift,0.0,uncertainty_query_policy,damage,0.07750,0.01541,10,120
helpfulness_shift,0.0,uncertainty_query_policy,intervention_magnitude,0.60633,0.01208,10,120
helpfulness_shift,0.0,uncertainty_query_policy,boundary_error,0.39188,0.01071,10,120
helpfulness_shift,0.0,uncertainty_query_policy,intent_preservation,0.53376,0.00527,10,120
helpfulness_shift,0.0,uncertainty_query_policy,query_rate,1.00000,0.00000,10,120
helpfulness_shift,0.0,uncertainty_query_policy,human_time,0.46805,0.00773,10,120
helpfulness_shift,0.0,uncertainty_query_policy,unsafe_override,0.14833,0.02189,10,120
helpfulness_shift,0.0,uncertainty_query_policy,calibration_error,0.15291,0.00586,10,120
helpfulness_shift,0.0,uncertainty_query_policy,regret_to_oracle,0.18393,0.00660,10,120
helpfulness_shift,0.0,uncertainty_query_policy,intervention_sparsity,0.37836,0.01053,10,120
helpfulness_shift,0.0,uncertainty_query_policy,robust_utility,0.55998,0.02892,10,120
helpfulness_shift,0.2,active_entropy_query_policy,task_success,0.45750,0.02197,10,120
helpfulness_shift,0.2,active_entropy_query_policy,correction_efficiency,0.63695,0.03938,10,120
helpfulness_shift,0.2,active_entropy_query_policy,damage,0.05750,0.01729,10,120
helpfulness_shift,0.2,active_entropy_query_policy,intervention_magnitude,0.47265,0.00816,10,120
helpfulness_shift,0.2,active_entropy_query_policy,boundary_error,0.25689,0.00960,10,120
helpfulness_shift,0.2,active_entropy_query_policy,intent_preservation,0.51523,0.00531,10,120
helpfulness_shift,0.2,active_entropy_query_policy,query_rate,1.00000,0.00000,10,120
helpfulness_shift,0.2,active_entropy_query_policy,human_time,0.38249,0.00522,10,120
helpfulness_shift,0.2,active_entropy_query_policy,unsafe_override,0.10750,0.01179,10,120
helpfulness_shift,0.2,active_entropy_query_policy,calibration_error,0.18223,0.00864,10,120
helpfulness_shift,0.2,active_entropy_query_policy,regret_to_oracle,0.16487,0.00817,10,120
helpfulness_shift,0.2,active_entropy_query_policy,intervention_sparsity,0.51389,0.00685,10,120
helpfulness_shift,0.2,active_entropy_query_policy,robust_utility,0.61309,0.03324,10,120
helpfulness_shift,0.2,full_demo_imitation,task_success,0.38750,0.02670,10,120
helpfulness_shift,0.2,full_demo_imitation,correction_efficiency,0.41137,0.02765,10,120
helpfulness_shift,0.2,full_demo_imitation,damage,0.08500,0.01990,10,120
helpfulness_shift,0.2,full_demo_imitation,intervention_magnitude,0.62702,0.01009,10,120
helpfulness_shift,0.2,full_demo_imitation,boundary_error,0.54086,0.01966,10,120
helpfulness_shift,0.2,full_demo_imitation,intent_preservation,0.55865,0.01004,10,120
helpfulness_shift,0.2,full_demo_imitation,query_rate,1.00000,0.00000,10,120
helpfulness_shift,0.2,full_demo_imitation,human_time,0.83129,0.00646,10,120
helpfulness_shift,0.2,full_demo_imitation,unsafe_override,0.15333,0.02862,10,120
helpfulness_shift,0.2,full_demo_imitation,calibration_error,0.17762,0.00706,10,120
helpfulness_shift,0.2,full_demo_imitation,regret_to_oracle,0.24397,0.01179,10,120
helpfulness_shift,0.2,full_demo_imitation,intervention_sparsity,0.35245,0.01231,10,120
helpfulness_shift,0.2,full_demo_imitation,robust_utility,0.44371,0.03347,10,120
helpfulness_shift,0.2,minimum_intervention_boundary_learner_v5,task_success,0.51417,0.03099,10,120
helpfulness_shift,0.2,minimum_intervention_boundary_learner_v5,correction_efficiency,0.71417,0.04379,10,120
helpfulness_shift,0.2,minimum_intervention_boundary_learner_v5,damage,0.05250,0.00975,10,120
helpfulness_shift,0.2,minimum_intervention_boundary_learner_v5,intervention_magnitude,0.51621,0.00604,10,120
helpfulness_shift,0.2,minimum_intervention_boundary_learner_v5,boundary_error,0.16269,0.00775,10,120
helpfulness_shift,0.2,minimum_intervention_boundary_learner_v5,intent_preservation,0.51901,0.00509,10,120
helpfulness_shift,0.2,minimum_intervention_boundary_learner_v5,query_rate,1.00000,0.00000,10,120
helpfulness_shift,0.2,minimum_intervention_boundary_learner_v5,human_time,0.41038,0.00387,10,120
helpfulness_shift,0.2,minimum_intervention_boundary_learner_v5,unsafe_override,0.01500,0.00408,10,120
helpfulness_shift,0.2,minimum_intervention_boundary_learner_v5,calibration_error,0.09198,0.00611,10,120
helpfulness_shift,0.2,minimum_intervention_boundary_learner_v5,regret_to_oracle,0.09470,0.00551,10,120
helpfulness_shift,0.2,minimum_intervention_boundary_learner_v5,intervention_sparsity,0.46628,0.00381,10,120
helpfulness_shift,0.2,minimum_intervention_boundary_learner_v5,robust_utility,0.71210,0.03803,10,120
helpfulness_shift,0.2,oracle_minimal_correction,task_success,0.58667,0.01951,10,120
helpfulness_shift,0.2,oracle_minimal_correction,correction_efficiency,0.79128,0.02657,10,120
helpfulness_shift,0.2,oracle_minimal_correction,damage,0.04500,0.01524,10,120
helpfulness_shift,0.2,oracle_minimal_correction,intervention_magnitude,0.51289,0.00719,10,120
helpfulness_shift,0.2,oracle_minimal_correction,boundary_error,0.12137,0.00787,10,120
helpfulness_shift,0.2,oracle_minimal_correction,intent_preservation,0.52676,0.00503,10,120
helpfulness_shift,0.2,oracle_minimal_correction,query_rate,1.00000,0.00000,10,120
helpfulness_shift,0.2,oracle_minimal_correction,human_time,0.40825,0.00460,10,120
helpfulness_shift,0.2,oracle_minimal_correction,unsafe_override,0.00583,0.00349,10,120
helpfulness_shift,0.2,oracle_minimal_correction,calibration_error,0.36957,0.00714,10,120
helpfulness_shift,0.2,oracle_minimal_correction,regret_to_oracle,0.03419,0.00039,10,120
helpfulness_shift,0.2,oracle_minimal_correction,intervention_sparsity,0.47113,0.00266,10,120
helpfulness_shift,0.2,oracle_minimal_correction,robust_utility,0.80938,0.03075,10,120
helpfulness_shift,0.2,residual_correction_learner,task_success,0.38083,0.04075,10,120
helpfulness_shift,0.2,residual_correction_learner,correction_efficiency,0.45888,0.05108,10,120
helpfulness_shift,0.2,residual_correction_learner,damage,0.05500,0.00885,10,120
helpfulness_shift,0.2,residual_correction_learner,intervention_magnitude,0.45020,0.01201,10,120
helpfulness_shift,0.2,residual_correction_learner,boundary_error,0.49726,0.01860,10,120
helpfulness_shift,0.2,residual_correction_learner,intent_preservation,0.52822,0.00652,10,120
helpfulness_shift,0.2,residual_correction_learner,query_rate,1.00000,0.00000,10,120
helpfulness_shift,0.2,residual_correction_learner,human_time,0.36813,0.00769,10,120
helpfulness_shift,0.2,residual_correction_learner,unsafe_override,0.15417,0.02261,10,120
helpfulness_shift,0.2,residual_correction_learner,calibration_error,0.20499,0.00961,10,120
helpfulness_shift,0.2,residual_correction_learner,regret_to_oracle,0.25850,0.01076,10,120
helpfulness_shift,0.2,residual_correction_learner,intervention_sparsity,0.52816,0.01417,10,120
helpfulness_shift,0.2,residual_correction_learner,robust_utility,0.48853,0.05504,10,120
helpfulness_shift,0.2,robust_mpc_correction,task_success,0.57417,0.02770,10,120
helpfulness_shift,0.2,robust_mpc_correction,correction_efficiency,0.81431,0.04741,10,120
helpfulness_shift,0.2,robust_mpc_correction,damage,0.04750,0.01034,10,120
helpfulness_shift,0.2,robust_mpc_correction,intervention_magnitude,0.56225,0.00546,10,120
helpfulness_shift,0.2,robust_mpc_correction,boundary_error,0.10502,0.00396,10,120
helpfulness_shift,0.2,robust_mpc_correction,intent_preservation,0.50586,0.00525,10,120
helpfulness_shift,0.2,robust_mpc_correction,query_rate,1.00000,0.00000,10,120
helpfulness_shift,0.2,robust_mpc_correction,human_time,0.43984,0.00350,10,120
helpfulness_shift,0.2,robust_mpc_correction,unsafe_override,0.02583,0.00859,10,120
helpfulness_shift,0.2,robust_mpc_correction,calibration_error,0.04069,0.00333,10,120
helpfulness_shift,0.2,robust_mpc_correction,regret_to_oracle,0.05464,0.00260,10,120
helpfulness_shift,0.2,robust_mpc_correction,intervention_sparsity,0.42008,0.00263,10,120
helpfulness_shift,0.2,robust_mpc_correction,robust_utility,0.78835,0.03753,10,120
helpfulness_shift,0.2,uncertainty_query_policy,task_success,0.43250,0.03169,10,120
helpfulness_shift,0.2,uncertainty_query_policy,correction_efficiency,0.51949,0.03885,10,120
helpfulness_shift,0.2,uncertainty_query_policy,damage,0.07333,0.01718,10,120
helpfulness_shift,0.2,uncertainty_query_policy,intervention_magnitude,0.54743,0.00698,10,120
helpfulness_shift,0.2,uncertainty_query_policy,boundary_error,0.37048,0.00969,10,120
helpfulness_shift,0.2,uncertainty_query_policy,intent_preservation,0.53864,0.00809,10,120
helpfulness_shift,0.2,uncertainty_query_policy,query_rate,1.00000,0.00000,10,120
helpfulness_shift,0.2,uncertainty_query_policy,human_time,0.43036,0.00446,10,120
helpfulness_shift,0.2,uncertainty_query_policy,unsafe_override,0.14166,0.01481,10,120
helpfulness_shift,0.2,uncertainty_query_policy,calibration_error,0.17329,0.00869,10,120
helpfulness_shift,0.2,uncertainty_query_policy,regret_to_oracle,0.20331,0.00932,10,120
helpfulness_shift,0.2,uncertainty_query_policy,intervention_sparsity,0.42562,0.00921,10,120
helpfulness_shift,0.2,uncertainty_query_policy,robust_utility,0.54093,0.04144,10,120
helpfulness_shift,0.4,active_entropy_query_policy,task_success,0.42417,0.02661,10,120
helpfulness_shift,0.4,active_entropy_query_policy,correction_efficiency,0.57644,0.04249,10,120
helpfulness_shift,0.4,active_entropy_query_policy,damage,0.05583,0.01502,10,120
helpfulness_shift,0.4,active_entropy_query_policy,intervention_magnitude,0.44721,0.01046,10,120
helpfulness_shift,0.4,active_entropy_query_policy,boundary_error,0.27155,0.01062,10,120
helpfulness_shift,0.4,active_entropy_query_policy,intent_preservation,0.51738,0.00831,10,120
helpfulness_shift,0.4,active_entropy_query_policy,query_rate,1.00000,0.00000,10,120
helpfulness_shift,0.4,active_entropy_query_policy,human_time,0.36622,0.00670,10,120
helpfulness_shift,0.4,active_entropy_query_policy,unsafe_override,0.10583,0.01839,10,120
helpfulness_shift,0.4,active_entropy_query_policy,calibration_error,0.20925,0.00914,10,120
helpfulness_shift,0.4,active_entropy_query_policy,regret_to_oracle,0.18728,0.00959,10,120
helpfulness_shift,0.4,active_entropy_query_policy,intervention_sparsity,0.54577,0.00890,10,120
helpfulness_shift,0.4,active_entropy_query_policy,robust_utility,0.57038,0.03264,10,120
helpfulness_shift,0.4,full_demo_imitation,task_success,0.35167,0.02268,10,120
helpfulness_shift,0.4,full_demo_imitation,correction_efficiency,0.36098,0.02565,10,120
helpfulness_shift,0.4,full_demo_imitation,damage,0.06917,0.01243,10,120
helpfulness_shift,0.4,full_demo_imitation,intervention_magnitude,0.56199,0.01094,10,120
helpfulness_shift,0.4,full_demo_imitation,boundary_error,0.51454,0.01502,10,120
helpfulness_shift,0.4,full_demo_imitation,intent_preservation,0.56208,0.00704,10,120
helpfulness_shift,0.4,full_demo_imitation,query_rate,1.00000,0.00000,10,120
helpfulness_shift,0.4,full_demo_imitation,human_time,0.78967,0.00700,10,120
helpfulness_shift,0.4,full_demo_imitation,unsafe_override,0.15083,0.02524,10,120
helpfulness_shift,0.4,full_demo_imitation,calibration_error,0.19420,0.00689,10,120
helpfulness_shift,0.4,full_demo_imitation,regret_to_oracle,0.26960,0.01137,10,120
helpfulness_shift,0.4,full_demo_imitation,intervention_sparsity,0.41875,0.00930,10,120
helpfulness_shift,0.4,full_demo_imitation,robust_utility,0.41136,0.02821,10,120
helpfulness_shift,0.4,minimum_intervention_boundary_learner_v5,task_success,0.48667,0.03062,10,120
helpfulness_shift,0.4,minimum_intervention_boundary_learner_v5,correction_efficiency,0.66320,0.04408,10,120
helpfulness_shift,0.4,minimum_intervention_boundary_learner_v5,damage,0.04917,0.00987,10,120
helpfulness_shift,0.4,minimum_intervention_boundary_learner_v5,intervention_magnitude,0.50118,0.00771,10,120
helpfulness_shift,0.4,minimum_intervention_boundary_learner_v5,boundary_error,0.18162,0.00878,10,120
helpfulness_shift,0.4,minimum_intervention_boundary_learner_v5,intent_preservation,0.52158,0.00847,10,120
helpfulness_shift,0.4,minimum_intervention_boundary_learner_v5,query_rate,1.00000,0.00000,10,120
helpfulness_shift,0.4,minimum_intervention_boundary_learner_v5,human_time,0.40075,0.00494,10,120
helpfulness_shift,0.4,minimum_intervention_boundary_learner_v5,unsafe_override,0.01583,0.00787,10,120
helpfulness_shift,0.4,minimum_intervention_boundary_learner_v5,calibration_error,0.10736,0.00644,10,120
helpfulness_shift,0.4,minimum_intervention_boundary_learner_v5,regret_to_oracle,0.11308,0.00669,10,120
helpfulness_shift,0.4,minimum_intervention_boundary_learner_v5,intervention_sparsity,0.48841,0.00514,10,120
helpfulness_shift,0.4,minimum_intervention_boundary_learner_v5,robust_utility,0.67676,0.03806,10,120
helpfulness_shift,0.4,oracle_minimal_correction,task_success,0.59333,0.01477,10,120
helpfulness_shift,0.4,oracle_minimal_correction,correction_efficiency,0.80003,0.02213,10,120
helpfulness_shift,0.4,oracle_minimal_correction,damage,0.04583,0.01271,10,120
helpfulness_shift,0.4,oracle_minimal_correction,intervention_magnitude,0.51898,0.00580,10,120
helpfulness_shift,0.4,oracle_minimal_correction,boundary_error,0.12515,0.00860,10,120
helpfulness_shift,0.4,oracle_minimal_correction,intent_preservation,0.52813,0.00888,10,120
helpfulness_shift,0.4,oracle_minimal_correction,query_rate,1.00000,0.00000,10,120
helpfulness_shift,0.4,oracle_minimal_correction,human_time,0.41215,0.00371,10,120
helpfulness_shift,0.4,oracle_minimal_correction,unsafe_override,0.00750,0.00452,10,120
helpfulness_shift,0.4,oracle_minimal_correction,calibration_error,0.37188,0.00586,10,120
helpfulness_shift,0.4,oracle_minimal_correction,regret_to_oracle,0.03429,0.00041,10,120
helpfulness_shift,0.4,oracle_minimal_correction,intervention_sparsity,0.47371,0.00392,10,120
helpfulness_shift,0.4,oracle_minimal_correction,robust_utility,0.81720,0.01943,10,120
helpfulness_shift,0.4,residual_correction_learner,task_success,0.33333,0.03611,10,120
helpfulness_shift,0.4,residual_correction_learner,correction_efficiency,0.38656,0.04782,10,120
helpfulness_shift,0.4,residual_correction_learner,damage,0.05417,0.01148,10,120
helpfulness_shift,0.4,residual_correction_learner,intervention_magnitude,0.39269,0.01216,10,120
helpfulness_shift,0.4,residual_correction_learner,boundary_error,0.50951,0.01977,10,120
helpfulness_shift,0.4,residual_correction_learner,intent_preservation,0.53804,0.00792,10,120
helpfulness_shift,0.4,residual_correction_learner,query_rate,1.00000,0.00000,10,120
helpfulness_shift,0.4,residual_correction_learner,human_time,0.33132,0.00778,10,120
helpfulness_shift,0.4,residual_correction_learner,unsafe_override,0.13917,0.01823,10,120
helpfulness_shift,0.4,residual_correction_learner,calibration_error,0.23664,0.00882,10,120
helpfulness_shift,0.4,residual_correction_learner,regret_to_oracle,0.29293,0.01153,10,120
helpfulness_shift,0.4,residual_correction_learner,intervention_sparsity,0.59217,0.01181,10,120
helpfulness_shift,0.4,residual_correction_learner,robust_utility,0.43589,0.04573,10,120
helpfulness_shift,0.4,robust_mpc_correction,task_success,0.56417,0.03080,10,120
helpfulness_shift,0.4,robust_mpc_correction,correction_efficiency,0.78842,0.04919,10,120
helpfulness_shift,0.4,robust_mpc_correction,damage,0.04833,0.01056,10,120
helpfulness_shift,0.4,robust_mpc_correction,intervention_magnitude,0.56914,0.00568,10,120
helpfulness_shift,0.4,robust_mpc_correction,boundary_error,0.10513,0.00683,10,120
helpfulness_shift,0.4,robust_mpc_correction,intent_preservation,0.50763,0.00829,10,120
helpfulness_shift,0.4,robust_mpc_correction,query_rate,1.00000,0.00000,10,120
helpfulness_shift,0.4,robust_mpc_correction,human_time,0.44425,0.00364,10,120
helpfulness_shift,0.4,robust_mpc_correction,unsafe_override,0.03500,0.00937,10,120
helpfulness_shift,0.4,robust_mpc_correction,calibration_error,0.04239,0.00444,10,120
helpfulness_shift,0.4,robust_mpc_correction,regret_to_oracle,0.05601,0.00226,10,120
helpfulness_shift,0.4,robust_mpc_correction,intervention_sparsity,0.42187,0.00260,10,120
helpfulness_shift,0.4,robust_mpc_correction,robust_utility,0.76978,0.04267,10,120
helpfulness_shift,0.4,uncertainty_query_policy,task_success,0.40333,0.02613,10,120
helpfulness_shift,0.4,uncertainty_query_policy,correction_efficiency,0.46548,0.03346,10,120
helpfulness_shift,0.4,uncertainty_query_policy,damage,0.06333,0.01198,10,120
helpfulness_shift,0.4,uncertainty_query_policy,intervention_magnitude,0.50334,0.00967,10,120
helpfulness_shift,0.4,uncertainty_query_policy,boundary_error,0.36294,0.00936,10,120
helpfulness_shift,0.4,uncertainty_query_policy,intent_preservation,0.53958,0.00733,10,120
helpfulness_shift,0.4,uncertainty_query_policy,query_rate,1.00000,0.00000,10,120
helpfulness_shift,0.4,uncertainty_query_policy,human_time,0.40214,0.00619,10,120
helpfulness_shift,0.4,uncertainty_query_policy,unsafe_override,0.13833,0.01600,10,120
helpfulness_shift,0.4,uncertainty_query_policy,calibration_error,0.20150,0.01008,10,120
helpfulness_shift,0.4,uncertainty_query_policy,regret_to_oracle,0.22822,0.01114,10,120
helpfulness_shift,0.4,uncertainty_query_policy,intervention_sparsity,0.47609,0.00746,10,120
helpfulness_shift,0.4,uncertainty_query_policy,robust_utility,0.50992,0.03422,10,120
helpfulness_shift,0.6,active_entropy_query_policy,task_success,0.39500,0.02590,10,120
helpfulness_shift,0.6,active_entropy_query_policy,correction_efficiency,0.52558,0.03730,10,120
helpfulness_shift,0.6,active_entropy_query_policy,damage,0.05583,0.01616,10,120
helpfulness_shift,0.6,active_entropy_query_policy,intervention_magnitude,0.41028,0.00748,10,120
helpfulness_shift,0.6,active_entropy_query_policy,boundary_error,0.29768,0.01415,10,120
helpfulness_shift,0.6,active_entropy_query_policy,intent_preservation,0.51697,0.00684,10,120
helpfulness_shift,0.6,active_entropy_query_policy,query_rate,1.00000,0.00000,10,120
helpfulness_shift,0.6,active_entropy_query_policy,human_time,0.34258,0.00479,10,120
helpfulness_shift,0.6,active_entropy_query_policy,unsafe_override,0.11083,0.01400,10,120
helpfulness_shift,0.6,active_entropy_query_policy,calibration_error,0.23371,0.00922,10,120
helpfulness_shift,0.6,active_entropy_query_policy,regret_to_oracle,0.21077,0.00610,10,120
helpfulness_shift,0.6,active_entropy_query_policy,intervention_sparsity,0.57604,0.00829,10,120
helpfulness_shift,0.6,active_entropy_query_policy,robust_utility,0.53115,0.03476,10,120
helpfulness_shift,0.6,full_demo_imitation,task_success,0.31833,0.02005,10,120
helpfulness_shift,0.6,full_demo_imitation,correction_efficiency,0.32247,0.02935,10,120
helpfulness_shift,0.6,full_demo_imitation,damage,0.07000,0.01222,10,120
helpfulness_shift,0.6,full_demo_imitation,intervention_magnitude,0.50089,0.01408,10,120
helpfulness_shift,0.6,full_demo_imitation,boundary_error,0.54948,0.02546,10,120
helpfulness_shift,0.6,full_demo_imitation,intent_preservation,0.55658,0.01105,10,120
helpfulness_shift,0.6,full_demo_imitation,query_rate,1.00000,0.00000,10,120
helpfulness_shift,0.6,full_demo_imitation,human_time,0.75057,0.00901,10,120
helpfulness_shift,0.6,full_demo_imitation,unsafe_override,0.14000,0.02631,10,120
helpfulness_shift,0.6,full_demo_imitation,calibration_error,0.21563,0.00824,10,120
helpfulness_shift,0.6,full_demo_imitation,regret_to_oracle,0.31007,0.00972,10,120
helpfulness_shift,0.6,full_demo_imitation,intervention_sparsity,0.46143,0.01788,10,120
helpfulness_shift,0.6,full_demo_imitation,robust_utility,0.37533,0.02925,10,120
helpfulness_shift,0.6,minimum_intervention_boundary_learner_v5,task_success,0.48083,0.02850,10,120
helpfulness_shift,0.6,minimum_intervention_boundary_learner_v5,correction_efficiency,0.64956,0.04244,10,120
helpfulness_shift,0.6,minimum_intervention_boundary_learner_v5,damage,0.04667,0.00739,10,120
helpfulness_shift,0.6,minimum_intervention_boundary_learner_v5,intervention_magnitude,0.47530,0.00665,10,120
helpfulness_shift,0.6,minimum_intervention_boundary_learner_v5,boundary_error,0.19683,0.01068,10,120
helpfulness_shift,0.6,minimum_intervention_boundary_learner_v5,intent_preservation,0.52054,0.00718,10,120
helpfulness_shift,0.6,minimum_intervention_boundary_learner_v5,query_rate,1.00000,0.00000,10,120
helpfulness_shift,0.6,minimum_intervention_boundary_learner_v5,human_time,0.38419,0.00425,10,120
helpfulness_shift,0.6,minimum_intervention_boundary_learner_v5,unsafe_override,0.01833,0.00836,10,120
helpfulness_shift,0.6,minimum_intervention_boundary_learner_v5,calibration_error,0.11251,0.00630,10,120
helpfulness_shift,0.6,minimum_intervention_boundary_learner_v5,regret_to_oracle,0.12710,0.00345,10,120
helpfulness_shift,0.6,minimum_intervention_boundary_learner_v5,intervention_sparsity,0.50587,0.00577,10,120
helpfulness_shift,0.6,minimum_intervention_boundary_learner_v5,robust_utility,0.67001,0.03779,10,120
helpfulness_shift,0.6,oracle_minimal_correction,task_success,0.59583,0.02055,10,120
helpfulness_shift,0.6,oracle_minimal_correction,correction_efficiency,0.82092,0.03053,10,120
helpfulness_shift,0.6,oracle_minimal_correction,damage,0.04750,0.01335,10,120
helpfulness_shift,0.6,oracle_minimal_correction,intervention_magnitude,0.50925,0.00650,10,120
helpfulness_shift,0.6,oracle_minimal_correction,boundary_error,0.12546,0.00907,10,120
helpfulness_shift,0.6,oracle_minimal_correction,intent_preservation,0.52555,0.00703,10,120
helpfulness_shift,0.6,oracle_minimal_correction,query_rate,1.00000,0.00000,10,120
helpfulness_shift,0.6,oracle_minimal_correction,human_time,0.40592,0.00416,10,120
helpfulness_shift,0.6,oracle_minimal_correction,unsafe_override,0.00500,0.00361,10,120
helpfulness_shift,0.6,oracle_minimal_correction,calibration_error,0.37017,0.00673,10,120
helpfulness_shift,0.6,oracle_minimal_correction,regret_to_oracle,0.03431,0.00047,10,120
helpfulness_shift,0.6,oracle_minimal_correction,intervention_sparsity,0.47281,0.00318,10,120
helpfulness_shift,0.6,oracle_minimal_correction,robust_utility,0.82403,0.02997,10,120
helpfulness_shift,0.6,residual_correction_learner,task_success,0.29500,0.03204,10,120
helpfulness_shift,0.6,residual_correction_learner,correction_efficiency,0.32886,0.04239,10,120
helpfulness_shift,0.6,residual_correction_learner,damage,0.04833,0.00998,10,120
helpfulness_shift,0.6,residual_correction_learner,intervention_magnitude,0.34212,0.00847,10,120
helpfulness_shift,0.6,residual_correction_learner,boundary_error,0.55740,0.02740,10,120
helpfulness_shift,0.6,residual_correction_learner,intent_preservation,0.53094,0.00822,10,120
helpfulness_shift,0.6,residual_correction_learner,query_rate,1.00000,0.00000,10,120
helpfulness_shift,0.6,residual_correction_learner,human_time,0.29896,0.00542,10,120
helpfulness_shift,0.6,residual_correction_learner,unsafe_override,0.14000,0.01899,10,120
helpfulness_shift,0.6,residual_correction_learner,calibration_error,0.26788,0.01152,10,120
helpfulness_shift,0.6,residual_correction_learner,regret_to_oracle,0.33236,0.01043,10,120
helpfulness_shift,0.6,residual_correction_learner,intervention_sparsity,0.63360,0.01031,10,120
helpfulness_shift,0.6,residual_correction_learner,robust_utility,0.39026,0.04059,10,120
helpfulness_shift,0.6,robust_mpc_correction,task_success,0.56417,0.03090,10,120
helpfulness_shift,0.6,robust_mpc_correction,correction_efficiency,0.79843,0.04161,10,120
helpfulness_shift,0.6,robust_mpc_correction,damage,0.04833,0.01110,10,120
helpfulness_shift,0.6,robust_mpc_correction,intervention_magnitude,0.55686,0.00693,10,120
helpfulness_shift,0.6,robust_mpc_correction,boundary_error,0.10784,0.00297,10,120
helpfulness_shift,0.6,robust_mpc_correction,intent_preservation,0.50494,0.00742,10,120
helpfulness_shift,0.6,robust_mpc_correction,query_rate,1.00000,0.00000,10,120
helpfulness_shift,0.6,robust_mpc_correction,human_time,0.43639,0.00444,10,120
helpfulness_shift,0.6,robust_mpc_correction,unsafe_override,0.02833,0.00739,10,120
helpfulness_shift,0.6,robust_mpc_correction,calibration_error,0.04321,0.00231,10,120
helpfulness_shift,0.6,robust_mpc_correction,regret_to_oracle,0.05690,0.00195,10,120
helpfulness_shift,0.6,robust_mpc_correction,intervention_sparsity,0.42282,0.00205,10,120
helpfulness_shift,0.6,robust_mpc_correction,robust_utility,0.77390,0.03884,10,120
helpfulness_shift,0.6,uncertainty_query_policy,task_success,0.36417,0.02095,10,120
helpfulness_shift,0.6,uncertainty_query_policy,correction_efficiency,0.41625,0.03011,10,120
helpfulness_shift,0.6,uncertainty_query_policy,damage,0.06167,0.01582,10,120
helpfulness_shift,0.6,uncertainty_query_policy,intervention_magnitude,0.45349,0.00937,10,120
helpfulness_shift,0.6,uncertainty_query_policy,boundary_error,0.38908,0.01651,10,120
helpfulness_shift,0.6,uncertainty_query_policy,intent_preservation,0.53262,0.00967,10,120
helpfulness_shift,0.6,uncertainty_query_policy,query_rate,1.00000,0.00000,10,120
helpfulness_shift,0.6,uncertainty_query_policy,human_time,0.37023,0.00600,10,120
helpfulness_shift,0.6,uncertainty_query_policy,unsafe_override,0.14583,0.02522,10,120
helpfulness_shift,0.6,uncertainty_query_policy,calibration_error,0.23371,0.00982,10,120
helpfulness_shift,0.6,uncertainty_query_policy,regret_to_oracle,0.26049,0.00770,10,120
helpfulness_shift,0.6,uncertainty_query_policy,intervention_sparsity,0.51554,0.01241,10,120
helpfulness_shift,0.6,uncertainty_query_policy,robust_utility,0.46120,0.03132,10,120
helpfulness_shift,0.8,active_entropy_query_policy,task_success,0.37750,0.02744,10,120
helpfulness_shift,0.8,active_entropy_query_policy,correction_efficiency,0.49656,0.03794,10,120
helpfulness_shift,0.8,active_entropy_query_policy,damage,0.05333,0.01524,10,120
helpfulness_shift,0.8,active_entropy_query_policy,intervention_magnitude,0.38544,0.00803,10,120
helpfulness_shift,0.8,active_entropy_query_policy,boundary_error,0.32364,0.00889,10,120
helpfulness_shift,0.8,active_entropy_query_policy,intent_preservation,0.51233,0.00596,10,120
helpfulness_shift,0.8,active_entropy_query_policy,query_rate,1.00000,0.00000,10,120
helpfulness_shift,0.8,active_entropy_query_policy,human_time,0.32668,0.00514,10,120
helpfulness_shift,0.8,active_entropy_query_policy,unsafe_override,0.10500,0.01465,10,120
helpfulness_shift,0.8,active_entropy_query_policy,calibration_error,0.26200,0.00714,10,120
helpfulness_shift,0.8,active_entropy_query_policy,regret_to_oracle,0.23348,0.00691,10,120
helpfulness_shift,0.8,active_entropy_query_policy,intervention_sparsity,0.59916,0.00629,10,120
helpfulness_shift,0.8,active_entropy_query_policy,robust_utility,0.51147,0.04198,10,120
helpfulness_shift,0.8,full_demo_imitation,task_success,0.25250,0.02205,10,120
helpfulness_shift,0.8,full_demo_imitation,correction_efficiency,0.22931,0.01841,10,120
helpfulness_shift,0.8,full_demo_imitation,damage,0.06167,0.01524,10,120
helpfulness_shift,0.8,full_demo_imitation,intervention_magnitude,0.45511,0.00682,10,120
helpfulness_shift,0.8,full_demo_imitation,boundary_error,0.62698,0.02332,10,120
helpfulness_shift,0.8,full_demo_imitation,intent_preservation,0.55607,0.00707,10,120
helpfulness_shift,0.8,full_demo_imitation,query_rate,1.00000,0.00000,10,120
helpfulness_shift,0.8,full_demo_imitation,human_time,0.72127,0.00437,10,120
helpfulness_shift,0.8,full_demo_imitation,unsafe_override,0.14750,0.02543,10,120
helpfulness_shift,0.8,full_demo_imitation,calibration_error,0.24666,0.00549,10,120
helpfulness_shift,0.8,full_demo_imitation,regret_to_oracle,0.35334,0.01149,10,120
helpfulness_shift,0.8,full_demo_imitation,intervention_sparsity,0.50467,0.00599,10,120
helpfulness_shift,0.8,full_demo_imitation,robust_utility,0.29465,0.02919,10,120
helpfulness_shift,0.8,minimum_intervention_boundary_learner_v5,task_success,0.45750,0.03188,10,120
helpfulness_shift,0.8,minimum_intervention_boundary_learner_v5,correction_efficiency,0.62985,0.04018,10,120
helpfulness_shift,0.8,minimum_intervention_boundary_learner_v5,damage,0.05083,0.00988,10,120
helpfulness_shift,0.8,minimum_intervention_boundary_learner_v5,intervention_magnitude,0.46263,0.00822,10,120
helpfulness_shift,0.8,minimum_intervention_boundary_learner_v5,boundary_error,0.20859,0.00932,10,120
helpfulness_shift,0.8,minimum_intervention_boundary_learner_v5,intent_preservation,0.51524,0.00640,10,120
helpfulness_shift,0.8,minimum_intervention_boundary_learner_v5,query_rate,1.00000,0.00000,10,120
helpfulness_shift,0.8,minimum_intervention_boundary_learner_v5,human_time,0.37608,0.00526,10,120
helpfulness_shift,0.8,minimum_intervention_boundary_learner_v5,unsafe_override,0.01333,0.00697,10,120
helpfulness_shift,0.8,minimum_intervention_boundary_learner_v5,calibration_error,0.12090,0.00591,10,120
helpfulness_shift,0.8,minimum_intervention_boundary_learner_v5,regret_to_oracle,0.13793,0.00308,10,120
helpfulness_shift,0.8,minimum_intervention_boundary_learner_v5,intervention_sparsity,0.51602,0.00469,10,120
helpfulness_shift,0.8,minimum_intervention_boundary_learner_v5,robust_utility,0.64176,0.03982,10,120
helpfulness_shift,0.8,oracle_minimal_correction,task_success,0.58000,0.02735,10,120
helpfulness_shift,0.8,oracle_minimal_correction,correction_efficiency,0.79188,0.04090,10,120
helpfulness_shift,0.8,oracle_minimal_correction,damage,0.05250,0.01335,10,120
helpfulness_shift,0.8,oracle_minimal_correction,intervention_magnitude,0.50778,0.00776,10,120
helpfulness_shift,0.8,oracle_minimal_correction,boundary_error,0.12742,0.01021,10,120
helpfulness_shift,0.8,oracle_minimal_correction,intent_preservation,0.51986,0.00616,10,120
helpfulness_shift,0.8,oracle_minimal_correction,query_rate,1.00000,0.00000,10,120
helpfulness_shift,0.8,oracle_minimal_correction,human_time,0.40498,0.00497,10,120
helpfulness_shift,0.8,oracle_minimal_correction,unsafe_override,0.00833,0.00544,10,120
helpfulness_shift,0.8,oracle_minimal_correction,calibration_error,0.37317,0.00934,10,120
helpfulness_shift,0.8,oracle_minimal_correction,regret_to_oracle,0.03418,0.00037,10,120
helpfulness_shift,0.8,oracle_minimal_correction,intervention_sparsity,0.47341,0.00409,10,120
helpfulness_shift,0.8,oracle_minimal_correction,robust_utility,0.79761,0.03907,10,120
helpfulness_shift,0.8,residual_correction_learner,task_success,0.24000,0.03424,10,120
helpfulness_shift,0.8,residual_correction_learner,correction_efficiency,0.25701,0.03336,10,120
helpfulness_shift,0.8,residual_correction_learner,damage,0.04667,0.01198,10,120
helpfulness_shift,0.8,residual_correction_learner,intervention_magnitude,0.29955,0.00717,10,120
helpfulness_shift,0.8,residual_correction_learner,boundary_error,0.62339,0.01737,10,120
helpfulness_shift,0.8,residual_correction_learner,intent_preservation,0.53395,0.00809,10,120
helpfulness_shift,0.8,residual_correction_learner,query_rate,1.00000,0.00000,10,120
helpfulness_shift,0.8,residual_correction_learner,human_time,0.27171,0.00459,10,120
helpfulness_shift,0.8,residual_correction_learner,unsafe_override,0.13584,0.01773,10,120
helpfulness_shift,0.8,residual_correction_learner,calibration_error,0.30371,0.00696,10,120
helpfulness_shift,0.8,residual_correction_learner,regret_to_oracle,0.36809,0.01043,10,120
helpfulness_shift,0.8,residual_correction_learner,intervention_sparsity,0.67497,0.00646,10,120
helpfulness_shift,0.8,residual_correction_learner,robust_utility,0.32518,0.04454,10,120
helpfulness_shift,0.8,robust_mpc_correction,task_success,0.56750,0.02683,10,120
helpfulness_shift,0.8,robust_mpc_correction,correction_efficiency,0.80098,0.04155,10,120
helpfulness_shift,0.8,robust_mpc_correction,damage,0.05250,0.01005,10,120
helpfulness_shift,0.8,robust_mpc_correction,intervention_magnitude,0.55915,0.00725,10,120
helpfulness_shift,0.8,robust_mpc_correction,boundary_error,0.10443,0.00625,10,120
helpfulness_shift,0.8,robust_mpc_correction,intent_preservation,0.49924,0.00633,10,120
helpfulness_shift,0.8,robust_mpc_correction,query_rate,1.00000,0.00000,10,120
helpfulness_shift,0.8,robust_mpc_correction,human_time,0.43786,0.00464,10,120
helpfulness_shift,0.8,robust_mpc_correction,unsafe_override,0.02833,0.00739,10,120
helpfulness_shift,0.8,robust_mpc_correction,calibration_error,0.04154,0.00364,10,120
helpfulness_shift,0.8,robust_mpc_correction,regret_to_oracle,0.05306,0.00420,10,120
helpfulness_shift,0.8,robust_mpc_correction,intervention_sparsity,0.41951,0.00249,10,120
helpfulness_shift,0.8,robust_mpc_correction,robust_utility,0.77465,0.03530,10,120
helpfulness_shift,0.8,uncertainty_query_policy,task_success,0.32833,0.02025,10,120
helpfulness_shift,0.8,uncertainty_query_policy,correction_efficiency,0.36058,0.02393,10,120
helpfulness_shift,0.8,uncertainty_query_policy,damage,0.05583,0.01579,10,120
helpfulness_shift,0.8,uncertainty_query_policy,intervention_magnitude,0.42069,0.00572,10,120
helpfulness_shift,0.8,uncertainty_query_policy,boundary_error,0.43772,0.01733,10,120
helpfulness_shift,0.8,uncertainty_query_policy,intent_preservation,0.53061,0.00728,10,120
helpfulness_shift,0.8,uncertainty_query_policy,query_rate,1.00000,0.00000,10,120
helpfulness_shift,0.8,uncertainty_query_policy,human_time,0.34924,0.00366,10,120
helpfulness_shift,0.8,uncertainty_query_policy,unsafe_override,0.14917,0.01623,10,120
helpfulness_shift,0.8,uncertainty_query_policy,calibration_error,0.27193,0.00828,10,120
helpfulness_shift,0.8,uncertainty_query_policy,regret_to_oracle,0.29412,0.01153,10,120
helpfulness_shift,0.8,uncertainty_query_policy,intervention_sparsity,0.54658,0.00449,10,120
helpfulness_shift,0.8,uncertainty_query_policy,robust_utility,0.41745,0.02758,10,120
helpfulness_shift,1.0,active_entropy_query_policy,task_success,0.33333,0.02588,10,120
helpfulness_shift,1.0,active_entropy_query_policy,correction_efficiency,0.41999,0.03308,10,120
helpfulness_shift,1.0,active_entropy_query_policy,damage,0.05667,0.01555,10,120
helpfulness_shift,1.0,active_entropy_query_policy,intervention_magnitude,0.34669,0.00875,10,120
helpfulness_shift,1.0,active_entropy_query_policy,boundary_error,0.37808,0.01062,10,120
helpfulness_shift,1.0,active_entropy_query_policy,intent_preservation,0.50529,0.00867,10,120
helpfulness_shift,1.0,active_entropy_query_policy,query_rate,1.00000,0.00000,10,120
helpfulness_shift,1.0,active_entropy_query_policy,human_time,0.30188,0.00560,10,120
helpfulness_shift,1.0,active_entropy_query_policy,unsafe_override,0.10750,0.01365,10,120
helpfulness_shift,1.0,active_entropy_query_policy,calibration_error,0.31212,0.00638,10,120
helpfulness_shift,1.0,active_entropy_query_policy,regret_to_oracle,0.28809,0.00820,10,120
helpfulness_shift,1.0,active_entropy_query_policy,intervention_sparsity,0.64627,0.00658,10,120
helpfulness_shift,1.0,active_entropy_query_policy,robust_utility,0.45058,0.03774,10,120
helpfulness_shift,1.0,full_demo_imitation,task_success,0.17167,0.01889,10,120
helpfulness_shift,1.0,full_demo_imitation,correction_efficiency,0.12977,0.01846,10,120
helpfulness_shift,1.0,full_demo_imitation,damage,0.05500,0.00917,10,120
helpfulness_shift,1.0,full_demo_imitation,intervention_magnitude,0.40840,0.00950,10,120
helpfulness_shift,1.0,full_demo_imitation,boundary_error,0.75443,0.01552,10,120
helpfulness_shift,1.0,full_demo_imitation,intent_preservation,0.54444,0.00758,10,120
helpfulness_shift,1.0,full_demo_imitation,query_rate,1.00000,0.00000,10,120
helpfulness_shift,1.0,full_demo_imitation,human_time,0.69137,0.00608,10,120
helpfulness_shift,1.0,full_demo_imitation,unsafe_override,0.14167,0.02459,10,120
helpfulness_shift,1.0,full_demo_imitation,calibration_error,0.29404,0.00455,10,120
helpfulness_shift,1.0,full_demo_imitation,regret_to_oracle,0.42646,0.00691,10,120
helpfulness_shift,1.0,full_demo_imitation,intervention_sparsity,0.56450,0.00994,10,120
helpfulness_shift,1.0,full_demo_imitation,robust_utility,0.19984,0.02322,10,120
helpfulness_shift,1.0,minimum_intervention_boundary_learner_v5,task_success,0.42917,0.02747,10,120
helpfulness_shift,1.0,minimum_intervention_boundary_learner_v5,correction_efficiency,0.57668,0.03815,10,120
helpfulness_shift,1.0,minimum_intervention_boundary_learner_v5,damage,0.04667,0.00697,10,120
helpfulness_shift,1.0,minimum_intervention_boundary_learner_v5,intervention_magnitude,0.45046,0.00958,10,120
helpfulness_shift,1.0,minimum_intervention_boundary_learner_v5,boundary_error,0.22753,0.01032,10,120
helpfulness_shift,1.0,minimum_intervention_boundary_learner_v5,intent_preservation,0.50632,0.00914,10,120
helpfulness_shift,1.0,minimum_intervention_boundary_learner_v5,query_rate,1.00000,0.00000,10,120
helpfulness_shift,1.0,minimum_intervention_boundary_learner_v5,human_time,0.36829,0.00613,10,120
helpfulness_shift,1.0,minimum_intervention_boundary_learner_v5,unsafe_override,0.01250,0.00609,10,120
helpfulness_shift,1.0,minimum_intervention_boundary_learner_v5,calibration_error,0.13116,0.00417,10,120
helpfulness_shift,1.0,minimum_intervention_boundary_learner_v5,regret_to_oracle,0.16653,0.00645,10,120
helpfulness_shift,1.0,minimum_intervention_boundary_learner_v5,intervention_sparsity,0.53870,0.00658,10,120
helpfulness_shift,1.0,minimum_intervention_boundary_learner_v5,robust_utility,0.60445,0.03636,10,120
helpfulness_shift,1.0,oracle_minimal_correction,task_success,0.58666,0.02363,10,120
helpfulness_shift,1.0,oracle_minimal_correction,correction_efficiency,0.79921,0.03166,10,120
helpfulness_shift,1.0,oracle_minimal_correction,damage,0.04833,0.01237,10,120
helpfulness_shift,1.0,oracle_minimal_correction,intervention_magnitude,0.52388,0.00820,10,120
helpfulness_shift,1.0,oracle_minimal_correction,boundary_error,0.11696,0.00897,10,120
helpfulness_shift,1.0,oracle_minimal_correction,intent_preservation,0.51337,0.00937,10,120
helpfulness_shift,1.0,oracle_minimal_correction,query_rate,1.00000,0.00000,10,120
helpfulness_shift,1.0,oracle_minimal_correction,human_time,0.41529,0.00525,10,120
helpfulness_shift,1.0,oracle_minimal_correction,unsafe_override,0.00667,0.00407,10,120
helpfulness_shift,1.0,oracle_minimal_correction,calibration_error,0.36836,0.00640,10,120
helpfulness_shift,1.0,oracle_minimal_correction,regret_to_oracle,0.03435,0.00061,10,120
helpfulness_shift,1.0,oracle_minimal_correction,intervention_sparsity,0.47035,0.00340,10,120
helpfulness_shift,1.0,oracle_minimal_correction,robust_utility,0.80706,0.02760,10,120
helpfulness_shift,1.0,residual_correction_learner,task_success,0.18083,0.02519,10,120
helpfulness_shift,1.0,residual_correction_learner,correction_efficiency,0.15788,0.01932,10,120
helpfulness_shift,1.0,residual_correction_learner,damage,0.04583,0.00817,10,120
helpfulness_shift,1.0,residual_correction_learner,intervention_magnitude,0.24976,0.00361,10,120
helpfulness_shift,1.0,residual_correction_learner,boundary_error,0.73285,0.00850,10,120
helpfulness_shift,1.0,residual_correction_learner,intent_preservation,0.52961,0.00764,10,120
helpfulness_shift,1.0,residual_correction_learner,query_rate,1.00000,0.00000,10,120
helpfulness_shift,1.0,residual_correction_learner,human_time,0.23985,0.00231,10,120
helpfulness_shift,1.0,residual_correction_learner,unsafe_override,0.14500,0.01708,10,120
helpfulness_shift,1.0,residual_correction_learner,calibration_error,0.35680,0.00340,10,120
helpfulness_shift,1.0,residual_correction_learner,regret_to_oracle,0.43171,0.00588,10,120
helpfulness_shift,1.0,residual_correction_learner,intervention_sparsity,0.73234,0.00349,10,120
helpfulness_shift,1.0,residual_correction_learner,robust_utility,0.24581,0.03190,10,120
helpfulness_shift,1.0,robust_mpc_correction,task_success,0.56417,0.03071,10,120
helpfulness_shift,1.0,robust_mpc_correction,correction_efficiency,0.79305,0.04906,10,120
helpfulness_shift,1.0,robust_mpc_correction,damage,0.05167,0.01237,10,120
helpfulness_shift,1.0,robust_mpc_correction,intervention_magnitude,0.57147,0.00894,10,120
helpfulness_shift,1.0,robust_mpc_correction,boundary_error,0.10699,0.00564,10,120
helpfulness_shift,1.0,robust_mpc_correction,intent_preservation,0.49292,0.00903,10,120
helpfulness_shift,1.0,robust_mpc_correction,query_rate,1.00000,0.00000,10,120
helpfulness_shift,1.0,robust_mpc_correction,human_time,0.44574,0.00572,10,120
helpfulness_shift,1.0,robust_mpc_correction,unsafe_override,0.02667,0.00762,10,120
helpfulness_shift,1.0,robust_mpc_correction,calibration_error,0.04171,0.00437,10,120
helpfulness_shift,1.0,robust_mpc_correction,regret_to_oracle,0.05786,0.00303,10,120
helpfulness_shift,1.0,robust_mpc_correction,intervention_sparsity,0.42112,0.00286,10,120
helpfulness_shift,1.0,robust_mpc_correction,robust_utility,0.76938,0.04228,10,120
helpfulness_shift,1.0,uncertainty_query_policy,task_success,0.27083,0.02098,10,120
helpfulness_shift,1.0,uncertainty_query_policy,correction_efficiency,0.26536,0.01918,10,120
helpfulness_shift,1.0,uncertainty_query_policy,damage,0.05583,0.01335,10,120
helpfulness_shift,1.0,uncertainty_query_policy,intervention_magnitude,0.37178,0.00846,10,120
helpfulness_shift,1.0,uncertainty_query_policy,boundary_error,0.53136,0.01331,10,120
helpfulness_shift,1.0,uncertainty_query_policy,intent_preservation,0.51921,0.00787,10,120
helpfulness_shift,1.0,uncertainty_query_policy,query_rate,1.00000,0.00000,10,120
helpfulness_shift,1.0,uncertainty_query_policy,human_time,0.31793,0.00541,10,120
helpfulness_shift,1.0,uncertainty_query_policy,unsafe_override,0.14417,0.02206,10,120
helpfulness_shift,1.0,uncertainty_query_policy,calibration_error,0.33627,0.00543,10,120
helpfulness_shift,1.0,uncertainty_query_policy,regret_to_oracle,0.36108,0.00741,10,120
helpfulness_shift,1.0,uncertainty_query_policy,intervention_sparsity,0.60825,0.00591,10,120
helpfulness_shift,1.0,uncertainty_query_policy,robust_utility,0.34341,0.03192,10,120
human_noise,0.0,active_entropy_query_policy,task_success,0.41083,0.01312,10,120
human_noise,0.0,active_entropy_query_policy,correction_efficiency,0.55138,0.02092,10,120
human_noise,0.0,active_entropy_query_policy,damage,0.05417,0.01545,10,120
human_noise,0.0,active_entropy_query_policy,intervention_magnitude,0.41416,0.00766,10,120
human_noise,0.0,active_entropy_query_policy,boundary_error,0.26168,0.00837,10,120
human_noise,0.0,active_entropy_query_policy,intent_preservation,0.51965,0.00509,10,120
human_noise,0.0,active_entropy_query_policy,query_rate,1.00000,0.00000,10,120
human_noise,0.0,active_entropy_query_policy,human_time,0.34506,0.00490,10,120
human_noise,0.0,active_entropy_query_policy,unsafe_override,0.11167,0.01382,10,120
human_noise,0.0,active_entropy_query_policy,calibration_error,0.22853,0.00687,10,120
human_noise,0.0,active_entropy_query_policy,regret_to_oracle,0.19258,0.00863,10,120
human_noise,0.0,active_entropy_query_policy,intervention_sparsity,0.56982,0.00656,10,120
human_noise,0.0,active_entropy_query_policy,robust_utility,0.55322,0.01867,10,120
human_noise,0.0,full_demo_imitation,task_success,0.33583,0.02081,10,120
human_noise,0.0,full_demo_imitation,correction_efficiency,0.39311,0.02751,10,120
human_noise,0.0,full_demo_imitation,damage,0.04917,0.01046,10,120
human_noise,0.0,full_demo_imitation,intervention_magnitude,0.38684,0.01102,10,120
human_noise,0.0,full_demo_imitation,boundary_error,0.45333,0.01672,10,120
human_noise,0.0,full_demo_imitation,intent_preservation,0.55763,0.00774,10,120
human_noise,0.0,full_demo_imitation,query_rate,1.00000,0.00000,10,120
human_noise,0.0,full_demo_imitation,human_time,0.67758,0.00705,10,120
human_noise,0.0,full_demo_imitation,unsafe_override,0.13583,0.01887,10,120
human_noise,0.0,full_demo_imitation,calibration_error,0.20224,0.00689,10,120
human_noise,0.0,full_demo_imitation,regret_to_oracle,0.28056,0.01183,10,120
human_noise,0.0,full_demo_imitation,intervention_sparsity,0.58908,0.01023,10,120
human_noise,0.0,full_demo_imitation,robust_utility,0.43017,0.02828,10,120
human_noise,0.0,minimum_intervention_boundary_learner_v5,task_success,0.48667,0.02842,10,120
human_noise,0.0,minimum_intervention_boundary_learner_v5,correction_efficiency,0.67649,0.03040,10,120
human_noise,0.0,minimum_intervention_boundary_learner_v5,damage,0.04583,0.00780,10,120
human_noise,0.0,minimum_intervention_boundary_learner_v5,intervention_magnitude,0.48273,0.00604,10,120
human_noise,0.0,minimum_intervention_boundary_learner_v5,boundary_error,0.17015,0.00667,10,120
human_noise,0.0,minimum_intervention_boundary_learner_v5,intent_preservation,0.52338,0.00572,10,120
human_noise,0.0,minimum_intervention_boundary_learner_v5,query_rate,1.00000,0.00000,10,120
human_noise,0.0,minimum_intervention_boundary_learner_v5,human_time,0.38895,0.00387,10,120
human_noise,0.0,minimum_intervention_boundary_learner_v5,unsafe_override,0.01167,0.00606,10,120
human_noise,0.0,minimum_intervention_boundary_learner_v5,calibration_error,0.10003,0.00347,10,120
human_noise,0.0,minimum_intervention_boundary_learner_v5,regret_to_oracle,0.10688,0.00451,10,120
human_noise,0.0,minimum_intervention_boundary_learner_v5,intervention_sparsity,0.49417,0.00296,10,120
human_noise,0.0,minimum_intervention_boundary_learner_v5,robust_utility,0.68364,0.03568,10,120
human_noise,0.0,oracle_minimal_correction,task_success,0.57834,0.01338,10,120
human_noise,0.0,oracle_minimal_correction,correction_efficiency,0.79506,0.01961,10,120
human_noise,0.0,oracle_minimal_correction,damage,0.04833,0.01237,10,120
human_noise,0.0,oracle_minimal_correction,intervention_magnitude,0.50629,0.00616,10,120
human_noise,0.0,oracle_minimal_correction,boundary_error,0.12940,0.00691,10,120
human_noise,0.0,oracle_minimal_correction,intent_preservation,0.52935,0.00565,10,120
human_noise,0.0,oracle_minimal_correction,query_rate,1.00000,0.00000,10,120
human_noise,0.0,oracle_minimal_correction,human_time,0.40402,0.00394,10,120
human_noise,0.0,oracle_minimal_correction,unsafe_override,0.00583,0.00349,10,120
human_noise,0.0,oracle_minimal_correction,calibration_error,0.37372,0.00522,10,120
human_noise,0.0,oracle_minimal_correction,regret_to_oracle,0.03370,0.00052,10,120
human_noise,0.0,oracle_minimal_correction,intervention_sparsity,0.47452,0.00278,10,120
human_noise,0.0,oracle_minimal_correction,robust_utility,0.80084,0.01653,10,120
human_noise,0.0,residual_correction_learner,task_success,0.30917,0.02290,10,120
human_noise,0.0,residual_correction_learner,correction_efficiency,0.36018,0.02657,10,120
human_noise,0.0,residual_correction_learner,damage,0.04667,0.00949,10,120
human_noise,0.0,residual_correction_learner,intervention_magnitude,0.33345,0.00861,10,120
human_noise,0.0,residual_correction_learner,boundary_error,0.50013,0.01957,10,120
human_noise,0.0,residual_correction_learner,intent_preservation,0.52960,0.00475,10,120
human_noise,0.0,residual_correction_learner,query_rate,1.00000,0.00000,10,120
human_noise,0.0,residual_correction_learner,human_time,0.29341,0.00551,10,120
human_noise,0.0,residual_correction_learner,unsafe_override,0.13833,0.01792,10,120
human_noise,0.0,residual_correction_learner,calibration_error,0.25886,0.00960,10,120
human_noise,0.0,residual_correction_learner,regret_to_oracle,0.31635,0.01278,10,120
human_noise,0.0,residual_correction_learner,intervention_sparsity,0.64238,0.00881,10,120
human_noise,0.0,residual_correction_learner,robust_utility,0.41317,0.02669,10,120
human_noise,0.0,robust_mpc_correction,task_success,0.56583,0.03094,10,120
human_noise,0.0,robust_mpc_correction,correction_efficiency,0.81811,0.04935,10,120
human_noise,0.0,robust_mpc_correction,damage,0.05083,0.01074,10,120
human_noise,0.0,robust_mpc_correction,intervention_magnitude,0.56771,0.00547,10,120
human_noise,0.0,robust_mpc_correction,boundary_error,0.10181,0.00368,10,120
human_noise,0.0,robust_mpc_correction,intent_preservation,0.50875,0.00547,10,120
human_noise,0.0,robust_mpc_correction,query_rate,1.00000,0.00000,10,120
human_noise,0.0,robust_mpc_correction,human_time,0.44333,0.00350,10,120
human_noise,0.0,robust_mpc_correction,unsafe_override,0.02917,0.00439,10,120
human_noise,0.0,robust_mpc_correction,calibration_error,0.03612,0.00272,10,120
human_noise,0.0,robust_mpc_correction,regret_to_oracle,0.04623,0.00122,10,120
human_noise,0.0,robust_mpc_correction,intervention_sparsity,0.40969,0.00149,10,120
human_noise,0.0,robust_mpc_correction,robust_utility,0.77789,0.04143,10,120
human_noise,0.0,uncertainty_query_policy,task_success,0.38583,0.03529,10,120
human_noise,0.0,uncertainty_query_policy,correction_efficiency,0.48560,0.04574,10,120
human_noise,0.0,uncertainty_query_policy,damage,0.05333,0.01524,10,120
human_noise,0.0,uncertainty_query_policy,intervention_magnitude,0.40767,0.00920,10,120
human_noise,0.0,uncertainty_query_policy,boundary_error,0.32821,0.01323,10,120
human_noise,0.0,uncertainty_query_policy,intent_preservation,0.53145,0.00784,10,120
human_noise,0.0,uncertainty_query_policy,query_rate,1.00000,0.00000,10,120
human_noise,0.0,uncertainty_query_policy,human_time,0.34091,0.00589,10,120
human_noise,0.0,uncertainty_query_policy,unsafe_override,0.12500,0.01481,10,120
human_noise,0.0,uncertainty_query_policy,calibration_error,0.22092,0.00960,10,120
human_noise,0.0,uncertainty_query_policy,regret_to_oracle,0.23782,0.00991,10,120
human_noise,0.0,uncertainty_query_policy,intervention_sparsity,0.57016,0.00792,10,120
human_noise,0.0,uncertainty_query_policy,robust_utility,0.51219,0.04959,10,120
human_noise,0.2,active_entropy_query_policy,task_success,0.41500,0.02950,10,120
human_noise,0.2,active_entropy_query_policy,correction_efficiency,0.55053,0.04487,10,120
human_noise,0.2,active_entropy_query_policy,damage,0.05500,0.01600,10,120
human_noise,0.2,active_entropy_query_policy,intervention_magnitude,0.41611,0.00607,10,120
human_noise,0.2,active_entropy_query_policy,boundary_error,0.28184,0.00829,10,120
human_noise,0.2,active_entropy_query_policy,intent_preservation,0.51885,0.00736,10,120
human_noise,0.2,active_entropy_query_policy,query_rate,1.00000,0.00000,10,120
human_noise,0.2,active_entropy_query_policy,human_time,0.34631,0.00389,10,120
human_noise,0.2,active_entropy_query_policy,unsafe_override,0.10333,0.01505,10,120
human_noise,0.2,active_entropy_query_policy,calibration_error,0.23200,0.00622,10,120
human_noise,0.2,active_entropy_query_policy,regret_to_oracle,0.20576,0.01004,10,120
human_noise,0.2,active_entropy_query_policy,intervention_sparsity,0.57101,0.00812,10,120
human_noise,0.2,active_entropy_query_policy,robust_utility,0.55900,0.03859,10,120
human_noise,0.2,full_demo_imitation,task_success,0.32083,0.01545,10,120
human_noise,0.2,full_demo_imitation,correction_efficiency,0.35592,0.01923,10,120
human_noise,0.2,full_demo_imitation,damage,0.05750,0.01101,10,120
human_noise,0.2,full_demo_imitation,intervention_magnitude,0.43408,0.00661,10,120
human_noise,0.2,full_demo_imitation,boundary_error,0.50623,0.01523,10,120
human_noise,0.2,full_demo_imitation,intent_preservation,0.56518,0.00487,10,120
human_noise,0.2,full_demo_imitation,query_rate,1.00000,0.00000,10,120
human_noise,0.2,full_demo_imitation,human_time,0.70781,0.00423,10,120
human_noise,0.2,full_demo_imitation,unsafe_override,0.11667,0.03021,10,120
human_noise,0.2,full_demo_imitation,calibration_error,0.21162,0.00645,10,120
human_noise,0.2,full_demo_imitation,regret_to_oracle,0.29637,0.00979,10,120
human_noise,0.2,full_demo_imitation,intervention_sparsity,0.53956,0.00913,10,120
human_noise,0.2,full_demo_imitation,robust_utility,0.40517,0.02127,10,120
human_noise,0.2,minimum_intervention_boundary_learner_v5,task_success,0.48500,0.02320,10,120
human_noise,0.2,minimum_intervention_boundary_learner_v5,correction_efficiency,0.66941,0.03502,10,120
human_noise,0.2,minimum_intervention_boundary_learner_v5,damage,0.04833,0.00762,10,120
human_noise,0.2,minimum_intervention_boundary_learner_v5,intervention_magnitude,0.48527,0.00700,10,120
human_noise,0.2,minimum_intervention_boundary_learner_v5,boundary_error,0.17925,0.00625,10,120
human_noise,0.2,minimum_intervention_boundary_learner_v5,intent_preservation,0.52242,0.00725,10,120
human_noise,0.2,minimum_intervention_boundary_learner_v5,query_rate,1.00000,0.00000,10,120
human_noise,0.2,minimum_intervention_boundary_learner_v5,human_time,0.39057,0.00448,10,120
human_noise,0.2,minimum_intervention_boundary_learner_v5,unsafe_override,0.01583,0.00749,10,120
human_noise,0.2,minimum_intervention_boundary_learner_v5,calibration_error,0.10234,0.00365,10,120
human_noise,0.2,minimum_intervention_boundary_learner_v5,regret_to_oracle,0.11718,0.00549,10,120
human_noise,0.2,minimum_intervention_boundary_learner_v5,intervention_sparsity,0.49641,0.00475,10,120
human_noise,0.2,minimum_intervention_boundary_learner_v5,robust_utility,0.67786,0.02904,10,120
human_noise,0.2,oracle_minimal_correction,task_success,0.59000,0.01648,10,120
human_noise,0.2,oracle_minimal_correction,correction_efficiency,0.81150,0.02383,10,120
human_noise,0.2,oracle_minimal_correction,damage,0.04833,0.01351,10,120
human_noise,0.2,oracle_minimal_correction,intervention_magnitude,0.51299,0.00966,10,120
human_noise,0.2,oracle_minimal_correction,boundary_error,0.12134,0.01177,10,120
human_noise,0.2,oracle_minimal_correction,intent_preservation,0.52826,0.00724,10,120
human_noise,0.2,oracle_minimal_correction,query_rate,1.00000,0.00000,10,120
human_noise,0.2,oracle_minimal_correction,human_time,0.40832,0.00618,10,120
human_noise,0.2,oracle_minimal_correction,unsafe_override,0.00417,0.00365,10,120
human_noise,0.2,oracle_minimal_correction,calibration_error,0.36775,0.00627,10,120
human_noise,0.2,oracle_minimal_correction,regret_to_oracle,0.03398,0.00027,10,120
human_noise,0.2,oracle_minimal_correction,intervention_sparsity,0.47170,0.00430,10,120
human_noise,0.2,oracle_minimal_correction,robust_utility,0.81611,0.02152,10,120
human_noise,0.2,residual_correction_learner,task_success,0.31417,0.02472,10,120
human_noise,0.2,residual_correction_learner,correction_efficiency,0.35918,0.02429,10,120
human_noise,0.2,residual_correction_learner,damage,0.04833,0.01137,10,120
human_noise,0.2,residual_correction_learner,intervention_magnitude,0.34277,0.00525,10,120
human_noise,0.2,residual_correction_learner,boundary_error,0.52668,0.00871,10,120
human_noise,0.2,residual_correction_learner,intent_preservation,0.53767,0.00718,10,120
human_noise,0.2,residual_correction_learner,query_rate,1.00000,0.00000,10,120
human_noise,0.2,residual_correction_learner,human_time,0.29937,0.00336,10,120
human_noise,0.2,residual_correction_learner,unsafe_override,0.13750,0.01199,10,120
human_noise,0.2,residual_correction_learner,calibration_error,0.26188,0.00510,10,120
human_noise,0.2,residual_correction_learner,regret_to_oracle,0.32393,0.00883,10,120
human_noise,0.2,residual_correction_learner,intervention_sparsity,0.63476,0.00975,10,120
human_noise,0.2,residual_correction_learner,robust_utility,0.41772,0.03219,10,120
human_noise,0.2,robust_mpc_correction,task_success,0.57083,0.03420,10,120
human_noise,0.2,robust_mpc_correction,correction_efficiency,0.81230,0.05254,10,120
human_noise,0.2,robust_mpc_correction,damage,0.05000,0.01033,10,120
human_noise,0.2,robust_mpc_correction,intervention_magnitude,0.56925,0.00803,10,120
human_noise,0.2,robust_mpc_correction,boundary_error,0.10347,0.00542,10,120
human_noise,0.2,robust_mpc_correction,intent_preservation,0.50778,0.00713,10,120
human_noise,0.2,robust_mpc_correction,query_rate,1.00000,0.00000,10,120
human_noise,0.2,robust_mpc_correction,human_time,0.44432,0.00514,10,120
human_noise,0.2,robust_mpc_correction,unsafe_override,0.02667,0.00635,10,120
human_noise,0.2,robust_mpc_correction,calibration_error,0.03555,0.00362,10,120
human_noise,0.2,robust_mpc_correction,regret_to_oracle,0.05008,0.00153,10,120
human_noise,0.2,robust_mpc_correction,intervention_sparsity,0.41255,0.00255,10,120
human_noise,0.2,robust_mpc_correction,robust_utility,0.78272,0.04370,10,120
human_noise,0.2,uncertainty_query_policy,task_success,0.38000,0.02767,10,120
human_noise,0.2,uncertainty_query_policy,correction_efficiency,0.46461,0.04453,10,120
human_noise,0.2,uncertainty_query_policy,damage,0.05417,0.01383,10,120
human_noise,0.2,uncertainty_query_policy,intervention_magnitude,0.42621,0.00569,10,120
human_noise,0.2,uncertainty_query_policy,boundary_error,0.35753,0.01326,10,120
human_noise,0.2,uncertainty_query_policy,intent_preservation,0.53767,0.00405,10,120
human_noise,0.2,uncertainty_query_policy,query_rate,1.00000,0.00000,10,120
human_noise,0.2,uncertainty_query_policy,human_time,0.35277,0.00364,10,120
human_noise,0.2,uncertainty_query_policy,unsafe_override,0.13417,0.01276,10,120
human_noise,0.2,uncertainty_query_policy,calibration_error,0.22723,0.00863,10,120
human_noise,0.2,uncertainty_query_policy,regret_to_oracle,0.25049,0.01126,10,120
human_noise,0.2,uncertainty_query_policy,intervention_sparsity,0.55149,0.00919,10,120
human_noise,0.2,uncertainty_query_policy,robust_utility,0.49808,0.04117,10,120
human_noise,0.4,active_entropy_query_policy,task_success,0.39417,0.02205,10,120
human_noise,0.4,active_entropy_query_policy,correction_efficiency,0.52706,0.03244,10,120
human_noise,0.4,active_entropy_query_policy,damage,0.05500,0.01673,10,120
human_noise,0.4,active_entropy_query_policy,intervention_magnitude,0.42182,0.01486,10,120
human_noise,0.4,active_entropy_query_policy,boundary_error,0.29391,0.01721,10,120
human_noise,0.4,active_entropy_query_policy,intent_preservation,0.51760,0.00613,10,120
human_noise,0.4,active_entropy_query_policy,query_rate,1.00000,0.00000,10,120
human_noise,0.4,active_entropy_query_policy,human_time,0.34996,0.00951,10,120
human_noise,0.4,active_entropy_query_policy,unsafe_override,0.10250,0.01634,10,120
human_noise,0.4,active_entropy_query_policy,calibration_error,0.23252,0.01130,10,120
human_noise,0.4,active_entropy_query_policy,regret_to_oracle,0.21172,0.01183,10,120
human_noise,0.4,active_entropy_query_policy,intervention_sparsity,0.56846,0.01012,10,120
human_noise,0.4,active_entropy_query_policy,robust_utility,0.53278,0.03186,10,120
human_noise,0.4,full_demo_imitation,task_success,0.30250,0.01918,10,120
human_noise,0.4,full_demo_imitation,correction_efficiency,0.30484,0.03069,10,120
human_noise,0.4,full_demo_imitation,damage,0.06833,0.01666,10,120
human_noise,0.4,full_demo_imitation,intervention_magnitude,0.51501,0.01155,10,120
human_noise,0.4,full_demo_imitation,boundary_error,0.54668,0.02638,10,120
human_noise,0.4,full_demo_imitation,intent_preservation,0.56100,0.00895,10,120
human_noise,0.4,full_demo_imitation,query_rate,1.00000,0.00000,10,120
human_noise,0.4,full_demo_imitation,human_time,0.75960,0.00739,10,120
human_noise,0.4,full_demo_imitation,unsafe_override,0.14250,0.02416,10,120
human_noise,0.4,full_demo_imitation,calibration_error,0.21535,0.00900,10,120
human_noise,0.4,full_demo_imitation,regret_to_oracle,0.30496,0.01268,10,120
human_noise,0.4,full_demo_imitation,intervention_sparsity,0.45706,0.00942,10,120
human_noise,0.4,full_demo_imitation,robust_utility,0.35573,0.02742,10,120
human_noise,0.4,minimum_intervention_boundary_learner_v5,task_success,0.48000,0.03043,10,120
human_noise,0.4,minimum_intervention_boundary_learner_v5,correction_efficiency,0.65707,0.04518,10,120
human_noise,0.4,minimum_intervention_boundary_learner_v5,damage,0.05167,0.00800,10,120
human_noise,0.4,minimum_intervention_boundary_learner_v5,intervention_magnitude,0.48529,0.01078,10,120
human_noise,0.4,minimum_intervention_boundary_learner_v5,boundary_error,0.18938,0.01043,10,120
human_noise,0.4,minimum_intervention_boundary_learner_v5,intent_preservation,0.52094,0.00686,10,120
human_noise,0.4,minimum_intervention_boundary_learner_v5,query_rate,1.00000,0.00000,10,120
human_noise,0.4,minimum_intervention_boundary_learner_v5,human_time,0.39059,0.00690,10,120
human_noise,0.4,minimum_intervention_boundary_learner_v5,unsafe_override,0.01750,0.00708,10,120
human_noise,0.4,minimum_intervention_boundary_learner_v5,calibration_error,0.10973,0.00612,10,120
human_noise,0.4,minimum_intervention_boundary_learner_v5,regret_to_oracle,0.12791,0.00756,10,120
human_noise,0.4,minimum_intervention_boundary_learner_v5,intervention_sparsity,0.50063,0.00609,10,120
human_noise,0.4,minimum_intervention_boundary_learner_v5,robust_utility,0.66797,0.03858,10,120
human_noise,0.4,oracle_minimal_correction,task_success,0.59167,0.02297,10,120
human_noise,0.4,oracle_minimal_correction,correction_efficiency,0.80511,0.04139,10,120
human_noise,0.4,oracle_minimal_correction,damage,0.04667,0.01173,10,120
human_noise,0.4,oracle_minimal_correction,intervention_magnitude,0.51948,0.00585,10,120
human_noise,0.4,oracle_minimal_correction,boundary_error,0.11967,0.01073,10,120
human_noise,0.4,oracle_minimal_correction,intent_preservation,0.52653,0.00686,10,120
human_noise,0.4,oracle_minimal_correction,query_rate,1.00000,0.00000,10,120
human_noise,0.4,oracle_minimal_correction,human_time,0.41246,0.00374,10,120
human_noise,0.4,oracle_minimal_correction,unsafe_override,0.00667,0.00407,10,120
human_noise,0.4,oracle_minimal_correction,calibration_error,0.36696,0.01017,10,120
human_noise,0.4,oracle_minimal_correction,regret_to_oracle,0.03403,0.00049,10,120
human_noise,0.4,oracle_minimal_correction,intervention_sparsity,0.47104,0.00403,10,120
human_noise,0.4,oracle_minimal_correction,robust_utility,0.81610,0.03218,10,120
human_noise,0.4,residual_correction_learner,task_success,0.29417,0.03757,10,120
human_noise,0.4,residual_correction_learner,correction_efficiency,0.33040,0.04127,10,120
human_noise,0.4,residual_correction_learner,damage,0.04583,0.00886,10,120
human_noise,0.4,residual_correction_learner,intervention_magnitude,0.35982,0.01407,10,120
human_noise,0.4,residual_correction_learner,boundary_error,0.54855,0.02166,10,120
human_noise,0.4,residual_correction_learner,intent_preservation,0.53332,0.00782,10,120
human_noise,0.4,residual_correction_learner,query_rate,1.00000,0.00000,10,120
human_noise,0.4,residual_correction_learner,human_time,0.31029,0.00900,10,120
human_noise,0.4,residual_correction_learner,unsafe_override,0.14333,0.02189,10,120
human_noise,0.4,residual_correction_learner,calibration_error,0.26299,0.00947,10,120
human_noise,0.4,residual_correction_learner,regret_to_oracle,0.32642,0.01111,10,120
human_noise,0.4,residual_correction_learner,intervention_sparsity,0.61999,0.00983,10,120
human_noise,0.4,residual_correction_learner,robust_utility,0.38926,0.04921,10,120
human_noise,0.4,robust_mpc_correction,task_success,0.56667,0.02797,10,120
human_noise,0.4,robust_mpc_correction,correction_efficiency,0.79414,0.04306,10,120
human_noise,0.4,robust_mpc_correction,damage,0.05334,0.01246,10,120
human_noise,0.4,robust_mpc_correction,intervention_magnitude,0.56537,0.00857,10,120
human_noise,0.4,robust_mpc_correction,boundary_error,0.10751,0.00359,10,120
human_noise,0.4,robust_mpc_correction,intent_preservation,0.50630,0.00650,10,120
human_noise,0.4,robust_mpc_correction,query_rate,1.00000,0.00000,10,120
human_noise,0.4,robust_mpc_correction,human_time,0.44184,0.00549,10,120
human_noise,0.4,robust_mpc_correction,unsafe_override,0.02833,0.00815,10,120
human_noise,0.4,robust_mpc_correction,calibration_error,0.04280,0.00476,10,120
human_noise,0.4,robust_mpc_correction,regret_to_oracle,0.05743,0.00475,10,120
human_noise,0.4,robust_mpc_correction,intervention_sparsity,0.42221,0.00318,10,120
human_noise,0.4,robust_mpc_correction,robust_utility,0.77276,0.03882,10,120
human_noise,0.4,uncertainty_query_policy,task_success,0.37333,0.01701,10,120
human_noise,0.4,uncertainty_query_policy,correction_efficiency,0.42276,0.02277,10,120
human_noise,0.4,uncertainty_query_policy,damage,0.05833,0.01669,10,120
human_noise,0.4,uncertainty_query_policy,intervention_magnitude,0.46852,0.01400,10,120
human_noise,0.4,uncertainty_query_policy,boundary_error,0.38885,0.02403,10,120
human_noise,0.4,uncertainty_query_policy,intent_preservation,0.53995,0.00907,10,120
human_noise,0.4,uncertainty_query_policy,query_rate,1.00000,0.00000,10,120
human_noise,0.4,uncertainty_query_policy,human_time,0.37986,0.00896,10,120
human_noise,0.4,uncertainty_query_policy,unsafe_override,0.13083,0.01560,10,120
human_noise,0.4,uncertainty_query_policy,calibration_error,0.22856,0.01355,10,120
human_noise,0.4,uncertainty_query_policy,regret_to_oracle,0.25628,0.01364,10,120
human_noise,0.4,uncertainty_query_policy,intervention_sparsity,0.50627,0.00924,10,120
human_noise,0.4,uncertainty_query_policy,robust_utility,0.47779,0.02450,10,120
human_noise,0.6,active_entropy_query_policy,task_success,0.40333,0.01825,10,120
human_noise,0.6,active_entropy_query_policy,correction_efficiency,0.52980,0.03530,10,120
human_noise,0.6,active_entropy_query_policy,damage,0.05333,0.01544,10,120
human_noise,0.6,active_entropy_query_policy,intervention_magnitude,0.42215,0.01256,10,120
human_noise,0.6,active_entropy_query_policy,boundary_error,0.31090,0.01512,10,120
human_noise,0.6,active_entropy_query_policy,intent_preservation,0.51370,0.00749,10,120
human_noise,0.6,active_entropy_query_policy,query_rate,1.00000,0.00000,10,120
human_noise,0.6,active_entropy_query_policy,human_time,0.35018,0.00804,10,120
human_noise,0.6,active_entropy_query_policy,unsafe_override,0.10500,0.01485,10,120
human_noise,0.6,active_entropy_query_policy,calibration_error,0.23471,0.01192,10,120
human_noise,0.6,active_entropy_query_policy,regret_to_oracle,0.21010,0.01041,10,120
human_noise,0.6,active_entropy_query_policy,intervention_sparsity,0.56933,0.00963,10,120
human_noise,0.6,active_entropy_query_policy,robust_utility,0.54225,0.02579,10,120
human_noise,0.6,full_demo_imitation,task_success,0.29750,0.02554,10,120
human_noise,0.6,full_demo_imitation,correction_efficiency,0.27666,0.02418,10,120
human_noise,0.6,full_demo_imitation,damage,0.08167,0.01497,10,120
human_noise,0.6,full_demo_imitation,intervention_magnitude,0.60358,0.01293,10,120
human_noise,0.6,full_demo_imitation,boundary_error,0.59564,0.02164,10,120
human_noise,0.6,full_demo_imitation,intent_preservation,0.55774,0.00749,10,120
human_noise,0.6,full_demo_imitation,query_rate,1.00000,0.00000,10,120
human_noise,0.6,full_demo_imitation,human_time,0.81629,0.00828,10,120
human_noise,0.6,full_demo_imitation,unsafe_override,0.15500,0.02746,10,120
human_noise,0.6,full_demo_imitation,calibration_error,0.22163,0.00547,10,120
human_noise,0.6,full_demo_imitation,regret_to_oracle,0.30979,0.00849,10,120
human_noise,0.6,full_demo_imitation,intervention_sparsity,0.37957,0.01037,10,120
human_noise,0.6,full_demo_imitation,robust_utility,0.32725,0.03533,10,120
human_noise,0.6,minimum_intervention_boundary_learner_v5,task_success,0.47167,0.03186,10,120
human_noise,0.6,minimum_intervention_boundary_learner_v5,correction_efficiency,0.62809,0.04062,10,120
human_noise,0.6,minimum_intervention_boundary_learner_v5,damage,0.05167,0.00680,10,120
human_noise,0.6,minimum_intervention_boundary_learner_v5,intervention_magnitude,0.48130,0.01122,10,120
human_noise,0.6,minimum_intervention_boundary_learner_v5,boundary_error,0.21185,0.01360,10,120
human_noise,0.6,minimum_intervention_boundary_learner_v5,intent_preservation,0.51712,0.00766,10,120
human_noise,0.6,minimum_intervention_boundary_learner_v5,query_rate,1.00000,0.00000,10,120
human_noise,0.6,minimum_intervention_boundary_learner_v5,human_time,0.38803,0.00718,10,120
human_noise,0.6,minimum_intervention_boundary_learner_v5,unsafe_override,0.01583,0.00708,10,120
human_noise,0.6,minimum_intervention_boundary_learner_v5,calibration_error,0.12156,0.00688,10,120
human_noise,0.6,minimum_intervention_boundary_learner_v5,regret_to_oracle,0.13298,0.00819,10,120
human_noise,0.6,minimum_intervention_boundary_learner_v5,intervention_sparsity,0.50684,0.00786,10,120
human_noise,0.6,minimum_intervention_boundary_learner_v5,robust_utility,0.65365,0.03925,10,120
human_noise,0.6,oracle_minimal_correction,task_success,0.58000,0.01424,10,120
human_noise,0.6,oracle_minimal_correction,correction_efficiency,0.77963,0.01952,10,120
human_noise,0.6,oracle_minimal_correction,damage,0.04833,0.01307,10,120
human_noise,0.6,oracle_minimal_correction,intervention_magnitude,0.51656,0.00835,10,120
human_noise,0.6,oracle_minimal_correction,boundary_error,0.12688,0.00894,10,120
human_noise,0.6,oracle_minimal_correction,intent_preservation,0.52243,0.00775,10,120
human_noise,0.6,oracle_minimal_correction,query_rate,1.00000,0.00000,10,120
human_noise,0.6,oracle_minimal_correction,human_time,0.41060,0.00534,10,120
human_noise,0.6,oracle_minimal_correction,unsafe_override,0.00917,0.00618,10,120
human_noise,0.6,oracle_minimal_correction,calibration_error,0.37525,0.00534,10,120
human_noise,0.6,oracle_minimal_correction,regret_to_oracle,0.03392,0.00047,10,120
human_noise,0.6,oracle_minimal_correction,intervention_sparsity,0.47312,0.00373,10,120
human_noise,0.6,oracle_minimal_correction,robust_utility,0.79691,0.01651,10,120
human_noise,0.6,residual_correction_learner,task_success,0.28500,0.02753,10,120
human_noise,0.6,residual_correction_learner,correction_efficiency,0.31579,0.03585,10,120
human_noise,0.6,residual_correction_learner,damage,0.05333,0.01270,10,120
human_noise,0.6,residual_correction_learner,intervention_magnitude,0.36223,0.00977,10,120
human_noise,0.6,residual_correction_learner,boundary_error,0.57097,0.02139,10,120
human_noise,0.6,residual_correction_learner,intent_preservation,0.52754,0.00725,10,120
human_noise,0.6,residual_correction_learner,query_rate,1.00000,0.00000,10,120
human_noise,0.6,residual_correction_learner,human_time,0.31183,0.00625,10,120
human_noise,0.6,residual_correction_learner,unsafe_override,0.14917,0.01586,10,120
human_noise,0.6,residual_correction_learner,calibration_error,0.26646,0.00831,10,120
human_noise,0.6,residual_correction_learner,regret_to_oracle,0.32480,0.00846,10,120
human_noise,0.6,residual_correction_learner,intervention_sparsity,0.62060,0.00851,10,120
human_noise,0.6,residual_correction_learner,robust_utility,0.37055,0.03687,10,120
human_noise,0.6,robust_mpc_correction,task_success,0.55583,0.02983,10,120
human_noise,0.6,robust_mpc_correction,correction_efficiency,0.77813,0.04734,10,120
human_noise,0.6,robust_mpc_correction,damage,0.05083,0.01046,10,120
human_noise,0.6,robust_mpc_correction,intervention_magnitude,0.55660,0.00972,10,120
human_noise,0.6,robust_mpc_correction,boundary_error,0.11656,0.00647,10,120
human_noise,0.6,robust_mpc_correction,intent_preservation,0.50184,0.00794,10,120
human_noise,0.6,robust_mpc_correction,query_rate,1.00000,0.00000,10,120
human_noise,0.6,robust_mpc_correction,human_time,0.43622,0.00622,10,120
human_noise,0.6,robust_mpc_correction,unsafe_override,0.03167,0.00800,10,120
human_noise,0.6,robust_mpc_correction,calibration_error,0.05351,0.00470,10,120
human_noise,0.6,robust_mpc_correction,regret_to_oracle,0.06487,0.00402,10,120
human_noise,0.6,robust_mpc_correction,intervention_sparsity,0.43176,0.00385,10,120
human_noise,0.6,robust_mpc_correction,robust_utility,0.75892,0.03781,10,120
human_noise,0.6,uncertainty_query_policy,task_success,0.36750,0.01641,10,120
human_noise,0.6,uncertainty_query_policy,correction_efficiency,0.39443,0.01918,10,120
human_noise,0.6,uncertainty_query_policy,damage,0.06250,0.01040,10,120
human_noise,0.6,uncertainty_query_policy,intervention_magnitude,0.51296,0.01161,10,120
human_noise,0.6,uncertainty_query_policy,boundary_error,0.42257,0.01655,10,120
human_noise,0.6,uncertainty_query_policy,intent_preservation,0.53549,0.00783,10,120
human_noise,0.6,uncertainty_query_policy,query_rate,1.00000,0.00000,10,120
human_noise,0.6,uncertainty_query_policy,human_time,0.40829,0.00743,10,120
human_noise,0.6,uncertainty_query_policy,unsafe_override,0.14583,0.01674,10,120
human_noise,0.6,uncertainty_query_policy,calibration_error,0.23554,0.00910,10,120
human_noise,0.6,uncertainty_query_policy,regret_to_oracle,0.25994,0.00830,10,120
human_noise,0.6,uncertainty_query_policy,intervention_sparsity,0.46230,0.00887,10,120
human_noise,0.6,uncertainty_query_policy,robust_utility,0.45530,0.02036,10,120
human_noise,0.8,active_entropy_query_policy,task_success,0.39083,0.02058,10,120
human_noise,0.8,active_entropy_query_policy,correction_efficiency,0.52977,0.02967,10,120
human_noise,0.8,active_entropy_query_policy,damage,0.05750,0.01529,10,120
human_noise,0.8,active_entropy_query_policy,intervention_magnitude,0.41227,0.00838,10,120
human_noise,0.8,active_entropy_query_policy,boundary_error,0.32126,0.01422,10,120
human_noise,0.8,active_entropy_query_policy,intent_preservation,0.51604,0.01013,10,120
human_noise,0.8,active_entropy_query_policy,query_rate,1.00000,0.00000,10,120
human_noise,0.8,active_entropy_query_policy,human_time,0.34385,0.00536,10,120
human_noise,0.8,active_entropy_query_policy,unsafe_override,0.11167,0.01382,10,120
human_noise,0.8,active_entropy_query_policy,calibration_error,0.22878,0.00768,10,120
human_noise,0.8,active_entropy_query_policy,regret_to_oracle,0.21058,0.01100,10,120
human_noise,0.8,active_entropy_query_policy,intervention_sparsity,0.56857,0.00772,10,120
human_noise,0.8,active_entropy_query_policy,robust_utility,0.52626,0.03192,10,120
human_noise,0.8,full_demo_imitation,task_success,0.31750,0.02547,10,120
human_noise,0.8,full_demo_imitation,correction_efficiency,0.27238,0.02365,10,120
human_noise,0.8,full_demo_imitation,damage,0.12167,0.01708,10,120
human_noise,0.8,full_demo_imitation,intervention_magnitude,0.70602,0.01227,10,120
human_noise,0.8,full_demo_imitation,boundary_error,0.65708,0.02642,10,120
human_noise,0.8,full_demo_imitation,intent_preservation,0.55083,0.00574,10,120
human_noise,0.8,full_demo_imitation,query_rate,1.00000,0.00000,10,120
human_noise,0.8,full_demo_imitation,human_time,0.88185,0.00785,10,120
human_noise,0.8,full_demo_imitation,unsafe_override,0.17833,0.02862,10,120
human_noise,0.8,full_demo_imitation,calibration_error,0.21803,0.00863,10,120
human_noise,0.8,full_demo_imitation,regret_to_oracle,0.31562,0.01140,10,120
human_noise,0.8,full_demo_imitation,intervention_sparsity,0.29076,0.01258,10,120
human_noise,0.8,full_demo_imitation,robust_utility,0.31068,0.03430,10,120
human_noise,0.8,minimum_intervention_boundary_learner_v5,task_success,0.45500,0.02111,10,120
human_noise,0.8,minimum_intervention_boundary_learner_v5,correction_efficiency,0.62661,0.02895,10,120
human_noise,0.8,minimum_intervention_boundary_learner_v5,damage,0.05000,0.00878,10,120
human_noise,0.8,minimum_intervention_boundary_learner_v5,intervention_magnitude,0.46314,0.01058,10,120
human_noise,0.8,minimum_intervention_boundary_learner_v5,boundary_error,0.22613,0.00962,10,120
human_noise,0.8,minimum_intervention_boundary_learner_v5,intent_preservation,0.51903,0.00935,10,120
human_noise,0.8,minimum_intervention_boundary_learner_v5,query_rate,1.00000,0.00000,10,120
human_noise,0.8,minimum_intervention_boundary_learner_v5,human_time,0.37641,0.00677,10,120
human_noise,0.8,minimum_intervention_boundary_learner_v5,unsafe_override,0.01667,0.00878,10,120
human_noise,0.8,minimum_intervention_boundary_learner_v5,calibration_error,0.12704,0.00441,10,120
human_noise,0.8,minimum_intervention_boundary_learner_v5,regret_to_oracle,0.14170,0.01039,10,120
human_noise,0.8,minimum_intervention_boundary_learner_v5,intervention_sparsity,0.51415,0.00759,10,120
human_noise,0.8,minimum_intervention_boundary_learner_v5,robust_utility,0.63843,0.03001,10,120
human_noise,0.8,oracle_minimal_correction,task_success,0.58750,0.01743,10,120
human_noise,0.8,oracle_minimal_correction,correction_efficiency,0.80618,0.03236,10,120
human_noise,0.8,oracle_minimal_correction,damage,0.04583,0.01174,10,120
human_noise,0.8,oracle_minimal_correction,intervention_magnitude,0.50563,0.00731,10,120
human_noise,0.8,oracle_minimal_correction,boundary_error,0.12829,0.00719,10,120
human_noise,0.8,oracle_minimal_correction,intent_preservation,0.52362,0.00903,10,120
human_noise,0.8,oracle_minimal_correction,query_rate,1.00000,0.00000,10,120
human_noise,0.8,oracle_minimal_correction,human_time,0.40360,0.00468,10,120
human_noise,0.8,oracle_minimal_correction,unsafe_override,0.00583,0.00249,10,120
human_noise,0.8,oracle_minimal_correction,calibration_error,0.37308,0.00613,10,120
human_noise,0.8,oracle_minimal_correction,regret_to_oracle,0.03422,0.00042,10,120
human_noise,0.8,oracle_minimal_correction,intervention_sparsity,0.47295,0.00269,10,120
human_noise,0.8,oracle_minimal_correction,robust_utility,0.81295,0.02722,10,120
human_noise,0.8,residual_correction_learner,task_success,0.29750,0.03881,10,120
human_noise,0.8,residual_correction_learner,correction_efficiency,0.33730,0.05045,10,120
human_noise,0.8,residual_correction_learner,damage,0.06000,0.01260,10,120
human_noise,0.8,residual_correction_learner,intervention_magnitude,0.37896,0.01242,10,120
human_noise,0.8,residual_correction_learner,boundary_error,0.59816,0.02023,10,120
human_noise,0.8,residual_correction_learner,intent_preservation,0.52461,0.00914,10,120
human_noise,0.8,residual_correction_learner,query_rate,1.00000,0.00000,10,120
human_noise,0.8,residual_correction_learner,human_time,0.32253,0.00795,10,120
human_noise,0.8,residual_correction_learner,unsafe_override,0.13500,0.01351,10,120
human_noise,0.8,residual_correction_learner,calibration_error,0.25570,0.01012,10,120
human_noise,0.8,residual_correction_learner,regret_to_oracle,0.31594,0.01079,10,120
human_noise,0.8,residual_correction_learner,intervention_sparsity,0.59308,0.01335,10,120
human_noise,0.8,residual_correction_learner,robust_utility,0.38605,0.04937,10,120
human_noise,0.8,robust_mpc_correction,task_success,0.54333,0.02930,10,120
human_noise,0.8,robust_mpc_correction,correction_efficiency,0.77936,0.04170,10,120
human_noise,0.8,robust_mpc_correction,damage,0.05000,0.01311,10,120
human_noise,0.8,robust_mpc_correction,intervention_magnitude,0.53373,0.01077,10,120
human_noise,0.8,robust_mpc_correction,boundary_error,0.13134,0.00630,10,120
human_noise,0.8,robust_mpc_correction,intent_preservation,0.50294,0.00938,10,120
human_noise,0.8,robust_mpc_correction,query_rate,1.00000,0.00000,10,120
human_noise,0.8,robust_mpc_correction,human_time,0.42158,0.00689,10,120
human_noise,0.8,robust_mpc_correction,unsafe_override,0.03000,0.00697,10,120
human_noise,0.8,robust_mpc_correction,calibration_error,0.06350,0.00439,10,120
human_noise,0.8,robust_mpc_correction,regret_to_oracle,0.07626,0.00606,10,120
human_noise,0.8,robust_mpc_correction,intervention_sparsity,0.44311,0.00450,10,120
human_noise,0.8,robust_mpc_correction,robust_utility,0.74896,0.03554,10,120
human_noise,0.8,uncertainty_query_policy,task_success,0.34667,0.01936,10,120
human_noise,0.8,uncertainty_query_policy,correction_efficiency,0.36475,0.02413,10,120
human_noise,0.8,uncertainty_query_policy,damage,0.08500,0.01260,10,120
human_noise,0.8,uncertainty_query_policy,intervention_magnitude,0.56438,0.00758,10,120
human_noise,0.8,uncertainty_query_policy,boundary_error,0.46410,0.02383,10,120
human_noise,0.8,uncertainty_query_policy,intent_preservation,0.53377,0.00847,10,120
human_noise,0.8,uncertainty_query_policy,query_rate,1.00000,0.00000,10,120
human_noise,0.8,uncertainty_query_policy,human_time,0.44120,0.00485,10,120
human_noise,0.8,uncertainty_query_policy,unsafe_override,0.16000,0.01945,10,120
human_noise,0.8,uncertainty_query_policy,calibration_error,0.23434,0.01008,10,120
human_noise,0.8,uncertainty_query_policy,regret_to_oracle,0.26418,0.01142,10,120
human_noise,0.8,uncertainty_query_policy,intervention_sparsity,0.39713,0.00789,10,120
human_noise,0.8,uncertainty_query_policy,robust_utility,0.40730,0.02443,10,120
human_noise,1.0,active_entropy_query_policy,task_success,0.40833,0.02178,10,120
human_noise,1.0,active_entropy_query_policy,correction_efficiency,0.53292,0.03404,10,120
human_noise,1.0,active_entropy_query_policy,damage,0.05333,0.01485,10,120
human_noise,1.0,active_entropy_query_policy,intervention_magnitude,0.41915,0.00729,10,120
human_noise,1.0,active_entropy_query_policy,boundary_error,0.33391,0.01306,10,120
human_noise,1.0,active_entropy_query_policy,intent_preservation,0.52524,0.00870,10,120
human_noise,1.0,active_entropy_query_policy,query_rate,1.00000,0.00000,10,120
human_noise,1.0,active_entropy_query_policy,human_time,0.34825,0.00467,10,120
human_noise,1.0,active_entropy_query_policy,unsafe_override,0.10500,0.01637,10,120
human_noise,1.0,active_entropy_query_policy,calibration_error,0.22538,0.00886,10,120
human_noise,1.0,active_entropy_query_policy,regret_to_oracle,0.21845,0.00661,10,120
human_noise,1.0,active_entropy_query_policy,intervention_sparsity,0.57171,0.00635,10,120
human_noise,1.0,active_entropy_query_policy,robust_utility,0.54964,0.03058,10,120
human_noise,1.0,full_demo_imitation,task_success,0.27583,0.02792,10,120
human_noise,1.0,full_demo_imitation,correction_efficiency,0.22474,0.02988,10,120
human_noise,1.0,full_demo_imitation,damage,0.15000,0.02052,10,120
human_noise,1.0,full_demo_imitation,intervention_magnitude,0.81580,0.01579,10,120
human_noise,1.0,full_demo_imitation,boundary_error,0.73183,0.01795,10,120
human_noise,1.0,full_demo_imitation,intent_preservation,0.55886,0.00716,10,120
human_noise,1.0,full_demo_imitation,query_rate,1.00000,0.00000,10,120
human_noise,1.0,full_demo_imitation,human_time,0.95211,0.01011,10,120
human_noise,1.0,full_demo_imitation,unsafe_override,0.20417,0.03024,10,120
human_noise,1.0,full_demo_imitation,calibration_error,0.22346,0.00526,10,120
human_noise,1.0,full_demo_imitation,regret_to_oracle,0.33520,0.00527,10,120
human_noise,1.0,full_demo_imitation,intervention_sparsity,0.23666,0.01314,10,120
human_noise,1.0,full_demo_imitation,robust_utility,0.23175,0.03571,10,120
human_noise,1.0,minimum_intervention_boundary_learner_v5,task_success,0.46583,0.02524,10,120
human_noise,1.0,minimum_intervention_boundary_learner_v5,correction_efficiency,0.62859,0.02868,10,120
human_noise,1.0,minimum_intervention_boundary_learner_v5,damage,0.04667,0.00949,10,120
human_noise,1.0,minimum_intervention_boundary_learner_v5,intervention_magnitude,0.46821,0.00766,10,120
human_noise,1.0,minimum_intervention_boundary_learner_v5,boundary_error,0.23808,0.01038,10,120
human_noise,1.0,minimum_intervention_boundary_learner_v5,intent_preservation,0.52435,0.00877,10,120
human_noise,1.0,minimum_intervention_boundary_learner_v5,query_rate,1.00000,0.00000,10,120
human_noise,1.0,minimum_intervention_boundary_learner_v5,human_time,0.37965,0.00490,10,120
human_noise,1.0,minimum_intervention_boundary_learner_v5,unsafe_override,0.01667,0.00808,10,120
human_noise,1.0,minimum_intervention_boundary_learner_v5,calibration_error,0.13477,0.00654,10,120
human_noise,1.0,minimum_intervention_boundary_learner_v5,regret_to_oracle,0.15246,0.00725,10,120
human_noise,1.0,minimum_intervention_boundary_learner_v5,intervention_sparsity,0.51986,0.00630,10,120
human_noise,1.0,minimum_intervention_boundary_learner_v5,robust_utility,0.65226,0.02993,10,120
human_noise,1.0,oracle_minimal_correction,task_success,0.59500,0.01690,10,120
human_noise,1.0,oracle_minimal_correction,correction_efficiency,0.81846,0.02845,10,120
human_noise,1.0,oracle_minimal_correction,damage,0.05167,0.01056,10,120
human_noise,1.0,oracle_minimal_correction,intervention_magnitude,0.51747,0.00845,10,120
human_noise,1.0,oracle_minimal_correction,boundary_error,0.11866,0.00714,10,120
human_noise,1.0,oracle_minimal_correction,intent_preservation,0.52653,0.00857,10,120
human_noise,1.0,oracle_minimal_correction,query_rate,1.00000,0.00000,10,120
human_noise,1.0,oracle_minimal_correction,human_time,0.41118,0.00541,10,120
human_noise,1.0,oracle_minimal_correction,unsafe_override,0.00750,0.00381,10,120
human_noise,1.0,oracle_minimal_correction,calibration_error,0.36572,0.00596,10,120
human_noise,1.0,oracle_minimal_correction,regret_to_oracle,0.03436,0.00057,10,120
human_noise,1.0,oracle_minimal_correction,intervention_sparsity,0.47052,0.00274,10,120
human_noise,1.0,oracle_minimal_correction,robust_utility,0.81957,0.02291,10,120
human_noise,1.0,residual_correction_learner,task_success,0.28417,0.02341,10,120
human_noise,1.0,residual_correction_learner,correction_efficiency,0.31692,0.03292,10,120
human_noise,1.0,residual_correction_learner,damage,0.06000,0.00968,10,120
human_noise,1.0,residual_correction_learner,intervention_magnitude,0.38956,0.01007,10,120
human_noise,1.0,residual_correction_learner,boundary_error,0.62257,0.01024,10,120
human_noise,1.0,residual_correction_learner,intent_preservation,0.52917,0.00932,10,120
human_noise,1.0,residual_correction_learner,query_rate,1.00000,0.00000,10,120
human_noise,1.0,residual_correction_learner,human_time,0.32932,0.00644,10,120
human_noise,1.0,residual_correction_learner,unsafe_override,0.14750,0.01773,10,120
human_noise,1.0,residual_correction_learner,calibration_error,0.25982,0.00703,10,120
human_noise,1.0,residual_correction_learner,regret_to_oracle,0.33032,0.00547,10,120
human_noise,1.0,residual_correction_learner,intervention_sparsity,0.59382,0.01154,10,120
human_noise,1.0,residual_correction_learner,robust_utility,0.36505,0.03153,10,120
human_noise,1.0,robust_mpc_correction,task_success,0.53833,0.02363,10,120
human_noise,1.0,robust_mpc_correction,correction_efficiency,0.74959,0.03949,10,120
human_noise,1.0,robust_mpc_correction,damage,0.05250,0.01169,10,120
human_noise,1.0,robust_mpc_correction,intervention_magnitude,0.53265,0.01024,10,120
human_noise,1.0,robust_mpc_correction,boundary_error,0.14842,0.00561,10,120
human_noise,1.0,robust_mpc_correction,intent_preservation,0.50769,0.00848,10,120
human_noise,1.0,robust_mpc_correction,query_rate,1.00000,0.00000,10,120
human_noise,1.0,robust_mpc_correction,human_time,0.42089,0.00656,10,120
human_noise,1.0,robust_mpc_correction,unsafe_override,0.02833,0.00739,10,120
human_noise,1.0,robust_mpc_correction,calibration_error,0.07369,0.00561,10,120
human_noise,1.0,robust_mpc_correction,regret_to_oracle,0.09158,0.00459,10,120
human_noise,1.0,robust_mpc_correction,intervention_sparsity,0.45532,0.00468,10,120
human_noise,1.0,robust_mpc_correction,robust_utility,0.73783,0.03170,10,120
human_noise,1.0,uncertainty_query_policy,task_success,0.34917,0.02143,10,120
human_noise,1.0,uncertainty_query_policy,correction_efficiency,0.34032,0.02241,10,120
human_noise,1.0,uncertainty_query_policy,damage,0.09416,0.02081,10,120
human_noise,1.0,uncertainty_query_policy,intervention_magnitude,0.62880,0.00906,10,120
human_noise,1.0,uncertainty_query_policy,boundary_error,0.51308,0.01779,10,120
human_noise,1.0,uncertainty_query_policy,intent_preservation,0.54261,0.00683,10,120
human_noise,1.0,uncertainty_query_policy,query_rate,1.00000,0.00000,10,120
human_noise,1.0,uncertainty_query_policy,human_time,0.48243,0.00580,10,120
human_noise,1.0,uncertainty_query_policy,unsafe_override,0.15833,0.01886,10,120
human_noise,1.0,uncertainty_query_policy,calibration_error,0.24052,0.00719,10,120
human_noise,1.0,uncertainty_query_policy,regret_to_oracle,0.28066,0.00531,10,120
human_noise,1.0,uncertainty_query_policy,intervention_sparsity,0.35623,0.01127,10,120
human_noise,1.0,uncertainty_query_policy,robust_utility,0.39738,0.02956,10,120
intent_ambiguity,0.0,active_entropy_query_policy,task_success,0.34917,0.03045,10,120
intent_ambiguity,0.0,active_entropy_query_policy,correction_efficiency,0.44734,0.04115,10,120
intent_ambiguity,0.0,active_entropy_query_policy,damage,0.05250,0.01521,10,120
intent_ambiguity,0.0,active_entropy_query_policy,intervention_magnitude,0.36856,0.00720,10,120
intent_ambiguity,0.0,active_entropy_query_policy,boundary_error,0.35072,0.01500,10,120
intent_ambiguity,0.0,active_entropy_query_policy,intent_preservation,0.61523,0.00986,10,120
intent_ambiguity,0.0,active_entropy_query_policy,query_rate,0.32333,0.02970,10,120
intent_ambiguity,0.0,active_entropy_query_policy,human_time,0.12056,0.00897,10,120
intent_ambiguity,0.0,active_entropy_query_policy,unsafe_override,0.10500,0.01708,10,120
intent_ambiguity,0.0,active_entropy_query_policy,calibration_error,0.25129,0.00959,10,120
intent_ambiguity,0.0,active_entropy_query_policy,regret_to_oracle,0.25623,0.00871,10,120
intent_ambiguity,0.0,active_entropy_query_policy,intervention_sparsity,0.62571,0.00865,10,120
intent_ambiguity,0.0,active_entropy_query_policy,robust_utility,0.49672,0.04623,10,120
intent_ambiguity,0.0,full_demo_imitation,task_success,0.37417,0.02488,10,120
intent_ambiguity,0.0,full_demo_imitation,correction_efficiency,0.39592,0.02486,10,120
intent_ambiguity,0.0,full_demo_imitation,damage,0.07083,0.01040,10,120
intent_ambiguity,0.0,full_demo_imitation,intervention_magnitude,0.54814,0.01707,10,120
intent_ambiguity,0.0,full_demo_imitation,boundary_error,0.43530,0.02410,10,120
intent_ambiguity,0.0,full_demo_imitation,intent_preservation,0.60732,0.00818,10,120
intent_ambiguity,0.0,full_demo_imitation,query_rate,1.00000,0.00000,10,120
intent_ambiguity,0.0,full_demo_imitation,human_time,0.78081,0.01092,10,120
intent_ambiguity,0.0,full_demo_imitation,unsafe_override,0.13917,0.01855,10,120
intent_ambiguity,0.0,full_demo_imitation,calibration_error,0.18279,0.00979,10,120
intent_ambiguity,0.0,full_demo_imitation,regret_to_oracle,0.24927,0.00916,10,120
intent_ambiguity,0.0,full_demo_imitation,intervention_sparsity,0.42821,0.01424,10,120
intent_ambiguity,0.0,full_demo_imitation,robust_utility,0.45070,0.03228,10,120
intent_ambiguity,0.0,minimum_intervention_boundary_learner_v5,task_success,0.48667,0.02944,10,120
intent_ambiguity,0.0,minimum_intervention_boundary_learner_v5,correction_efficiency,0.65741,0.04214,10,120
intent_ambiguity,0.0,minimum_intervention_boundary_learner_v5,damage,0.04500,0.00918,10,120
intent_ambiguity,0.0,minimum_intervention_boundary_learner_v5,intervention_magnitude,0.49832,0.00893,10,120
intent_ambiguity,0.0,minimum_intervention_boundary_learner_v5,boundary_error,0.19502,0.01190,10,120
intent_ambiguity,0.0,minimum_intervention_boundary_learner_v5,intent_preservation,0.62878,0.00956,10,120
intent_ambiguity,0.0,minimum_intervention_boundary_learner_v5,query_rate,0.84667,0.02338,10,120
intent_ambiguity,0.0,minimum_intervention_boundary_learner_v5,human_time,0.34157,0.01155,10,120
intent_ambiguity,0.0,minimum_intervention_boundary_learner_v5,unsafe_override,0.01750,0.00665,10,120
intent_ambiguity,0.0,minimum_intervention_boundary_learner_v5,calibration_error,0.20107,0.01116,10,120
intent_ambiguity,0.0,minimum_intervention_boundary_learner_v5,regret_to_oracle,0.11443,0.00491,10,120
intent_ambiguity,0.0,minimum_intervention_boundary_learner_v5,intervention_sparsity,0.49297,0.00764,10,120
intent_ambiguity,0.0,minimum_intervention_boundary_learner_v5,robust_utility,0.69402,0.03792,10,120
intent_ambiguity,0.0,oracle_minimal_correction,task_success,0.60083,0.02559,10,120
intent_ambiguity,0.0,oracle_minimal_correction,correction_efficiency,0.80853,0.03602,10,120
intent_ambiguity,0.0,oracle_minimal_correction,damage,0.04167,0.01168,10,120
intent_ambiguity,0.0,oracle_minimal_correction,intervention_magnitude,0.52061,0.00695,10,120
intent_ambiguity,0.0,oracle_minimal_correction,boundary_error,0.12815,0.01036,10,120
intent_ambiguity,0.0,oracle_minimal_correction,intent_preservation,0.60918,0.00941,10,120
intent_ambiguity,0.0,oracle_minimal_correction,query_rate,1.00000,0.00000,10,120
intent_ambiguity,0.0,oracle_minimal_correction,human_time,0.41319,0.00445,10,120
intent_ambiguity,0.0,oracle_minimal_correction,unsafe_override,0.00667,0.00407,10,120
intent_ambiguity,0.0,oracle_minimal_correction,calibration_error,0.36395,0.00878,10,120
intent_ambiguity,0.0,oracle_minimal_correction,regret_to_oracle,0.03057,0.00056,10,120
intent_ambiguity,0.0,oracle_minimal_correction,intervention_sparsity,0.47396,0.00433,10,120
intent_ambiguity,0.0,oracle_minimal_correction,robust_utility,0.83947,0.03393,10,120
intent_ambiguity,0.0,residual_correction_learner,task_success,0.35417,0.03323,10,120
intent_ambiguity,0.0,residual_correction_learner,correction_efficiency,0.42214,0.04260,10,120
intent_ambiguity,0.0,residual_correction_learner,damage,0.04500,0.01039,10,120
intent_ambiguity,0.0,residual_correction_learner,intervention_magnitude,0.39305,0.01046,10,120
intent_ambiguity,0.0,residual_correction_learner,boundary_error,0.45784,0.02025,10,120
intent_ambiguity,0.0,residual_correction_learner,intent_preservation,0.58915,0.00966,10,120
intent_ambiguity,0.0,residual_correction_learner,query_rate,1.00000,0.00000,10,120
intent_ambiguity,0.0,residual_correction_learner,human_time,0.33155,0.00669,10,120
intent_ambiguity,0.0,residual_correction_learner,unsafe_override,0.14167,0.01651,10,120
intent_ambiguity,0.0,residual_correction_learner,calibration_error,0.22882,0.00952,10,120
intent_ambiguity,0.0,residual_correction_learner,regret_to_oracle,0.28026,0.00606,10,120
intent_ambiguity,0.0,residual_correction_learner,intervention_sparsity,0.58921,0.00831,10,120
intent_ambiguity,0.0,residual_correction_learner,robust_utility,0.47510,0.04726,10,120
intent_ambiguity,0.0,robust_mpc_correction,task_success,0.56750,0.02341,10,120
intent_ambiguity,0.0,robust_mpc_correction,correction_efficiency,0.79675,0.03933,10,120
intent_ambiguity,0.0,robust_mpc_correction,damage,0.04667,0.01147,10,120
intent_ambiguity,0.0,robust_mpc_correction,intervention_magnitude,0.56629,0.00611,10,120
intent_ambiguity,0.0,robust_mpc_correction,boundary_error,0.11285,0.00662,10,120
intent_ambiguity,0.0,robust_mpc_correction,intent_preservation,0.59516,0.00970,10,120
intent_ambiguity,0.0,robust_mpc_correction,query_rate,1.00000,0.00000,10,120
intent_ambiguity,0.0,robust_mpc_correction,human_time,0.44242,0.00391,10,120
intent_ambiguity,0.0,robust_mpc_correction,unsafe_override,0.03167,0.00762,10,120
intent_ambiguity,0.0,robust_mpc_correction,calibration_error,0.04962,0.00545,10,120
intent_ambiguity,0.0,robust_mpc_correction,regret_to_oracle,0.05432,0.00327,10,120
intent_ambiguity,0.0,robust_mpc_correction,intervention_sparsity,0.42656,0.00451,10,120
intent_ambiguity,0.0,robust_mpc_correction,robust_utility,0.78844,0.03407,10,120
intent_ambiguity,0.0,uncertainty_query_policy,task_success,0.42917,0.02338,10,120
intent_ambiguity,0.0,uncertainty_query_policy,correction_efficiency,0.50733,0.02980,10,120
intent_ambiguity,0.0,uncertainty_query_policy,damage,0.05750,0.01470,10,120
intent_ambiguity,0.0,uncertainty_query_policy,intervention_magnitude,0.50598,0.01267,10,120
intent_ambiguity,0.0,uncertainty_query_policy,boundary_error,0.31345,0.01769,10,120
intent_ambiguity,0.0,uncertainty_query_policy,intent_preservation,0.59774,0.00968,10,120
intent_ambiguity,0.0,uncertainty_query_policy,query_rate,1.00000,0.00000,10,120
intent_ambiguity,0.0,uncertainty_query_policy,human_time,0.40383,0.00811,10,120
intent_ambiguity,0.0,uncertainty_query_policy,unsafe_override,0.14333,0.01457,10,120
intent_ambiguity,0.0,uncertainty_query_policy,calibration_error,0.19210,0.01058,10,120
intent_ambiguity,0.0,uncertainty_query_policy,regret_to_oracle,0.20818,0.00746,10,120
intent_ambiguity,0.0,uncertainty_query_policy,intervention_sparsity,0.47118,0.01024,10,120
intent_ambiguity,0.0,uncertainty_query_policy,robust_utility,0.55384,0.02958,10,120
intent_ambiguity,0.2,active_entropy_query_policy,task_success,0.43167,0.02134,10,120
intent_ambiguity,0.2,active_entropy_query_policy,correction_efficiency,0.57542,0.03447,10,120
intent_ambiguity,0.2,active_entropy_query_policy,damage,0.04917,0.01450,10,120
intent_ambiguity,0.2,active_entropy_query_policy,intervention_magnitude,0.44569,0.00823,10,120
intent_ambiguity,0.2,active_entropy_query_policy,boundary_error,0.26763,0.00776,10,120
intent_ambiguity,0.2,active_entropy_query_policy,intent_preservation,0.58555,0.00442,10,120
intent_ambiguity,0.2,active_entropy_query_policy,query_rate,0.96583,0.01408,10,120
intent_ambiguity,0.2,active_entropy_query_policy,human_time,0.35451,0.00723,10,120
intent_ambiguity,0.2,active_entropy_query_policy,unsafe_override,0.10417,0.01404,10,120
intent_ambiguity,0.2,active_entropy_query_policy,calibration_error,0.20952,0.00597,10,120
intent_ambiguity,0.2,active_entropy_query_policy,regret_to_oracle,0.18578,0.00652,10,120
intent_ambiguity,0.2,active_entropy_query_policy,intervention_sparsity,0.54537,0.00578,10,120
intent_ambiguity,0.2,active_entropy_query_policy,robust_utility,0.59096,0.03057,10,120
intent_ambiguity,0.2,full_demo_imitation,task_success,0.34083,0.02760,10,120
intent_ambiguity,0.2,full_demo_imitation,correction_efficiency,0.35834,0.02744,10,120
intent_ambiguity,0.2,full_demo_imitation,damage,0.07500,0.01377,10,120
intent_ambiguity,0.2,full_demo_imitation,intervention_magnitude,0.54190,0.01608,10,120
intent_ambiguity,0.2,full_demo_imitation,boundary_error,0.47007,0.02518,10,120
intent_ambiguity,0.2,full_demo_imitation,intent_preservation,0.59080,0.00535,10,120
intent_ambiguity,0.2,full_demo_imitation,query_rate,1.00000,0.00000,10,120
intent_ambiguity,0.2,full_demo_imitation,human_time,0.77681,0.01029,10,120
intent_ambiguity,0.2,full_demo_imitation,unsafe_override,0.14917,0.02524,10,120
intent_ambiguity,0.2,full_demo_imitation,calibration_error,0.19142,0.01015,10,120
intent_ambiguity,0.2,full_demo_imitation,regret_to_oracle,0.26750,0.01157,10,120
intent_ambiguity,0.2,full_demo_imitation,intervention_sparsity,0.43211,0.01895,10,120
intent_ambiguity,0.2,full_demo_imitation,robust_utility,0.40235,0.03283,10,120
intent_ambiguity,0.2,minimum_intervention_boundary_learner_v5,task_success,0.49500,0.02658,10,120
intent_ambiguity,0.2,minimum_intervention_boundary_learner_v5,correction_efficiency,0.67009,0.03944,10,120
intent_ambiguity,0.2,minimum_intervention_boundary_learner_v5,damage,0.04500,0.01094,10,120
intent_ambiguity,0.2,minimum_intervention_boundary_learner_v5,intervention_magnitude,0.49710,0.00856,10,120
intent_ambiguity,0.2,minimum_intervention_boundary_learner_v5,boundary_error,0.18630,0.00635,10,120
intent_ambiguity,0.2,minimum_intervention_boundary_learner_v5,intent_preservation,0.59252,0.00436,10,120
intent_ambiguity,0.2,minimum_intervention_boundary_learner_v5,query_rate,1.00000,0.00000,10,120
intent_ambiguity,0.2,minimum_intervention_boundary_learner_v5,human_time,0.39814,0.00548,10,120
intent_ambiguity,0.2,minimum_intervention_boundary_learner_v5,unsafe_override,0.01417,0.00691,10,120
intent_ambiguity,0.2,minimum_intervention_boundary_learner_v5,calibration_error,0.15038,0.00503,10,120
intent_ambiguity,0.2,minimum_intervention_boundary_learner_v5,regret_to_oracle,0.11534,0.00347,10,120
intent_ambiguity,0.2,minimum_intervention_boundary_learner_v5,intervention_sparsity,0.49174,0.00414,10,120
intent_ambiguity,0.2,minimum_intervention_boundary_learner_v5,robust_utility,0.69875,0.03491,10,120
intent_ambiguity,0.2,oracle_minimal_correction,task_success,0.60333,0.01809,10,120
intent_ambiguity,0.2,oracle_minimal_correction,correction_efficiency,0.81233,0.03140,10,120
intent_ambiguity,0.2,oracle_minimal_correction,damage,0.04250,0.01101,10,120
intent_ambiguity,0.2,oracle_minimal_correction,intervention_magnitude,0.51943,0.00971,10,120
intent_ambiguity,0.2,oracle_minimal_correction,boundary_error,0.12069,0.00812,10,120
intent_ambiguity,0.2,oracle_minimal_correction,intent_preservation,0.58145,0.00480,10,120
intent_ambiguity,0.2,oracle_minimal_correction,query_rate,1.00000,0.00000,10,120
intent_ambiguity,0.2,oracle_minimal_correction,human_time,0.41244,0.00621,10,120
intent_ambiguity,0.2,oracle_minimal_correction,unsafe_override,0.00417,0.00365,10,120
intent_ambiguity,0.2,oracle_minimal_correction,calibration_error,0.36200,0.00490,10,120
intent_ambiguity,0.2,oracle_minimal_correction,regret_to_oracle,0.03156,0.00025,10,120
intent_ambiguity,0.2,oracle_minimal_correction,intervention_sparsity,0.47132,0.00319,10,120
intent_ambiguity,0.2,oracle_minimal_correction,robust_utility,0.83937,0.02452,10,120
intent_ambiguity,0.2,residual_correction_learner,task_success,0.34250,0.02947,10,120
intent_ambiguity,0.2,residual_correction_learner,correction_efficiency,0.41342,0.03906,10,120
intent_ambiguity,0.2,residual_correction_learner,damage,0.04917,0.01046,10,120
intent_ambiguity,0.2,residual_correction_learner,intervention_magnitude,0.38166,0.01341,10,120
intent_ambiguity,0.2,residual_correction_learner,boundary_error,0.48451,0.02384,10,120
intent_ambiguity,0.2,residual_correction_learner,intent_preservation,0.56898,0.00782,10,120
intent_ambiguity,0.2,residual_correction_learner,query_rate,1.00000,0.00000,10,120
intent_ambiguity,0.2,residual_correction_learner,human_time,0.32426,0.00858,10,120
intent_ambiguity,0.2,residual_correction_learner,unsafe_override,0.13667,0.01582,10,120
intent_ambiguity,0.2,residual_correction_learner,calibration_error,0.23831,0.01127,10,120
intent_ambiguity,0.2,residual_correction_learner,regret_to_oracle,0.29560,0.01044,10,120
intent_ambiguity,0.2,residual_correction_learner,intervention_sparsity,0.59931,0.01262,10,120
intent_ambiguity,0.2,residual_correction_learner,robust_utility,0.45896,0.04181,10,120
intent_ambiguity,0.2,robust_mpc_correction,task_success,0.56917,0.02081,10,120
intent_ambiguity,0.2,robust_mpc_correction,correction_efficiency,0.79961,0.03633,10,120
intent_ambiguity,0.2,robust_mpc_correction,damage,0.04583,0.01011,10,120
intent_ambiguity,0.2,robust_mpc_correction,intervention_magnitude,0.56766,0.01023,10,120
intent_ambiguity,0.2,robust_mpc_correction,boundary_error,0.10703,0.00433,10,120
intent_ambiguity,0.2,robust_mpc_correction,intent_preservation,0.56595,0.00481,10,120
intent_ambiguity,0.2,robust_mpc_correction,query_rate,1.00000,0.00000,10,120
intent_ambiguity,0.2,robust_mpc_correction,human_time,0.44330,0.00655,10,120
intent_ambiguity,0.2,robust_mpc_correction,unsafe_override,0.02500,0.00422,10,120
intent_ambiguity,0.2,robust_mpc_correction,calibration_error,0.04211,0.00446,10,120
intent_ambiguity,0.2,robust_mpc_correction,regret_to_oracle,0.05357,0.00183,10,120
intent_ambiguity,0.2,robust_mpc_correction,intervention_sparsity,0.42160,0.00312,10,120
intent_ambiguity,0.2,robust_mpc_correction,robust_utility,0.78895,0.02982,10,120
intent_ambiguity,0.2,uncertainty_query_policy,task_success,0.40583,0.02623,10,120
intent_ambiguity,0.2,uncertainty_query_policy,correction_efficiency,0.47737,0.04038,10,120
intent_ambiguity,0.2,uncertainty_query_policy,damage,0.06083,0.01652,10,120
intent_ambiguity,0.2,uncertainty_query_policy,intervention_magnitude,0.49308,0.01248,10,120
intent_ambiguity,0.2,uncertainty_query_policy,boundary_error,0.33456,0.01543,10,120
intent_ambiguity,0.2,uncertainty_query_policy,intent_preservation,0.57888,0.00514,10,120
intent_ambiguity,0.2,uncertainty_query_policy,query_rate,1.00000,0.00000,10,120
intent_ambiguity,0.2,uncertainty_query_policy,human_time,0.39557,0.00798,10,120
intent_ambiguity,0.2,uncertainty_query_policy,unsafe_override,0.14333,0.01835,10,120
intent_ambiguity,0.2,uncertainty_query_policy,calibration_error,0.20141,0.01112,10,120
intent_ambiguity,0.2,uncertainty_query_policy,regret_to_oracle,0.22489,0.00890,10,120
intent_ambiguity,0.2,uncertainty_query_policy,intervention_sparsity,0.48315,0.01495,10,120
intent_ambiguity,0.2,uncertainty_query_policy,robust_utility,0.52070,0.03550,10,120
intent_ambiguity,0.4,active_entropy_query_policy,task_success,0.41000,0.02358,10,120
intent_ambiguity,0.4,active_entropy_query_policy,correction_efficiency,0.53961,0.03079,10,120
intent_ambiguity,0.4,active_entropy_query_policy,damage,0.05333,0.01759,10,120
intent_ambiguity,0.4,active_entropy_query_policy,intervention_magnitude,0.42878,0.00697,10,120
intent_ambiguity,0.4,active_entropy_query_policy,boundary_error,0.28558,0.00890,10,120
intent_ambiguity,0.4,active_entropy_query_policy,intent_preservation,0.55023,0.00974,10,120
intent_ambiguity,0.4,active_entropy_query_policy,query_rate,1.00000,0.00000,10,120
intent_ambiguity,0.4,active_entropy_query_policy,human_time,0.35442,0.00446,10,120
intent_ambiguity,0.4,active_entropy_query_policy,unsafe_override,0.10500,0.01600,10,120
intent_ambiguity,0.4,active_entropy_query_policy,calibration_error,0.22367,0.00631,10,120
intent_ambiguity,0.4,active_entropy_query_policy,regret_to_oracle,0.19869,0.00602,10,120
intent_ambiguity,0.4,active_entropy_query_policy,intervention_sparsity,0.56157,0.00453,10,120
intent_ambiguity,0.4,active_entropy_query_policy,robust_utility,0.55524,0.03431,10,120
intent_ambiguity,0.4,full_demo_imitation,task_success,0.33333,0.02600,10,120
intent_ambiguity,0.4,full_demo_imitation,correction_efficiency,0.34037,0.02672,10,120
intent_ambiguity,0.4,full_demo_imitation,damage,0.07250,0.01335,10,120
intent_ambiguity,0.4,full_demo_imitation,intervention_magnitude,0.51353,0.01167,10,120
intent_ambiguity,0.4,full_demo_imitation,boundary_error,0.51605,0.02098,10,120
intent_ambiguity,0.4,full_demo_imitation,intent_preservation,0.57152,0.00819,10,120
intent_ambiguity,0.4,full_demo_imitation,query_rate,1.00000,0.00000,10,120
intent_ambiguity,0.4,full_demo_imitation,human_time,0.75866,0.00747,10,120
intent_ambiguity,0.4,full_demo_imitation,unsafe_override,0.13833,0.02778,10,120
intent_ambiguity,0.4,full_demo_imitation,calibration_error,0.21032,0.00535,10,120
intent_ambiguity,0.4,full_demo_imitation,regret_to_oracle,0.29696,0.00958,10,120
intent_ambiguity,0.4,full_demo_imitation,intervention_sparsity,0.45955,0.01225,10,120
intent_ambiguity,0.4,full_demo_imitation,robust_utility,0.39492,0.03291,10,120
intent_ambiguity,0.4,minimum_intervention_boundary_learner_v5,task_success,0.47917,0.03004,10,120
intent_ambiguity,0.4,minimum_intervention_boundary_learner_v5,correction_efficiency,0.64862,0.03764,10,120
intent_ambiguity,0.4,minimum_intervention_boundary_learner_v5,damage,0.04750,0.01090,10,120
intent_ambiguity,0.4,minimum_intervention_boundary_learner_v5,intervention_magnitude,0.48763,0.00714,10,120
intent_ambiguity,0.4,minimum_intervention_boundary_learner_v5,boundary_error,0.19229,0.01036,10,120
intent_ambiguity,0.4,minimum_intervention_boundary_learner_v5,intent_preservation,0.55416,0.00924,10,120
intent_ambiguity,0.4,minimum_intervention_boundary_learner_v5,query_rate,1.00000,0.00000,10,120
intent_ambiguity,0.4,minimum_intervention_boundary_learner_v5,human_time,0.39208,0.00457,10,120
intent_ambiguity,0.4,minimum_intervention_boundary_learner_v5,unsafe_override,0.01917,0.00772,10,120
intent_ambiguity,0.4,minimum_intervention_boundary_learner_v5,calibration_error,0.11802,0.00677,10,120
intent_ambiguity,0.4,minimum_intervention_boundary_learner_v5,regret_to_oracle,0.12076,0.00420,10,120
intent_ambiguity,0.4,minimum_intervention_boundary_learner_v5,intervention_sparsity,0.49827,0.00432,10,120
intent_ambiguity,0.4,minimum_intervention_boundary_learner_v5,robust_utility,0.67111,0.03678,10,120
intent_ambiguity,0.4,oracle_minimal_correction,task_success,0.59250,0.01909,10,120
intent_ambiguity,0.4,oracle_minimal_correction,correction_efficiency,0.80160,0.03056,10,120
intent_ambiguity,0.4,oracle_minimal_correction,damage,0.04833,0.01237,10,120
intent_ambiguity,0.4,oracle_minimal_correction,intervention_magnitude,0.51483,0.00800,10,120
intent_ambiguity,0.4,oracle_minimal_correction,boundary_error,0.12273,0.00848,10,120
intent_ambiguity,0.4,oracle_minimal_correction,intent_preservation,0.55165,0.00910,10,120
intent_ambiguity,0.4,oracle_minimal_correction,query_rate,1.00000,0.00000,10,120
intent_ambiguity,0.4,oracle_minimal_correction,human_time,0.40949,0.00512,10,120
intent_ambiguity,0.4,oracle_minimal_correction,unsafe_override,0.00833,0.00487,10,120
intent_ambiguity,0.4,oracle_minimal_correction,calibration_error,0.36723,0.00587,10,120
intent_ambiguity,0.4,oracle_minimal_correction,regret_to_oracle,0.03314,0.00065,10,120
intent_ambiguity,0.4,oracle_minimal_correction,intervention_sparsity,0.47177,0.00292,10,120
intent_ambiguity,0.4,oracle_minimal_correction,robust_utility,0.81826,0.02638,10,120
intent_ambiguity,0.4,residual_correction_learner,task_success,0.29750,0.03156,10,120
intent_ambiguity,0.4,residual_correction_learner,correction_efficiency,0.34164,0.03399,10,120
intent_ambiguity,0.4,residual_correction_learner,damage,0.04917,0.00988,10,120
intent_ambiguity,0.4,residual_correction_learner,intervention_magnitude,0.35553,0.01154,10,120
intent_ambiguity,0.4,residual_correction_learner,boundary_error,0.54025,0.01887,10,120
intent_ambiguity,0.4,residual_correction_learner,intent_preservation,0.54543,0.01033,10,120
intent_ambiguity,0.4,residual_correction_learner,query_rate,1.00000,0.00000,10,120
intent_ambiguity,0.4,residual_correction_learner,human_time,0.30754,0.00739,10,120
intent_ambiguity,0.4,residual_correction_learner,unsafe_override,0.14833,0.01735,10,120
intent_ambiguity,0.4,residual_correction_learner,calibration_error,0.26544,0.00950,10,120
intent_ambiguity,0.4,residual_correction_learner,regret_to_oracle,0.32602,0.01239,10,120
intent_ambiguity,0.4,residual_correction_learner,intervention_sparsity,0.62872,0.01048,10,120
intent_ambiguity,0.4,residual_correction_learner,robust_utility,0.39406,0.04063,10,120
intent_ambiguity,0.4,robust_mpc_correction,task_success,0.57083,0.03437,10,120
intent_ambiguity,0.4,robust_mpc_correction,correction_efficiency,0.79900,0.05064,10,120
intent_ambiguity,0.4,robust_mpc_correction,damage,0.04917,0.00988,10,120
intent_ambiguity,0.4,robust_mpc_correction,intervention_magnitude,0.56429,0.00703,10,120
intent_ambiguity,0.4,robust_mpc_correction,boundary_error,0.10965,0.00560,10,120
intent_ambiguity,0.4,robust_mpc_correction,intent_preservation,0.53299,0.00944,10,120
intent_ambiguity,0.4,robust_mpc_correction,query_rate,1.00000,0.00000,10,120
intent_ambiguity,0.4,robust_mpc_correction,human_time,0.44114,0.00450,10,120
intent_ambiguity,0.4,robust_mpc_correction,unsafe_override,0.03000,0.00815,10,120
intent_ambiguity,0.4,robust_mpc_correction,calibration_error,0.04359,0.00366,10,120
intent_ambiguity,0.4,robust_mpc_correction,regret_to_oracle,0.05504,0.00212,10,120
intent_ambiguity,0.4,robust_mpc_correction,intervention_sparsity,0.42139,0.00241,10,120
intent_ambiguity,0.4,robust_mpc_correction,robust_utility,0.78315,0.04382,10,120
intent_ambiguity,0.4,uncertainty_query_policy,task_success,0.38333,0.02023,10,120
intent_ambiguity,0.4,uncertainty_query_policy,correction_efficiency,0.44026,0.02444,10,120
intent_ambiguity,0.4,uncertainty_query_policy,damage,0.06250,0.01620,10,120
intent_ambiguity,0.4,uncertainty_query_policy,intervention_magnitude,0.47259,0.00694,10,120
intent_ambiguity,0.4,uncertainty_query_policy,boundary_error,0.36483,0.01316,10,120
intent_ambiguity,0.4,uncertainty_query_policy,intent_preservation,0.55366,0.00904,10,120
intent_ambiguity,0.4,uncertainty_query_policy,query_rate,1.00000,0.00000,10,120
intent_ambiguity,0.4,uncertainty_query_policy,human_time,0.38246,0.00444,10,120
intent_ambiguity,0.4,uncertainty_query_policy,unsafe_override,0.13083,0.01482,10,120
intent_ambiguity,0.4,uncertainty_query_policy,calibration_error,0.22073,0.00582,10,120
intent_ambiguity,0.4,uncertainty_query_policy,regret_to_oracle,0.24486,0.00727,10,120
intent_ambiguity,0.4,uncertainty_query_policy,intervention_sparsity,0.50323,0.00717,10,120
intent_ambiguity,0.4,uncertainty_query_policy,robust_utility,0.49098,0.03114,10,120
intent_ambiguity,0.6,active_entropy_query_policy,task_success,0.40833,0.03089,10,120
intent_ambiguity,0.6,active_entropy_query_policy,correction_efficiency,0.53747,0.04147,10,120
intent_ambiguity,0.6,active_entropy_query_policy,damage,0.05500,0.01582,10,120
intent_ambiguity,0.6,active_entropy_query_policy,intervention_magnitude,0.41328,0.00997,10,120
intent_ambiguity,0.6,active_entropy_query_policy,boundary_error,0.29856,0.01414,10,120
intent_ambiguity,0.6,active_entropy_query_policy,intent_preservation,0.51511,0.00625,10,120
intent_ambiguity,0.6,active_entropy_query_policy,query_rate,1.00000,0.00000,10,120
intent_ambiguity,0.6,active_entropy_query_policy,human_time,0.34450,0.00638,10,120
intent_ambiguity,0.6,active_entropy_query_policy,unsafe_override,0.10833,0.01420,10,120
intent_ambiguity,0.6,active_entropy_query_policy,calibration_error,0.23999,0.01054,10,120
intent_ambiguity,0.6,active_entropy_query_policy,regret_to_oracle,0.21836,0.00869,10,120
intent_ambiguity,0.6,active_entropy_query_policy,intervention_sparsity,0.57894,0.00907,10,120
intent_ambiguity,0.6,active_entropy_query_policy,robust_utility,0.54805,0.04259,10,120
intent_ambiguity,0.6,full_demo_imitation,task_success,0.30167,0.02005,10,120
intent_ambiguity,0.6,full_demo_imitation,correction_efficiency,0.29957,0.02359,10,120
intent_ambiguity,0.6,full_demo_imitation,damage,0.07167,0.01690,10,120
intent_ambiguity,0.6,full_demo_imitation,intervention_magnitude,0.50963,0.01379,10,120
intent_ambiguity,0.6,full_demo_imitation,boundary_error,0.56278,0.01794,10,120
intent_ambiguity,0.6,full_demo_imitation,intent_preservation,0.55814,0.00875,10,120
intent_ambiguity,0.6,full_demo_imitation,query_rate,1.00000,0.00000,10,120
intent_ambiguity,0.6,full_demo_imitation,human_time,0.75616,0.00883,10,120
intent_ambiguity,0.6,full_demo_imitation,unsafe_override,0.13583,0.02081,10,120
intent_ambiguity,0.6,full_demo_imitation,calibration_error,0.22185,0.00622,10,120
intent_ambiguity,0.6,full_demo_imitation,regret_to_oracle,0.31628,0.01001,10,120
intent_ambiguity,0.6,full_demo_imitation,intervention_sparsity,0.45975,0.01438,10,120
intent_ambiguity,0.6,full_demo_imitation,robust_utility,0.35379,0.02916,10,120
intent_ambiguity,0.6,minimum_intervention_boundary_learner_v5,task_success,0.46750,0.02627,10,120
intent_ambiguity,0.6,minimum_intervention_boundary_learner_v5,correction_efficiency,0.63262,0.03389,10,120
intent_ambiguity,0.6,minimum_intervention_boundary_learner_v5,damage,0.04917,0.00787,10,120
intent_ambiguity,0.6,minimum_intervention_boundary_learner_v5,intervention_magnitude,0.48164,0.00974,10,120
intent_ambiguity,0.6,minimum_intervention_boundary_learner_v5,boundary_error,0.19603,0.00994,10,120
intent_ambiguity,0.6,minimum_intervention_boundary_learner_v5,intent_preservation,0.51801,0.00636,10,120
intent_ambiguity,0.6,minimum_intervention_boundary_learner_v5,query_rate,1.00000,0.00000,10,120
intent_ambiguity,0.6,minimum_intervention_boundary_learner_v5,human_time,0.38825,0.00624,10,120
intent_ambiguity,0.6,minimum_intervention_boundary_learner_v5,unsafe_override,0.01417,0.01117,10,120
intent_ambiguity,0.6,minimum_intervention_boundary_learner_v5,calibration_error,0.11241,0.00716,10,120
intent_ambiguity,0.6,minimum_intervention_boundary_learner_v5,regret_to_oracle,0.13069,0.00623,10,120
intent_ambiguity,0.6,minimum_intervention_boundary_learner_v5,intervention_sparsity,0.50737,0.00713,10,120
intent_ambiguity,0.6,minimum_intervention_boundary_learner_v5,robust_utility,0.65238,0.03650,10,120
intent_ambiguity,0.6,oracle_minimal_correction,task_success,0.59167,0.01651,10,120
intent_ambiguity,0.6,oracle_minimal_correction,correction_efficiency,0.81186,0.02798,10,120
intent_ambiguity,0.6,oracle_minimal_correction,damage,0.04833,0.01163,10,120
intent_ambiguity,0.6,oracle_minimal_correction,intervention_magnitude,0.51943,0.00717,10,120
intent_ambiguity,0.6,oracle_minimal_correction,boundary_error,0.12235,0.00618,10,120
intent_ambiguity,0.6,oracle_minimal_correction,intent_preservation,0.52291,0.00637,10,120
intent_ambiguity,0.6,oracle_minimal_correction,query_rate,1.00000,0.00000,10,120
intent_ambiguity,0.6,oracle_minimal_correction,human_time,0.41243,0.00459,10,120
intent_ambiguity,0.6,oracle_minimal_correction,unsafe_override,0.00500,0.00436,10,120
intent_ambiguity,0.6,oracle_minimal_correction,calibration_error,0.36877,0.00463,10,120
intent_ambiguity,0.6,oracle_minimal_correction,regret_to_oracle,0.03460,0.00048,10,120
intent_ambiguity,0.6,oracle_minimal_correction,intervention_sparsity,0.47160,0.00256,10,120
intent_ambiguity,0.6,oracle_minimal_correction,robust_utility,0.81674,0.02132,10,120
intent_ambiguity,0.6,residual_correction_learner,task_success,0.29083,0.03271,10,120
intent_ambiguity,0.6,residual_correction_learner,correction_efficiency,0.32690,0.03252,10,120
intent_ambiguity,0.6,residual_correction_learner,damage,0.04917,0.01101,10,120
intent_ambiguity,0.6,residual_correction_learner,intervention_magnitude,0.34286,0.00817,10,120
intent_ambiguity,0.6,residual_correction_learner,boundary_error,0.56656,0.01667,10,120
intent_ambiguity,0.6,residual_correction_learner,intent_preservation,0.52486,0.00626,10,120
intent_ambiguity,0.6,residual_correction_learner,query_rate,1.00000,0.00000,10,120
intent_ambiguity,0.6,residual_correction_learner,human_time,0.29943,0.00523,10,120
intent_ambiguity,0.6,residual_correction_learner,unsafe_override,0.14083,0.01490,10,120
intent_ambiguity,0.6,residual_correction_learner,calibration_error,0.27256,0.00722,10,120
intent_ambiguity,0.6,residual_correction_learner,regret_to_oracle,0.33853,0.00756,10,120
intent_ambiguity,0.6,residual_correction_learner,intervention_sparsity,0.63665,0.00835,10,120
intent_ambiguity,0.6,residual_correction_learner,robust_utility,0.38434,0.04117,10,120
intent_ambiguity,0.6,robust_mpc_correction,task_success,0.56250,0.03251,10,120
intent_ambiguity,0.6,robust_mpc_correction,correction_efficiency,0.79052,0.04910,10,120
intent_ambiguity,0.6,robust_mpc_correction,damage,0.05417,0.00981,10,120
intent_ambiguity,0.6,robust_mpc_correction,intervention_magnitude,0.56708,0.00838,10,120
intent_ambiguity,0.6,robust_mpc_correction,boundary_error,0.11029,0.00479,10,120
intent_ambiguity,0.6,robust_mpc_correction,intent_preservation,0.50306,0.00638,10,120
intent_ambiguity,0.6,robust_mpc_correction,query_rate,1.00000,0.00000,10,120
intent_ambiguity,0.6,robust_mpc_correction,human_time,0.44293,0.00536,10,120
intent_ambiguity,0.6,robust_mpc_correction,unsafe_override,0.03000,0.00653,10,120
intent_ambiguity,0.6,robust_mpc_correction,calibration_error,0.04402,0.00420,10,120
intent_ambiguity,0.6,robust_mpc_correction,regret_to_oracle,0.05851,0.00236,10,120
intent_ambiguity,0.6,robust_mpc_correction,intervention_sparsity,0.42251,0.00304,10,120
intent_ambiguity,0.6,robust_mpc_correction,robust_utility,0.76644,0.04254,10,120
intent_ambiguity,0.6,uncertainty_query_policy,task_success,0.36333,0.02011,10,120
intent_ambiguity,0.6,uncertainty_query_policy,correction_efficiency,0.41023,0.02672,10,120
intent_ambiguity,0.6,uncertainty_query_policy,damage,0.05833,0.01441,10,120
intent_ambiguity,0.6,uncertainty_query_policy,intervention_magnitude,0.46058,0.01176,10,120
intent_ambiguity,0.6,uncertainty_query_policy,boundary_error,0.39981,0.01429,10,120
intent_ambiguity,0.6,uncertainty_query_policy,intent_preservation,0.53550,0.00823,10,120
intent_ambiguity,0.6,uncertainty_query_policy,query_rate,1.00000,0.00000,10,120
intent_ambiguity,0.6,uncertainty_query_policy,human_time,0.37477,0.00753,10,120
intent_ambiguity,0.6,uncertainty_query_policy,unsafe_override,0.13000,0.01742,10,120
intent_ambiguity,0.6,uncertainty_query_policy,calibration_error,0.24056,0.00910,10,120
intent_ambiguity,0.6,uncertainty_query_policy,regret_to_oracle,0.26802,0.00790,10,120
intent_ambiguity,0.6,uncertainty_query_policy,intervention_sparsity,0.51555,0.01036,10,120
intent_ambiguity,0.6,uncertainty_query_policy,robust_utility,0.46538,0.02958,10,120
intent_ambiguity,0.8,active_entropy_query_policy,task_success,0.38833,0.01424,10,120
intent_ambiguity,0.8,active_entropy_query_policy,correction_efficiency,0.52053,0.02202,10,120
intent_ambiguity,0.8,active_entropy_query_policy,damage,0.05417,0.01486,10,120
intent_ambiguity,0.8,active_entropy_query_policy,intervention_magnitude,0.40102,0.00781,10,120
intent_ambiguity,0.8,active_entropy_query_policy,boundary_error,0.30822,0.01080,10,120
intent_ambiguity,0.8,active_entropy_query_policy,intent_preservation,0.48135,0.00837,10,120
intent_ambiguity,0.8,active_entropy_query_policy,query_rate,1.00000,0.00000,10,120
intent_ambiguity,0.8,active_entropy_query_policy,human_time,0.33665,0.00500,10,120
intent_ambiguity,0.8,active_entropy_query_policy,unsafe_override,0.10333,0.00949,10,120
intent_ambiguity,0.8,active_entropy_query_policy,calibration_error,0.24139,0.00612,10,120
intent_ambiguity,0.8,active_entropy_query_policy,regret_to_oracle,0.22028,0.00583,10,120
intent_ambiguity,0.8,active_entropy_query_policy,intervention_sparsity,0.58372,0.00682,10,120
intent_ambiguity,0.8,active_entropy_query_policy,robust_utility,0.52236,0.02067,10,120
intent_ambiguity,0.8,full_demo_imitation,task_success,0.28083,0.03303,10,120
intent_ambiguity,0.8,full_demo_imitation,correction_efficiency,0.27058,0.03470,10,120
intent_ambiguity,0.8,full_demo_imitation,damage,0.06750,0.01179,10,120
intent_ambiguity,0.8,full_demo_imitation,intervention_magnitude,0.50004,0.00828,10,120
intent_ambiguity,0.8,full_demo_imitation,boundary_error,0.59989,0.02015,10,120
intent_ambiguity,0.8,full_demo_imitation,intent_preservation,0.53937,0.00554,10,120
intent_ambiguity,0.8,full_demo_imitation,query_rate,1.00000,0.00000,10,120
intent_ambiguity,0.8,full_demo_imitation,human_time,0.75003,0.00530,10,120
intent_ambiguity,0.8,full_demo_imitation,unsafe_override,0.14583,0.02736,10,120
intent_ambiguity,0.8,full_demo_imitation,calibration_error,0.22505,0.00426,10,120
intent_ambiguity,0.8,full_demo_imitation,regret_to_oracle,0.32543,0.00845,10,120
intent_ambiguity,0.8,full_demo_imitation,intervention_sparsity,0.46414,0.00780,10,120
intent_ambiguity,0.8,full_demo_imitation,robust_utility,0.32400,0.04275,10,120
intent_ambiguity,0.8,minimum_intervention_boundary_learner_v5,task_success,0.47583,0.03122,10,120
intent_ambiguity,0.8,minimum_intervention_boundary_learner_v5,correction_efficiency,0.65561,0.04782,10,120
intent_ambiguity,0.8,minimum_intervention_boundary_learner_v5,damage,0.04917,0.00988,10,120
intent_ambiguity,0.8,minimum_intervention_boundary_learner_v5,intervention_magnitude,0.47413,0.00880,10,120
intent_ambiguity,0.8,minimum_intervention_boundary_learner_v5,boundary_error,0.19509,0.01275,10,120
intent_ambiguity,0.8,minimum_intervention_boundary_learner_v5,intent_preservation,0.48465,0.00811,10,120
intent_ambiguity,0.8,minimum_intervention_boundary_learner_v5,query_rate,1.00000,0.00000,10,120
intent_ambiguity,0.8,minimum_intervention_boundary_learner_v5,human_time,0.38345,0.00563,10,120
intent_ambiguity,0.8,minimum_intervention_boundary_learner_v5,unsafe_override,0.01667,0.00689,10,120
intent_ambiguity,0.8,minimum_intervention_boundary_learner_v5,calibration_error,0.11693,0.00413,10,120
intent_ambiguity,0.8,minimum_intervention_boundary_learner_v5,regret_to_oracle,0.12623,0.00501,10,120
intent_ambiguity,0.8,minimum_intervention_boundary_learner_v5,intervention_sparsity,0.50355,0.00621,10,120
intent_ambiguity,0.8,minimum_intervention_boundary_learner_v5,robust_utility,0.66076,0.04004,10,120
intent_ambiguity,0.8,oracle_minimal_correction,task_success,0.59333,0.02134,10,120
intent_ambiguity,0.8,oracle_minimal_correction,correction_efficiency,0.82092,0.03006,10,120
intent_ambiguity,0.8,oracle_minimal_correction,damage,0.05000,0.01168,10,120
intent_ambiguity,0.8,oracle_minimal_correction,intervention_magnitude,0.50636,0.00818,10,120
intent_ambiguity,0.8,oracle_minimal_correction,boundary_error,0.12486,0.01256,10,120
intent_ambiguity,0.8,oracle_minimal_correction,intent_preservation,0.49846,0.00773,10,120
intent_ambiguity,0.8,oracle_minimal_correction,query_rate,1.00000,0.00000,10,120
intent_ambiguity,0.8,oracle_minimal_correction,human_time,0.40407,0.00524,10,120
intent_ambiguity,0.8,oracle_minimal_correction,unsafe_override,0.00583,0.00425,10,120
intent_ambiguity,0.8,oracle_minimal_correction,calibration_error,0.37365,0.00952,10,120
intent_ambiguity,0.8,oracle_minimal_correction,regret_to_oracle,0.03538,0.00052,10,120
intent_ambiguity,0.8,oracle_minimal_correction,intervention_sparsity,0.47266,0.00435,10,120
intent_ambiguity,0.8,oracle_minimal_correction,robust_utility,0.81655,0.02664,10,120
intent_ambiguity,0.8,residual_correction_learner,task_success,0.26667,0.02722,10,120
intent_ambiguity,0.8,residual_correction_learner,correction_efficiency,0.29659,0.03927,10,120
intent_ambiguity,0.8,residual_correction_learner,damage,0.04833,0.00937,10,120
intent_ambiguity,0.8,residual_correction_learner,intervention_magnitude,0.33704,0.00893,10,120
intent_ambiguity,0.8,residual_correction_learner,boundary_error,0.58875,0.01564,10,120
intent_ambiguity,0.8,residual_correction_learner,intent_preservation,0.50896,0.00856,10,120
intent_ambiguity,0.8,residual_correction_learner,query_rate,1.00000,0.00000,10,120
intent_ambiguity,0.8,residual_correction_learner,human_time,0.29570,0.00572,10,120
intent_ambiguity,0.8,residual_correction_learner,unsafe_override,0.14250,0.01877,10,120
intent_ambiguity,0.8,residual_correction_learner,calibration_error,0.27601,0.00697,10,120
intent_ambiguity,0.8,residual_correction_learner,regret_to_oracle,0.34233,0.00827,10,120
intent_ambiguity,0.8,residual_correction_learner,intervention_sparsity,0.63856,0.01011,10,120
intent_ambiguity,0.8,residual_correction_learner,robust_utility,0.35167,0.03713,10,120
intent_ambiguity,0.8,robust_mpc_correction,task_success,0.56583,0.02996,10,120
intent_ambiguity,0.8,robust_mpc_correction,correction_efficiency,0.81182,0.04145,10,120
intent_ambiguity,0.8,robust_mpc_correction,damage,0.05417,0.01068,10,120
intent_ambiguity,0.8,robust_mpc_correction,intervention_magnitude,0.55950,0.00774,10,120
intent_ambiguity,0.8,robust_mpc_correction,boundary_error,0.10761,0.00430,10,120
intent_ambiguity,0.8,robust_mpc_correction,intent_preservation,0.47482,0.00834,10,120
intent_ambiguity,0.8,robust_mpc_correction,query_rate,1.00000,0.00000,10,120
intent_ambiguity,0.8,robust_mpc_correction,human_time,0.43808,0.00495,10,120
intent_ambiguity,0.8,robust_mpc_correction,unsafe_override,0.03250,0.00859,10,120
intent_ambiguity,0.8,robust_mpc_correction,calibration_error,0.03971,0.00461,10,120
intent_ambiguity,0.8,robust_mpc_correction,regret_to_oracle,0.05504,0.00230,10,120
intent_ambiguity,0.8,robust_mpc_correction,intervention_sparsity,0.41686,0.00345,10,120
intent_ambiguity,0.8,robust_mpc_correction,robust_utility,0.77002,0.03655,10,120
intent_ambiguity,0.8,uncertainty_query_policy,task_success,0.35250,0.03109,10,120
intent_ambiguity,0.8,uncertainty_query_policy,correction_efficiency,0.39462,0.03456,10,120
intent_ambiguity,0.8,uncertainty_query_policy,damage,0.05917,0.01154,10,120
intent_ambiguity,0.8,uncertainty_query_policy,intervention_magnitude,0.44685,0.00759,10,120
intent_ambiguity,0.8,uncertainty_query_policy,boundary_error,0.42338,0.01262,10,120
intent_ambiguity,0.8,uncertainty_query_policy,intent_preservation,0.50990,0.00658,10,120
intent_ambiguity,0.8,uncertainty_query_policy,query_rate,1.00000,0.00000,10,120
intent_ambiguity,0.8,uncertainty_query_policy,human_time,0.36599,0.00486,10,120
intent_ambiguity,0.8,uncertainty_query_policy,unsafe_override,0.13833,0.01544,10,120
intent_ambiguity,0.8,uncertainty_query_policy,calibration_error,0.24540,0.00430,10,120
intent_ambiguity,0.8,uncertainty_query_policy,regret_to_oracle,0.27464,0.00697,10,120
intent_ambiguity,0.8,uncertainty_query_policy,intervention_sparsity,0.52245,0.00679,10,120
intent_ambiguity,0.8,uncertainty_query_policy,robust_utility,0.44576,0.03850,10,120
intent_ambiguity,1.0,active_entropy_query_policy,task_success,0.37500,0.02191,10,120
intent_ambiguity,1.0,active_entropy_query_policy,correction_efficiency,0.49800,0.02668,10,120
intent_ambiguity,1.0,active_entropy_query_policy,damage,0.05917,0.01623,10,120
intent_ambiguity,1.0,active_entropy_query_policy,intervention_magnitude,0.39829,0.00794,10,120
intent_ambiguity,1.0,active_entropy_query_policy,boundary_error,0.31984,0.00941,10,120
intent_ambiguity,1.0,active_entropy_query_policy,intent_preservation,0.44845,0.00676,10,120
intent_ambiguity,1.0,active_entropy_query_policy,query_rate,1.00000,0.00000,10,120
intent_ambiguity,1.0,active_entropy_query_policy,human_time,0.33490,0.00508,10,120
intent_ambiguity,1.0,active_entropy_query_policy,unsafe_override,0.11000,0.01477,10,120
intent_ambiguity,1.0,active_entropy_query_policy,calibration_error,0.25153,0.00661,10,120
intent_ambiguity,1.0,active_entropy_query_policy,regret_to_oracle,0.23153,0.01041,10,120
intent_ambiguity,1.0,active_entropy_query_policy,intervention_sparsity,0.59122,0.00765,10,120
intent_ambiguity,1.0,active_entropy_query_policy,robust_utility,0.49578,0.03308,10,120
intent_ambiguity,1.0,full_demo_imitation,task_success,0.26750,0.02582,10,120
intent_ambiguity,1.0,full_demo_imitation,correction_efficiency,0.25451,0.02379,10,120
intent_ambiguity,1.0,full_demo_imitation,damage,0.07083,0.01199,10,120
intent_ambiguity,1.0,full_demo_imitation,intervention_magnitude,0.49177,0.01335,10,120
intent_ambiguity,1.0,full_demo_imitation,boundary_error,0.62184,0.02073,10,120
intent_ambiguity,1.0,full_demo_imitation,intent_preservation,0.52862,0.00858,10,120
intent_ambiguity,1.0,full_demo_imitation,query_rate,1.00000,0.00000,10,120
intent_ambiguity,1.0,full_demo_imitation,human_time,0.74474,0.00854,10,120
intent_ambiguity,1.0,full_demo_imitation,unsafe_override,0.13167,0.02763,10,120
intent_ambiguity,1.0,full_demo_imitation,calibration_error,0.23108,0.00626,10,120
intent_ambiguity,1.0,full_demo_imitation,regret_to_oracle,0.33872,0.01175,10,120
intent_ambiguity,1.0,full_demo_imitation,intervention_sparsity,0.47831,0.01543,10,120
intent_ambiguity,1.0,full_demo_imitation,robust_utility,0.30892,0.03027,10,120
intent_ambiguity,1.0,minimum_intervention_boundary_learner_v5,task_success,0.46000,0.02333,10,120
intent_ambiguity,1.0,minimum_intervention_boundary_learner_v5,correction_efficiency,0.63907,0.03102,10,120
intent_ambiguity,1.0,minimum_intervention_boundary_learner_v5,damage,0.05167,0.00904,10,120
intent_ambiguity,1.0,minimum_intervention_boundary_learner_v5,intervention_magnitude,0.47962,0.00726,10,120
intent_ambiguity,1.0,minimum_intervention_boundary_learner_v5,boundary_error,0.18999,0.00750,10,120
intent_ambiguity,1.0,minimum_intervention_boundary_learner_v5,intent_preservation,0.45088,0.00689,10,120
intent_ambiguity,1.0,minimum_intervention_boundary_learner_v5,query_rate,1.00000,0.00000,10,120
intent_ambiguity,1.0,minimum_intervention_boundary_learner_v5,human_time,0.38696,0.00464,10,120
intent_ambiguity,1.0,minimum_intervention_boundary_learner_v5,unsafe_override,0.01583,0.00514,10,120
intent_ambiguity,1.0,minimum_intervention_boundary_learner_v5,calibration_error,0.12691,0.00151,10,120
intent_ambiguity,1.0,minimum_intervention_boundary_learner_v5,regret_to_oracle,0.12842,0.00665,10,120
intent_ambiguity,1.0,minimum_intervention_boundary_learner_v5,intervention_sparsity,0.50389,0.00492,10,120
intent_ambiguity,1.0,minimum_intervention_boundary_learner_v5,robust_utility,0.63569,0.03015,10,120
intent_ambiguity,1.0,oracle_minimal_correction,task_success,0.57583,0.01846,10,120
intent_ambiguity,1.0,oracle_minimal_correction,correction_efficiency,0.79417,0.02017,10,120
intent_ambiguity,1.0,oracle_minimal_correction,damage,0.05250,0.01335,10,120
intent_ambiguity,1.0,oracle_minimal_correction,intervention_magnitude,0.51471,0.00950,10,120
intent_ambiguity,1.0,oracle_minimal_correction,boundary_error,0.12304,0.00894,10,120
intent_ambiguity,1.0,oracle_minimal_correction,intent_preservation,0.46898,0.00695,10,120
intent_ambiguity,1.0,oracle_minimal_correction,query_rate,1.00000,0.00000,10,120
intent_ambiguity,1.0,oracle_minimal_correction,human_time,0.40942,0.00608,10,120
intent_ambiguity,1.0,oracle_minimal_correction,unsafe_override,0.00500,0.00555,10,120
intent_ambiguity,1.0,oracle_minimal_correction,calibration_error,0.37693,0.00638,10,120
intent_ambiguity,1.0,oracle_minimal_correction,regret_to_oracle,0.03672,0.00048,10,120
intent_ambiguity,1.0,oracle_minimal_correction,intervention_sparsity,0.47156,0.00337,10,120
intent_ambiguity,1.0,oracle_minimal_correction,robust_utility,0.78797,0.01866,10,120
intent_ambiguity,1.0,residual_correction_learner,task_success,0.26250,0.02945,10,120
intent_ambiguity,1.0,residual_correction_learner,correction_efficiency,0.28905,0.03258,10,120
intent_ambiguity,1.0,residual_correction_learner,damage,0.05000,0.01265,10,120
intent_ambiguity,1.0,residual_correction_learner,intervention_magnitude,0.32911,0.00649,10,120
intent_ambiguity,1.0,residual_correction_learner,boundary_error,0.60918,0.01222,10,120
intent_ambiguity,1.0,residual_correction_learner,intent_preservation,0.50125,0.00777,10,120
intent_ambiguity,1.0,residual_correction_learner,query_rate,1.00000,0.00000,10,120
intent_ambiguity,1.0,residual_correction_learner,human_time,0.29063,0.00415,10,120
intent_ambiguity,1.0,residual_correction_learner,unsafe_override,0.13583,0.01652,10,120
intent_ambiguity,1.0,residual_correction_learner,calibration_error,0.28712,0.00679,10,120
intent_ambiguity,1.0,residual_correction_learner,regret_to_oracle,0.35487,0.00940,10,120
intent_ambiguity,1.0,residual_correction_learner,intervention_sparsity,0.64875,0.00959,10,120
intent_ambiguity,1.0,residual_correction_learner,robust_utility,0.34658,0.04094,10,120
intent_ambiguity,1.0,robust_mpc_correction,task_success,0.56000,0.03154,10,120
intent_ambiguity,1.0,robust_mpc_correction,correction_efficiency,0.79983,0.05123,10,120
intent_ambiguity,1.0,robust_mpc_correction,damage,0.05583,0.01117,10,120
intent_ambiguity,1.0,robust_mpc_correction,intervention_magnitude,0.56674,0.00868,10,120
intent_ambiguity,1.0,robust_mpc_correction,boundary_error,0.10595,0.00334,10,120
intent_ambiguity,1.0,robust_mpc_correction,intent_preservation,0.44623,0.00683,10,120
intent_ambiguity,1.0,robust_mpc_correction,query_rate,1.00000,0.00000,10,120
intent_ambiguity,1.0,robust_mpc_correction,human_time,0.44271,0.00555,10,120
intent_ambiguity,1.0,robust_mpc_correction,unsafe_override,0.03250,0.00514,10,120
intent_ambiguity,1.0,robust_mpc_correction,calibration_error,0.03975,0.00223,10,120
intent_ambiguity,1.0,robust_mpc_correction,regret_to_oracle,0.05571,0.00243,10,120
intent_ambiguity,1.0,robust_mpc_correction,intervention_sparsity,0.41791,0.00249,10,120
intent_ambiguity,1.0,robust_mpc_correction,robust_utility,0.75681,0.04180,10,120
intent_ambiguity,1.0,uncertainty_query_policy,task_success,0.32083,0.02474,10,120
intent_ambiguity,1.0,uncertainty_query_policy,correction_efficiency,0.35034,0.02988,10,120
intent_ambiguity,1.0,uncertainty_query_policy,damage,0.06250,0.01425,10,120
intent_ambiguity,1.0,uncertainty_query_policy,intervention_magnitude,0.44281,0.01106,10,120
intent_ambiguity,1.0,uncertainty_query_policy,boundary_error,0.43794,0.01323,10,120
intent_ambiguity,1.0,uncertainty_query_policy,intent_preservation,0.49041,0.00798,10,120
intent_ambiguity,1.0,uncertainty_query_policy,query_rate,1.00000,0.00000,10,120
intent_ambiguity,1.0,uncertainty_query_policy,human_time,0.36340,0.00708,10,120
intent_ambiguity,1.0,uncertainty_query_policy,unsafe_override,0.13583,0.01441,10,120
intent_ambiguity,1.0,uncertainty_query_policy,calibration_error,0.25604,0.00792,10,120
intent_ambiguity,1.0,uncertainty_query_policy,regret_to_oracle,0.28595,0.01128,10,120
intent_ambiguity,1.0,uncertainty_query_policy,intervention_sparsity,0.53312,0.01371,10,120
intent_ambiguity,1.0,uncertainty_query_policy,robust_utility,0.40143,0.03716,10,120
overcorrection_bias,0.0,active_entropy_query_policy,task_success,0.35750,0.02416,10,120
overcorrection_bias,0.0,active_entropy_query_policy,correction_efficiency,0.46446,0.03126,10,120
overcorrection_bias,0.0,active_entropy_query_policy,damage,0.05417,0.01601,10,120
overcorrection_bias,0.0,active_entropy_query_policy,intervention_magnitude,0.37532,0.00944,10,120
overcorrection_bias,0.0,active_entropy_query_policy,boundary_error,0.33568,0.01152,10,120
overcorrection_bias,0.0,active_entropy_query_policy,intent_preservation,0.52018,0.00644,10,120
overcorrection_bias,0.0,active_entropy_query_policy,query_rate,1.00000,0.00000,10,120
overcorrection_bias,0.0,active_entropy_query_policy,human_time,0.32020,0.00604,10,120
overcorrection_bias,0.0,active_entropy_query_policy,unsafe_override,0.09833,0.01683,10,120
overcorrection_bias,0.0,active_entropy_query_policy,calibration_error,0.27186,0.00706,10,120
overcorrection_bias,0.0,active_entropy_query_policy,regret_to_oracle,0.25199,0.00602,10,120
overcorrection_bias,0.0,active_entropy_query_policy,intervention_sparsity,0.61115,0.00666,10,120
overcorrection_bias,0.0,active_entropy_query_policy,robust_utility,0.48775,0.03396,10,120
overcorrection_bias,0.0,full_demo_imitation,task_success,0.24750,0.03042,10,120
overcorrection_bias,0.0,full_demo_imitation,correction_efficiency,0.22441,0.03121,10,120
overcorrection_bias,0.0,full_demo_imitation,damage,0.07084,0.01486,10,120
overcorrection_bias,0.0,full_demo_imitation,intervention_magnitude,0.44633,0.00868,10,120
overcorrection_bias,0.0,full_demo_imitation,boundary_error,0.63188,0.02161,10,120
overcorrection_bias,0.0,full_demo_imitation,intent_preservation,0.56034,0.01020,10,120
overcorrection_bias,0.0,full_demo_imitation,query_rate,1.00000,0.00000,10,120
overcorrection_bias,0.0,full_demo_imitation,human_time,0.71565,0.00555,10,120
overcorrection_bias,0.0,full_demo_imitation,unsafe_override,0.12000,0.02449,10,120
overcorrection_bias,0.0,full_demo_imitation,calibration_error,0.25197,0.00574,10,120
overcorrection_bias,0.0,full_demo_imitation,regret_to_oracle,0.36999,0.01167,10,120
overcorrection_bias,0.0,full_demo_imitation,intervention_sparsity,0.51270,0.01656,10,120
overcorrection_bias,0.0,full_demo_imitation,robust_utility,0.29271,0.03619,10,120
overcorrection_bias,0.0,minimum_intervention_boundary_learner_v5,task_success,0.47333,0.02899,10,120
overcorrection_bias,0.0,minimum_intervention_boundary_learner_v5,correction_efficiency,0.65300,0.04878,10,120
overcorrection_bias,0.0,minimum_intervention_boundary_learner_v5,damage,0.04750,0.00772,10,120
overcorrection_bias,0.0,minimum_intervention_boundary_learner_v5,intervention_magnitude,0.46518,0.01170,10,120
overcorrection_bias,0.0,minimum_intervention_boundary_learner_v5,boundary_error,0.20565,0.01408,10,120
overcorrection_bias,0.0,minimum_intervention_boundary_learner_v5,intent_preservation,0.52196,0.00603,10,120
overcorrection_bias,0.0,minimum_intervention_boundary_learner_v5,query_rate,1.00000,0.00000,10,120
overcorrection_bias,0.0,minimum_intervention_boundary_learner_v5,human_time,0.37772,0.00749,10,120
overcorrection_bias,0.0,minimum_intervention_boundary_learner_v5,unsafe_override,0.00750,0.00381,10,120
overcorrection_bias,0.0,minimum_intervention_boundary_learner_v5,calibration_error,0.11923,0.00681,10,120
overcorrection_bias,0.0,minimum_intervention_boundary_learner_v5,regret_to_oracle,0.14426,0.00425,10,120
overcorrection_bias,0.0,minimum_intervention_boundary_learner_v5,intervention_sparsity,0.51654,0.00718,10,120
overcorrection_bias,0.0,minimum_intervention_boundary_learner_v5,robust_utility,0.66688,0.03941,10,120
overcorrection_bias,0.0,oracle_minimal_correction,task_success,0.59667,0.01889,10,120
overcorrection_bias,0.0,oracle_minimal_correction,correction_efficiency,0.82850,0.02654,10,120
overcorrection_bias,0.0,oracle_minimal_correction,damage,0.04750,0.01063,10,120
overcorrection_bias,0.0,oracle_minimal_correction,intervention_magnitude,0.51465,0.01051,10,120
overcorrection_bias,0.0,oracle_minimal_correction,boundary_error,0.11710,0.00965,10,120
overcorrection_bias,0.0,oracle_minimal_correction,intent_preservation,0.52639,0.00586,10,120
overcorrection_bias,0.0,oracle_minimal_correction,query_rate,1.00000,0.00000,10,120
overcorrection_bias,0.0,oracle_minimal_correction,human_time,0.40937,0.00673,10,120
overcorrection_bias,0.0,oracle_minimal_correction,unsafe_override,0.00500,0.00361,10,120
overcorrection_bias,0.0,oracle_minimal_correction,calibration_error,0.36375,0.00651,10,120
overcorrection_bias,0.0,oracle_minimal_correction,regret_to_oracle,0.03521,0.00057,10,120
overcorrection_bias,0.0,oracle_minimal_correction,intervention_sparsity,0.46980,0.00285,10,120
overcorrection_bias,0.0,oracle_minimal_correction,robust_utility,0.82633,0.02333,10,120
overcorrection_bias,0.0,residual_correction_learner,task_success,0.23500,0.03116,10,120
overcorrection_bias,0.0,residual_correction_learner,correction_efficiency,0.24390,0.03518,10,120
overcorrection_bias,0.0,residual_correction_learner,damage,0.04750,0.01117,10,120
overcorrection_bias,0.0,residual_correction_learner,intervention_magnitude,0.28830,0.00545,10,120
overcorrection_bias,0.0,residual_correction_learner,boundary_error,0.64167,0.01530,10,120
overcorrection_bias,0.0,residual_correction_learner,intent_preservation,0.53366,0.00580,10,120
overcorrection_bias,0.0,residual_correction_learner,query_rate,1.00000,0.00000,10,120
overcorrection_bias,0.0,residual_correction_learner,human_time,0.26451,0.00349,10,120
overcorrection_bias,0.0,residual_correction_learner,unsafe_override,0.12250,0.01806,10,120
overcorrection_bias,0.0,residual_correction_learner,calibration_error,0.31244,0.00731,10,120
overcorrection_bias,0.0,residual_correction_learner,regret_to_oracle,0.38677,0.01060,10,120
overcorrection_bias,0.0,residual_correction_learner,intervention_sparsity,0.68545,0.00783,10,120
overcorrection_bias,0.0,residual_correction_learner,robust_utility,0.32140,0.04035,10,120
overcorrection_bias,0.0,robust_mpc_correction,task_success,0.56333,0.02768,10,120
overcorrection_bias,0.0,robust_mpc_correction,correction_efficiency,0.81395,0.05488,10,120
overcorrection_bias,0.0,robust_mpc_correction,damage,0.04917,0.01046,10,120
overcorrection_bias,0.0,robust_mpc_correction,intervention_magnitude,0.56017,0.01191,10,120
overcorrection_bias,0.0,robust_mpc_correction,boundary_error,0.11066,0.00561,10,120
overcorrection_bias,0.0,robust_mpc_correction,intent_preservation,0.50627,0.00586,10,120
overcorrection_bias,0.0,robust_mpc_correction,query_rate,1.00000,0.00000,10,120
overcorrection_bias,0.0,robust_mpc_correction,human_time,0.43851,0.00762,10,120
overcorrection_bias,0.0,robust_mpc_correction,unsafe_override,0.02167,0.00555,10,120
overcorrection_bias,0.0,robust_mpc_correction,calibration_error,0.04239,0.00499,10,120
overcorrection_bias,0.0,robust_mpc_correction,regret_to_oracle,0.05997,0.00182,10,120
overcorrection_bias,0.0,robust_mpc_correction,intervention_sparsity,0.42256,0.00375,10,120
overcorrection_bias,0.0,robust_mpc_correction,robust_utility,0.77798,0.03875,10,120
overcorrection_bias,0.0,uncertainty_query_policy,task_success,0.32333,0.02106,10,120
overcorrection_bias,0.0,uncertainty_query_policy,correction_efficiency,0.34874,0.02030,10,120
overcorrection_bias,0.0,uncertainty_query_policy,damage,0.05750,0.01408,10,120
overcorrection_bias,0.0,uncertainty_query_policy,intervention_magnitude,0.40933,0.00630,10,120
overcorrection_bias,0.0,uncertainty_query_policy,boundary_error,0.45267,0.01392,10,120
overcorrection_bias,0.0,uncertainty_query_policy,intent_preservation,0.53345,0.00881,10,120
overcorrection_bias,0.0,uncertainty_query_policy,query_rate,1.00000,0.00000,10,120
overcorrection_bias,0.0,uncertainty_query_policy,human_time,0.34197,0.00403,10,120
overcorrection_bias,0.0,uncertainty_query_policy,unsafe_override,0.12000,0.01825,10,120
overcorrection_bias,0.0,uncertainty_query_policy,calibration_error,0.28370,0.00684,10,120
overcorrection_bias,0.0,uncertainty_query_policy,regret_to_oracle,0.31338,0.00744,10,120
overcorrection_bias,0.0,uncertainty_query_policy,intervention_sparsity,0.55803,0.01044,10,120
overcorrection_bias,0.0,uncertainty_query_policy,robust_utility,0.41842,0.02570,10,120
overcorrection_bias,0.2,active_entropy_query_policy,task_success,0.36583,0.02683,10,120
overcorrection_bias,0.2,active_entropy_query_policy,correction_efficiency,0.48553,0.04271,10,120
overcorrection_bias,0.2,active_entropy_query_policy,damage,0.05583,0.01773,10,120
overcorrection_bias,0.2,active_entropy_query_policy,intervention_magnitude,0.38647,0.01056,10,120
overcorrection_bias,0.2,active_entropy_query_policy,boundary_error,0.32573,0.01135,10,120
overcorrection_bias,0.2,active_entropy_query_policy,intent_preservation,0.52090,0.00619,10,120
overcorrection_bias,0.2,active_entropy_query_policy,query_rate,1.00000,0.00000,10,120
overcorrection_bias,0.2,active_entropy_query_policy,human_time,0.32734,0.00676,10,120
overcorrection_bias,0.2,active_entropy_query_policy,unsafe_override,0.10750,0.01490,10,120
overcorrection_bias,0.2,active_entropy_query_policy,calibration_error,0.26296,0.00770,10,120
overcorrection_bias,0.2,active_entropy_query_policy,regret_to_oracle,0.23585,0.01059,10,120
overcorrection_bias,0.2,active_entropy_query_policy,intervention_sparsity,0.60099,0.00886,10,120
overcorrection_bias,0.2,active_entropy_query_policy,robust_utility,0.49655,0.04267,10,120
overcorrection_bias,0.2,full_demo_imitation,task_success,0.28833,0.01966,10,120
overcorrection_bias,0.2,full_demo_imitation,correction_efficiency,0.26754,0.01807,10,120
overcorrection_bias,0.2,full_demo_imitation,damage,0.06333,0.01121,10,120
overcorrection_bias,0.2,full_demo_imitation,intervention_magnitude,0.46755,0.01153,10,120
overcorrection_bias,0.2,full_demo_imitation,boundary_error,0.58970,0.02213,10,120
overcorrection_bias,0.2,full_demo_imitation,intent_preservation,0.55710,0.00470,10,120
overcorrection_bias,0.2,full_demo_imitation,query_rate,1.00000,0.00000,10,120
overcorrection_bias,0.2,full_demo_imitation,human_time,0.72923,0.00738,10,120
overcorrection_bias,0.2,full_demo_imitation,unsafe_override,0.12750,0.02612,10,120
overcorrection_bias,0.2,full_demo_imitation,calibration_error,0.23826,0.00880,10,120
overcorrection_bias,0.2,full_demo_imitation,regret_to_oracle,0.34351,0.01326,10,120
overcorrection_bias,0.2,full_demo_imitation,intervention_sparsity,0.49767,0.01155,10,120
overcorrection_bias,0.2,full_demo_imitation,robust_utility,0.34305,0.02601,10,120
overcorrection_bias,0.2,minimum_intervention_boundary_learner_v5,task_success,0.45917,0.03113,10,120
overcorrection_bias,0.2,minimum_intervention_boundary_learner_v5,correction_efficiency,0.62651,0.04850,10,120
overcorrection_bias,0.2,minimum_intervention_boundary_learner_v5,damage,0.04833,0.00871,10,120
overcorrection_bias,0.2,minimum_intervention_boundary_learner_v5,intervention_magnitude,0.46720,0.00932,10,120
overcorrection_bias,0.2,minimum_intervention_boundary_learner_v5,boundary_error,0.20691,0.00467,10,120
overcorrection_bias,0.2,minimum_intervention_boundary_learner_v5,intent_preservation,0.52398,0.00667,10,120
overcorrection_bias,0.2,minimum_intervention_boundary_learner_v5,query_rate,1.00000,0.00000,10,120
overcorrection_bias,0.2,minimum_intervention_boundary_learner_v5,human_time,0.37901,0.00597,10,120
overcorrection_bias,0.2,minimum_intervention_boundary_learner_v5,unsafe_override,0.01333,0.00361,10,120
overcorrection_bias,0.2,minimum_intervention_boundary_learner_v5,calibration_error,0.12105,0.00470,10,120
overcorrection_bias,0.2,minimum_intervention_boundary_learner_v5,regret_to_oracle,0.13836,0.00597,10,120
overcorrection_bias,0.2,minimum_intervention_boundary_learner_v5,intervention_sparsity,0.51514,0.00410,10,120
overcorrection_bias,0.2,minimum_intervention_boundary_learner_v5,robust_utility,0.64495,0.03942,10,120
overcorrection_bias,0.2,oracle_minimal_correction,task_success,0.58250,0.01924,10,120
overcorrection_bias,0.2,oracle_minimal_correction,correction_efficiency,0.78873,0.02696,10,120
overcorrection_bias,0.2,oracle_minimal_correction,damage,0.04917,0.01204,10,120
overcorrection_bias,0.2,oracle_minimal_correction,intervention_magnitude,0.51314,0.00787,10,120
overcorrection_bias,0.2,oracle_minimal_correction,boundary_error,0.12594,0.00424,10,120
overcorrection_bias,0.2,oracle_minimal_correction,intent_preservation,0.52863,0.00714,10,120
overcorrection_bias,0.2,oracle_minimal_correction,query_rate,1.00000,0.00000,10,120
overcorrection_bias,0.2,oracle_minimal_correction,human_time,0.40841,0.00504,10,120
overcorrection_bias,0.2,oracle_minimal_correction,unsafe_override,0.00583,0.00425,10,120
overcorrection_bias,0.2,oracle_minimal_correction,calibration_error,0.37144,0.00460,10,120
overcorrection_bias,0.2,oracle_minimal_correction,regret_to_oracle,0.03430,0.00037,10,120
overcorrection_bias,0.2,oracle_minimal_correction,intervention_sparsity,0.47245,0.00158,10,120
overcorrection_bias,0.2,oracle_minimal_correction,robust_utility,0.80279,0.02550,10,120
overcorrection_bias,0.2,residual_correction_learner,task_success,0.24500,0.01759,10,120
overcorrection_bias,0.2,residual_correction_learner,correction_efficiency,0.26450,0.02138,10,120
overcorrection_bias,0.2,residual_correction_learner,damage,0.04167,0.00878,10,120
overcorrection_bias,0.2,residual_correction_learner,intervention_magnitude,0.30813,0.00932,10,120
overcorrection_bias,0.2,residual_correction_learner,boundary_error,0.60190,0.01551,10,120
overcorrection_bias,0.2,residual_correction_learner,intent_preservation,0.53531,0.00645,10,120
overcorrection_bias,0.2,residual_correction_learner,query_rate,1.00000,0.00000,10,120
overcorrection_bias,0.2,residual_correction_learner,human_time,0.27721,0.00597,10,120
overcorrection_bias,0.2,residual_correction_learner,unsafe_override,0.12750,0.01616,10,120
overcorrection_bias,0.2,residual_correction_learner,calibration_error,0.29670,0.00779,10,120
overcorrection_bias,0.2,residual_correction_learner,regret_to_oracle,0.36190,0.01173,10,120
overcorrection_bias,0.2,residual_correction_learner,intervention_sparsity,0.66976,0.01026,10,120
overcorrection_bias,0.2,residual_correction_learner,robust_utility,0.33643,0.02306,10,120
overcorrection_bias,0.2,robust_mpc_correction,task_success,0.56417,0.02690,10,120
overcorrection_bias,0.2,robust_mpc_correction,correction_efficiency,0.79436,0.03586,10,120
overcorrection_bias,0.2,robust_mpc_correction,damage,0.05167,0.01137,10,120
overcorrection_bias,0.2,robust_mpc_correction,intervention_magnitude,0.56082,0.00990,10,120
overcorrection_bias,0.2,robust_mpc_correction,boundary_error,0.10659,0.00415,10,120
overcorrection_bias,0.2,robust_mpc_correction,intent_preservation,0.50796,0.00681,10,120
overcorrection_bias,0.2,robust_mpc_correction,query_rate,1.00000,0.00000,10,120
overcorrection_bias,0.2,robust_mpc_correction,human_time,0.43893,0.00634,10,120
overcorrection_bias,0.2,robust_mpc_correction,unsafe_override,0.02833,0.00815,10,120
overcorrection_bias,0.2,robust_mpc_correction,calibration_error,0.04326,0.00271,10,120
overcorrection_bias,0.2,robust_mpc_correction,regret_to_oracle,0.05770,0.00286,10,120
overcorrection_bias,0.2,robust_mpc_correction,intervention_sparsity,0.42194,0.00240,10,120
overcorrection_bias,0.2,robust_mpc_correction,robust_utility,0.77150,0.03266,10,120
overcorrection_bias,0.2,uncertainty_query_policy,task_success,0.33000,0.02248,10,120
overcorrection_bias,0.2,uncertainty_query_policy,correction_efficiency,0.36495,0.02064,10,120
overcorrection_bias,0.2,uncertainty_query_policy,damage,0.05250,0.01169,10,120
overcorrection_bias,0.2,uncertainty_query_policy,intervention_magnitude,0.42862,0.01096,10,120
overcorrection_bias,0.2,uncertainty_query_policy,boundary_error,0.42101,0.01653,10,120
overcorrection_bias,0.2,uncertainty_query_policy,intent_preservation,0.53569,0.00579,10,120
overcorrection_bias,0.2,uncertainty_query_policy,query_rate,1.00000,0.00000,10,120
overcorrection_bias,0.2,uncertainty_query_policy,human_time,0.35432,0.00701,10,120
overcorrection_bias,0.2,uncertainty_query_policy,unsafe_override,0.12667,0.01497,10,120
overcorrection_bias,0.2,uncertainty_query_policy,calibration_error,0.26468,0.00975,10,120
overcorrection_bias,0.2,uncertainty_query_policy,regret_to_oracle,0.28776,0.01211,10,120
overcorrection_bias,0.2,uncertainty_query_policy,intervention_sparsity,0.54384,0.01096,10,120
overcorrection_bias,0.2,uncertainty_query_policy,robust_utility,0.42841,0.02976,10,120
overcorrection_bias,0.4,active_entropy_query_policy,task_success,0.38833,0.02401,10,120
overcorrection_bias,0.4,active_entropy_query_policy,correction_efficiency,0.51607,0.02823,10,120
overcorrection_bias,0.4,active_entropy_query_policy,damage,0.05667,0.01630,10,120
overcorrection_bias,0.4,active_entropy_query_policy,intervention_magnitude,0.41163,0.00747,10,120
overcorrection_bias,0.4,active_entropy_query_policy,boundary_error,0.29592,0.00740,10,120
overcorrection_bias,0.4,active_entropy_query_policy,intent_preservation,0.52193,0.00595,10,120
overcorrection_bias,0.4,active_entropy_query_policy,query_rate,1.00000,0.00000,10,120
overcorrection_bias,0.4,active_entropy_query_policy,human_time,0.34345,0.00478,10,120
overcorrection_bias,0.4,active_entropy_query_policy,unsafe_override,0.10333,0.01121,10,120
overcorrection_bias,0.4,active_entropy_query_policy,calibration_error,0.23542,0.00397,10,120
overcorrection_bias,0.4,active_entropy_query_policy,regret_to_oracle,0.21691,0.00562,10,120
overcorrection_bias,0.4,active_entropy_query_policy,intervention_sparsity,0.57613,0.00455,10,120
overcorrection_bias,0.4,active_entropy_query_policy,robust_utility,0.52467,0.02794,10,120
overcorrection_bias,0.4,full_demo_imitation,task_success,0.29750,0.03339,10,120
overcorrection_bias,0.4,full_demo_imitation,correction_efficiency,0.27874,0.02362,10,120
overcorrection_bias,0.4,full_demo_imitation,damage,0.06750,0.01179,10,120
overcorrection_bias,0.4,full_demo_imitation,intervention_magnitude,0.50424,0.00917,10,120
overcorrection_bias,0.4,full_demo_imitation,boundary_error,0.54992,0.02013,10,120
overcorrection_bias,0.4,full_demo_imitation,intent_preservation,0.56249,0.00769,10,120
overcorrection_bias,0.4,full_demo_imitation,query_rate,1.00000,0.00000,10,120
overcorrection_bias,0.4,full_demo_imitation,human_time,0.75272,0.00587,10,120
overcorrection_bias,0.4,full_demo_imitation,unsafe_override,0.14583,0.02965,10,120
overcorrection_bias,0.4,full_demo_imitation,calibration_error,0.21975,0.00588,10,120
overcorrection_bias,0.4,full_demo_imitation,regret_to_oracle,0.32132,0.00646,10,120
overcorrection_bias,0.4,full_demo_imitation,intervention_sparsity,0.46333,0.00805,10,120
overcorrection_bias,0.4,full_demo_imitation,robust_utility,0.34531,0.03860,10,120
overcorrection_bias,0.4,minimum_intervention_boundary_learner_v5,task_success,0.48500,0.03610,10,120
overcorrection_bias,0.4,minimum_intervention_boundary_learner_v5,correction_efficiency,0.66600,0.04925,10,120
overcorrection_bias,0.4,minimum_intervention_boundary_learner_v5,damage,0.04833,0.00998,10,120
overcorrection_bias,0.4,minimum_intervention_boundary_learner_v5,intervention_magnitude,0.48220,0.00666,10,120
overcorrection_bias,0.4,minimum_intervention_boundary_learner_v5,boundary_error,0.18831,0.00422,10,120
overcorrection_bias,0.4,minimum_intervention_boundary_learner_v5,intent_preservation,0.52542,0.00646,10,120
overcorrection_bias,0.4,minimum_intervention_boundary_learner_v5,query_rate,1.00000,0.00000,10,120
overcorrection_bias,0.4,minimum_intervention_boundary_learner_v5,human_time,0.38861,0.00426,10,120
overcorrection_bias,0.4,minimum_intervention_boundary_learner_v5,unsafe_override,0.01250,0.00609,10,120
overcorrection_bias,0.4,minimum_intervention_boundary_learner_v5,calibration_error,0.11069,0.00276,10,120
overcorrection_bias,0.4,minimum_intervention_boundary_learner_v5,regret_to_oracle,0.12689,0.00354,10,120
overcorrection_bias,0.4,minimum_intervention_boundary_learner_v5,intervention_sparsity,0.50041,0.00265,10,120
overcorrection_bias,0.4,minimum_intervention_boundary_learner_v5,robust_utility,0.67872,0.04493,10,120
overcorrection_bias,0.4,oracle_minimal_correction,task_success,0.61667,0.01633,10,120
overcorrection_bias,0.4,oracle_minimal_correction,correction_efficiency,0.84814,0.02903,10,120
overcorrection_bias,0.4,oracle_minimal_correction,damage,0.04667,0.01094,10,120
overcorrection_bias,0.4,oracle_minimal_correction,intervention_magnitude,0.51581,0.00575,10,120
overcorrection_bias,0.4,oracle_minimal_correction,boundary_error,0.11541,0.00648,10,120
overcorrection_bias,0.4,oracle_minimal_correction,intent_preservation,0.53094,0.00631,10,120
overcorrection_bias,0.4,oracle_minimal_correction,query_rate,1.00000,0.00000,10,120
overcorrection_bias,0.4,oracle_minimal_correction,human_time,0.41012,0.00368,10,120
overcorrection_bias,0.4,oracle_minimal_correction,unsafe_override,0.00417,0.00439,10,120
overcorrection_bias,0.4,oracle_minimal_correction,calibration_error,0.36265,0.00436,10,120
overcorrection_bias,0.4,oracle_minimal_correction,regret_to_oracle,0.03418,0.00050,10,120
overcorrection_bias,0.4,oracle_minimal_correction,intervention_sparsity,0.46887,0.00261,10,120
overcorrection_bias,0.4,oracle_minimal_correction,robust_utility,0.85184,0.02272,10,120
overcorrection_bias,0.4,residual_correction_learner,task_success,0.26917,0.02744,10,120
overcorrection_bias,0.4,residual_correction_learner,correction_efficiency,0.30937,0.03003,10,120
overcorrection_bias,0.4,residual_correction_learner,damage,0.04917,0.01046,10,120
overcorrection_bias,0.4,residual_correction_learner,intervention_magnitude,0.33667,0.00877,10,120
overcorrection_bias,0.4,residual_correction_learner,boundary_error,0.55796,0.01589,10,120
overcorrection_bias,0.4,residual_correction_learner,intent_preservation,0.53423,0.01044,10,120
overcorrection_bias,0.4,residual_correction_learner,query_rate,1.00000,0.00000,10,120
overcorrection_bias,0.4,residual_correction_learner,human_time,0.29547,0.00561,10,120
overcorrection_bias,0.4,residual_correction_learner,unsafe_override,0.13083,0.01652,10,120
overcorrection_bias,0.4,residual_correction_learner,calibration_error,0.27466,0.00413,10,120
overcorrection_bias,0.4,residual_correction_learner,regret_to_oracle,0.34423,0.00467,10,120
overcorrection_bias,0.4,residual_correction_learner,intervention_sparsity,0.64097,0.00921,10,120
overcorrection_bias,0.4,residual_correction_learner,robust_utility,0.36323,0.03725,10,120
overcorrection_bias,0.4,robust_mpc_correction,task_success,0.57583,0.02855,10,120
overcorrection_bias,0.4,robust_mpc_correction,correction_efficiency,0.81985,0.03913,10,120
overcorrection_bias,0.4,robust_mpc_correction,damage,0.05167,0.00998,10,120
overcorrection_bias,0.4,robust_mpc_correction,intervention_magnitude,0.56342,0.00595,10,120
overcorrection_bias,0.4,robust_mpc_correction,boundary_error,0.10732,0.00274,10,120
overcorrection_bias,0.4,robust_mpc_correction,intent_preservation,0.51033,0.00665,10,120
overcorrection_bias,0.4,robust_mpc_correction,query_rate,1.00000,0.00000,10,120
overcorrection_bias,0.4,robust_mpc_correction,human_time,0.44059,0.00380,10,120
overcorrection_bias,0.4,robust_mpc_correction,unsafe_override,0.02917,0.00609,10,120
overcorrection_bias,0.4,robust_mpc_correction,calibration_error,0.03965,0.00257,10,120
overcorrection_bias,0.4,robust_mpc_correction,regret_to_oracle,0.05744,0.00170,10,120
overcorrection_bias,0.4,robust_mpc_correction,intervention_sparsity,0.41945,0.00180,10,120
overcorrection_bias,0.4,robust_mpc_correction,robust_utility,0.78865,0.03655,10,120
overcorrection_bias,0.4,uncertainty_query_policy,task_success,0.36500,0.02049,10,120
overcorrection_bias,0.4,uncertainty_query_policy,correction_efficiency,0.41843,0.02152,10,120
overcorrection_bias,0.4,uncertainty_query_policy,damage,0.05333,0.01655,10,120
overcorrection_bias,0.4,uncertainty_query_policy,intervention_magnitude,0.45695,0.00817,10,120
overcorrection_bias,0.4,uncertainty_query_policy,boundary_error,0.39735,0.01592,10,120
overcorrection_bias,0.4,uncertainty_query_policy,intent_preservation,0.53907,0.00603,10,120
overcorrection_bias,0.4,uncertainty_query_policy,query_rate,1.00000,0.00000,10,120
overcorrection_bias,0.4,uncertainty_query_policy,human_time,0.37245,0.00523,10,120
overcorrection_bias,0.4,uncertainty_query_policy,unsafe_override,0.11917,0.01949,10,120
overcorrection_bias,0.4,uncertainty_query_policy,calibration_error,0.24127,0.00533,10,120
overcorrection_bias,0.4,uncertainty_query_policy,regret_to_oracle,0.27264,0.00622,10,120
overcorrection_bias,0.4,uncertainty_query_policy,intervention_sparsity,0.51422,0.00736,10,120
overcorrection_bias,0.4,uncertainty_query_policy,robust_utility,0.47498,0.02788,10,120
overcorrection_bias,0.6,active_entropy_query_policy,task_success,0.41833,0.03097,10,120
overcorrection_bias,0.6,active_entropy_query_policy,correction_efficiency,0.55633,0.04787,10,120
overcorrection_bias,0.6,active_entropy_query_policy,damage,0.05917,0.01659,10,120
overcorrection_bias,0.6,active_entropy_query_policy,intervention_magnitude,0.42042,0.00791,10,120
overcorrection_bias,0.6,active_entropy_query_policy,boundary_error,0.28840,0.00874,10,120
overcorrection_bias,0.6,active_entropy_query_policy,intent_preservation,0.51925,0.00726,10,120
overcorrection_bias,0.6,active_entropy_query_policy,query_rate,1.00000,0.00000,10,120
overcorrection_bias,0.6,active_entropy_query_policy,human_time,0.34907,0.00506,10,120
overcorrection_bias,0.6,active_entropy_query_policy,unsafe_override,0.10750,0.01970,10,120
overcorrection_bias,0.6,active_entropy_query_policy,calibration_error,0.22889,0.00699,10,120
overcorrection_bias,0.6,active_entropy_query_policy,regret_to_oracle,0.20651,0.00969,10,120
overcorrection_bias,0.6,active_entropy_query_policy,intervention_sparsity,0.56859,0.00448,10,120
overcorrection_bias,0.6,active_entropy_query_policy,robust_utility,0.56008,0.04790,10,120
overcorrection_bias,0.6,full_demo_imitation,task_success,0.32250,0.02600,10,120
overcorrection_bias,0.6,full_demo_imitation,correction_efficiency,0.32445,0.02725,10,120
overcorrection_bias,0.6,full_demo_imitation,damage,0.06667,0.01265,10,120
overcorrection_bias,0.6,full_demo_imitation,intervention_magnitude,0.51375,0.01048,10,120
overcorrection_bias,0.6,full_demo_imitation,boundary_error,0.54812,0.01670,10,120
overcorrection_bias,0.6,full_demo_imitation,intent_preservation,0.56343,0.00662,10,120
overcorrection_bias,0.6,full_demo_imitation,query_rate,1.00000,0.00000,10,120
overcorrection_bias,0.6,full_demo_imitation,human_time,0.75880,0.00671,10,120
overcorrection_bias,0.6,full_demo_imitation,unsafe_override,0.14667,0.02437,10,120
overcorrection_bias,0.6,full_demo_imitation,calibration_error,0.21475,0.00570,10,120
overcorrection_bias,0.6,full_demo_imitation,regret_to_oracle,0.30546,0.00944,10,120
overcorrection_bias,0.6,full_demo_imitation,intervention_sparsity,0.45745,0.01342,10,120
overcorrection_bias,0.6,full_demo_imitation,robust_utility,0.38012,0.03518,10,120
overcorrection_bias,0.6,minimum_intervention_boundary_learner_v5,task_success,0.48000,0.03072,10,120
overcorrection_bias,0.6,minimum_intervention_boundary_learner_v5,correction_efficiency,0.65314,0.04650,10,120
overcorrection_bias,0.6,minimum_intervention_boundary_learner_v5,damage,0.04917,0.00988,10,120
overcorrection_bias,0.6,minimum_intervention_boundary_learner_v5,intervention_magnitude,0.48573,0.00933,10,120
overcorrection_bias,0.6,minimum_intervention_boundary_learner_v5,boundary_error,0.18783,0.01009,10,120
overcorrection_bias,0.6,minimum_intervention_boundary_learner_v5,intent_preservation,0.52310,0.00691,10,120
overcorrection_bias,0.6,minimum_intervention_boundary_learner_v5,query_rate,1.00000,0.00000,10,120
overcorrection_bias,0.6,minimum_intervention_boundary_learner_v5,human_time,0.39087,0.00597,10,120
overcorrection_bias,0.6,minimum_intervention_boundary_learner_v5,unsafe_override,0.01417,0.00733,10,120
overcorrection_bias,0.6,minimum_intervention_boundary_learner_v5,calibration_error,0.10894,0.00670,10,120
overcorrection_bias,0.6,minimum_intervention_boundary_learner_v5,regret_to_oracle,0.12158,0.00597,10,120
overcorrection_bias,0.6,minimum_intervention_boundary_learner_v5,intervention_sparsity,0.49857,0.00384,10,120
overcorrection_bias,0.6,minimum_intervention_boundary_learner_v5,robust_utility,0.66950,0.04088,10,120
overcorrection_bias,0.6,oracle_minimal_correction,task_success,0.58750,0.02965,10,120
overcorrection_bias,0.6,oracle_minimal_correction,correction_efficiency,0.80173,0.05339,10,120
overcorrection_bias,0.6,oracle_minimal_correction,damage,0.04833,0.01307,10,120
overcorrection_bias,0.6,oracle_minimal_correction,intervention_magnitude,0.51506,0.01159,10,120
overcorrection_bias,0.6,oracle_minimal_correction,boundary_error,0.12212,0.01238,10,120
overcorrection_bias,0.6,oracle_minimal_correction,intent_preservation,0.52909,0.00663,10,120
overcorrection_bias,0.6,oracle_minimal_correction,query_rate,1.00000,0.00000,10,120
overcorrection_bias,0.6,oracle_minimal_correction,human_time,0.40964,0.00742,10,120
overcorrection_bias,0.6,oracle_minimal_correction,unsafe_override,0.00833,0.00487,10,120
overcorrection_bias,0.6,oracle_minimal_correction,calibration_error,0.36857,0.01039,10,120
overcorrection_bias,0.6,oracle_minimal_correction,regret_to_oracle,0.03394,0.00023,10,120
overcorrection_bias,0.6,oracle_minimal_correction,intervention_sparsity,0.47210,0.00433,10,120
overcorrection_bias,0.6,oracle_minimal_correction,robust_utility,0.81037,0.04186,10,120
overcorrection_bias,0.6,residual_correction_learner,task_success,0.28333,0.02373,10,120
overcorrection_bias,0.6,residual_correction_learner,correction_efficiency,0.32620,0.02957,10,120
overcorrection_bias,0.6,residual_correction_learner,damage,0.05000,0.01033,10,120
overcorrection_bias,0.6,residual_correction_learner,intervention_magnitude,0.35000,0.00845,10,120
overcorrection_bias,0.6,residual_correction_learner,boundary_error,0.55613,0.01841,10,120
overcorrection_bias,0.6,residual_correction_learner,intent_preservation,0.53829,0.00693,10,120
overcorrection_bias,0.6,residual_correction_learner,query_rate,1.00000,0.00000,10,120
overcorrection_bias,0.6,residual_correction_learner,human_time,0.30400,0.00541,10,120
overcorrection_bias,0.6,residual_correction_learner,unsafe_override,0.15000,0.01978,10,120
overcorrection_bias,0.6,residual_correction_learner,calibration_error,0.26463,0.00893,10,120
overcorrection_bias,0.6,residual_correction_learner,regret_to_oracle,0.32897,0.01126,10,120
overcorrection_bias,0.6,residual_correction_learner,intervention_sparsity,0.62875,0.01200,10,120
overcorrection_bias,0.6,residual_correction_learner,robust_utility,0.37483,0.02783,10,120
overcorrection_bias,0.6,robust_mpc_correction,task_success,0.57000,0.03148,10,120
overcorrection_bias,0.6,robust_mpc_correction,correction_efficiency,0.81063,0.04236,10,120
overcorrection_bias,0.6,robust_mpc_correction,damage,0.05417,0.01011,10,120
overcorrection_bias,0.6,robust_mpc_correction,intervention_magnitude,0.56441,0.01266,10,120
overcorrection_bias,0.6,robust_mpc_correction,boundary_error,0.10648,0.00477,10,120
overcorrection_bias,0.6,robust_mpc_correction,intent_preservation,0.50856,0.00704,10,120
overcorrection_bias,0.6,robust_mpc_correction,query_rate,1.00000,0.00000,10,120
overcorrection_bias,0.6,robust_mpc_correction,human_time,0.44122,0.00811,10,120
overcorrection_bias,0.6,robust_mpc_correction,unsafe_override,0.03167,0.00871,10,120
overcorrection_bias,0.6,robust_mpc_correction,calibration_error,0.04088,0.00548,10,120
overcorrection_bias,0.6,robust_mpc_correction,regret_to_oracle,0.05569,0.00231,10,120
overcorrection_bias,0.6,robust_mpc_correction,intervention_sparsity,0.42011,0.00174,10,120
overcorrection_bias,0.6,robust_mpc_correction,robust_utility,0.77857,0.04053,10,120
overcorrection_bias,0.6,uncertainty_query_policy,task_success,0.38917,0.02589,10,120
overcorrection_bias,0.6,uncertainty_query_policy,correction_efficiency,0.44811,0.02861,10,120
overcorrection_bias,0.6,uncertainty_query_policy,damage,0.06000,0.01056,10,120
overcorrection_bias,0.6,uncertainty_query_policy,intervention_magnitude,0.46575,0.00628,10,120
overcorrection_bias,0.6,uncertainty_query_policy,boundary_error,0.38724,0.00982,10,120
overcorrection_bias,0.6,uncertainty_query_policy,intent_preservation,0.53864,0.00709,10,120
overcorrection_bias,0.6,uncertainty_query_policy,query_rate,1.00000,0.00000,10,120
overcorrection_bias,0.6,uncertainty_query_policy,human_time,0.37808,0.00402,10,120
overcorrection_bias,0.6,uncertainty_query_policy,unsafe_override,0.14333,0.01517,10,120
overcorrection_bias,0.6,uncertainty_query_policy,calibration_error,0.23097,0.00545,10,120
overcorrection_bias,0.6,uncertainty_query_policy,regret_to_oracle,0.25697,0.00930,10,120
overcorrection_bias,0.6,uncertainty_query_policy,intervention_sparsity,0.50790,0.00998,10,120
overcorrection_bias,0.6,uncertainty_query_policy,robust_utility,0.49482,0.03439,10,120
overcorrection_bias,0.8,active_entropy_query_policy,task_success,0.43167,0.02358,10,120
overcorrection_bias,0.8,active_entropy_query_policy,correction_efficiency,0.57617,0.03818,10,120
overcorrection_bias,0.8,active_entropy_query_policy,damage,0.05500,0.01505,10,120
overcorrection_bias,0.8,active_entropy_query_policy,intervention_magnitude,0.44533,0.01188,10,120
overcorrection_bias,0.8,active_entropy_query_policy,boundary_error,0.26988,0.01024,10,120
overcorrection_bias,0.8,active_entropy_query_policy,intent_preservation,0.51388,0.00703,10,120
overcorrection_bias,0.8,active_entropy_query_policy,query_rate,1.00000,0.00000,10,120
overcorrection_bias,0.8,active_entropy_query_policy,human_time,0.36501,0.00760,10,120
overcorrection_bias,0.8,active_entropy_query_policy,unsafe_override,0.11833,0.01752,10,120
overcorrection_bias,0.8,active_entropy_query_policy,calibration_error,0.21205,0.01018,10,120
overcorrection_bias,0.8,active_entropy_query_policy,regret_to_oracle,0.19202,0.00903,10,120
overcorrection_bias,0.8,active_entropy_query_policy,intervention_sparsity,0.54665,0.00952,10,120
overcorrection_bias,0.8,active_entropy_query_policy,robust_utility,0.57440,0.03539,10,120
overcorrection_bias,0.8,full_demo_imitation,task_success,0.34333,0.02469,10,120
overcorrection_bias,0.8,full_demo_imitation,correction_efficiency,0.35346,0.02926,10,120
overcorrection_bias,0.8,full_demo_imitation,damage,0.06917,0.00945,10,120
overcorrection_bias,0.8,full_demo_imitation,intervention_magnitude,0.55594,0.01678,10,120
overcorrection_bias,0.8,full_demo_imitation,boundary_error,0.52943,0.02109,10,120
overcorrection_bias,0.8,full_demo_imitation,intent_preservation,0.56200,0.00800,10,120
overcorrection_bias,0.8,full_demo_imitation,query_rate,1.00000,0.00000,10,120
overcorrection_bias,0.8,full_demo_imitation,human_time,0.78580,0.01074,10,120
overcorrection_bias,0.8,full_demo_imitation,unsafe_override,0.14667,0.02735,10,120
overcorrection_bias,0.8,full_demo_imitation,calibration_error,0.20028,0.00730,10,120
overcorrection_bias,0.8,full_demo_imitation,regret_to_oracle,0.28117,0.01451,10,120
overcorrection_bias,0.8,full_demo_imitation,intervention_sparsity,0.42253,0.01295,10,120
overcorrection_bias,0.8,full_demo_imitation,robust_utility,0.40288,0.03026,10,120
overcorrection_bias,0.8,minimum_intervention_boundary_learner_v5,task_success,0.49583,0.03613,10,120
overcorrection_bias,0.8,minimum_intervention_boundary_learner_v5,correction_efficiency,0.66264,0.05636,10,120
overcorrection_bias,0.8,minimum_intervention_boundary_learner_v5,damage,0.05167,0.01056,10,120
overcorrection_bias,0.8,minimum_intervention_boundary_learner_v5,intervention_magnitude,0.49795,0.00745,10,120
overcorrection_bias,0.8,minimum_intervention_boundary_learner_v5,boundary_error,0.17924,0.00891,10,120
overcorrection_bias,0.8,minimum_intervention_boundary_learner_v5,intent_preservation,0.51825,0.00671,10,120
overcorrection_bias,0.8,minimum_intervention_boundary_learner_v5,query_rate,1.00000,0.00000,10,120
overcorrection_bias,0.8,minimum_intervention_boundary_learner_v5,human_time,0.39869,0.00477,10,120
overcorrection_bias,0.8,minimum_intervention_boundary_learner_v5,unsafe_override,0.01500,0.00680,10,120
overcorrection_bias,0.8,minimum_intervention_boundary_learner_v5,calibration_error,0.10416,0.00597,10,120
overcorrection_bias,0.8,minimum_intervention_boundary_learner_v5,regret_to_oracle,0.11687,0.00714,10,120
overcorrection_bias,0.8,minimum_intervention_boundary_learner_v5,intervention_sparsity,0.49080,0.00663,10,120
overcorrection_bias,0.8,minimum_intervention_boundary_learner_v5,robust_utility,0.68452,0.04852,10,120
overcorrection_bias,0.8,oracle_minimal_correction,task_success,0.59833,0.02161,10,120
overcorrection_bias,0.8,oracle_minimal_correction,correction_efficiency,0.79849,0.03156,10,120
overcorrection_bias,0.8,oracle_minimal_correction,damage,0.04917,0.01276,10,120
overcorrection_bias,0.8,oracle_minimal_correction,intervention_magnitude,0.52107,0.00773,10,120
overcorrection_bias,0.8,oracle_minimal_correction,boundary_error,0.11839,0.00691,10,120
overcorrection_bias,0.8,oracle_minimal_correction,intent_preservation,0.52459,0.00666,10,120
overcorrection_bias,0.8,oracle_minimal_correction,query_rate,1.00000,0.00000,10,120
overcorrection_bias,0.8,oracle_minimal_correction,human_time,0.41348,0.00495,10,120
overcorrection_bias,0.8,oracle_minimal_correction,unsafe_override,0.00333,0.00267,10,120
overcorrection_bias,0.8,oracle_minimal_correction,calibration_error,0.36825,0.00631,10,120
overcorrection_bias,0.8,oracle_minimal_correction,regret_to_oracle,0.03362,0.00033,10,120
overcorrection_bias,0.8,oracle_minimal_correction,intervention_sparsity,0.47031,0.00283,10,120
overcorrection_bias,0.8,oracle_minimal_correction,robust_utility,0.82061,0.02937,10,120
overcorrection_bias,0.8,residual_correction_learner,task_success,0.32833,0.03702,10,120
overcorrection_bias,0.8,residual_correction_learner,correction_efficiency,0.37238,0.04212,10,120
overcorrection_bias,0.8,residual_correction_learner,damage,0.04667,0.01147,10,120
overcorrection_bias,0.8,residual_correction_learner,intervention_magnitude,0.39046,0.01368,10,120
overcorrection_bias,0.8,residual_correction_learner,boundary_error,0.52174,0.01784,10,120
overcorrection_bias,0.8,residual_correction_learner,intent_preservation,0.52511,0.00715,10,120
overcorrection_bias,0.8,residual_correction_learner,query_rate,1.00000,0.00000,10,120
overcorrection_bias,0.8,residual_correction_learner,human_time,0.32989,0.00875,10,120
overcorrection_bias,0.8,residual_correction_learner,unsafe_override,0.15250,0.01502,10,120
overcorrection_bias,0.8,residual_correction_learner,calibration_error,0.24383,0.00888,10,120
overcorrection_bias,0.8,residual_correction_learner,regret_to_oracle,0.30474,0.01200,10,120
overcorrection_bias,0.8,residual_correction_learner,intervention_sparsity,0.59179,0.01091,10,120
overcorrection_bias,0.8,residual_correction_learner,robust_utility,0.42630,0.04380,10,120
overcorrection_bias,0.8,robust_mpc_correction,task_success,0.56750,0.02996,10,120
overcorrection_bias,0.8,robust_mpc_correction,correction_efficiency,0.79395,0.04713,10,120
overcorrection_bias,0.8,robust_mpc_correction,damage,0.05334,0.00885,10,120
overcorrection_bias,0.8,robust_mpc_correction,intervention_magnitude,0.57074,0.00673,10,120
overcorrection_bias,0.8,robust_mpc_correction,boundary_error,0.10295,0.00435,10,120
overcorrection_bias,0.8,robust_mpc_correction,intent_preservation,0.50367,0.00680,10,120
overcorrection_bias,0.8,robust_mpc_correction,query_rate,1.00000,0.00000,10,120
overcorrection_bias,0.8,robust_mpc_correction,human_time,0.44527,0.00431,10,120
overcorrection_bias,0.8,robust_mpc_correction,unsafe_override,0.03333,0.00974,10,120
overcorrection_bias,0.8,robust_mpc_correction,calibration_error,0.04008,0.00348,10,120
overcorrection_bias,0.8,robust_mpc_correction,regret_to_oracle,0.05479,0.00126,10,120
overcorrection_bias,0.8,robust_mpc_correction,intervention_sparsity,0.41901,0.00266,10,120
overcorrection_bias,0.8,robust_mpc_correction,robust_utility,0.77149,0.03920,10,120
overcorrection_bias,0.8,uncertainty_query_policy,task_success,0.39917,0.02224,10,120
overcorrection_bias,0.8,uncertainty_query_policy,correction_efficiency,0.46555,0.02690,10,120
overcorrection_bias,0.8,uncertainty_query_policy,damage,0.06500,0.01752,10,120
overcorrection_bias,0.8,uncertainty_query_policy,intervention_magnitude,0.49936,0.01348,10,120
overcorrection_bias,0.8,uncertainty_query_policy,boundary_error,0.36604,0.01608,10,120
overcorrection_bias,0.8,uncertainty_query_policy,intent_preservation,0.53700,0.00732,10,120
overcorrection_bias,0.8,uncertainty_query_policy,query_rate,1.00000,0.00000,10,120
overcorrection_bias,0.8,uncertainty_query_policy,human_time,0.39959,0.00863,10,120
overcorrection_bias,0.8,uncertainty_query_policy,unsafe_override,0.14500,0.01841,10,120
overcorrection_bias,0.8,uncertainty_query_policy,calibration_error,0.20748,0.01028,10,120
overcorrection_bias,0.8,uncertainty_query_policy,regret_to_oracle,0.23642,0.01073,10,120
overcorrection_bias,0.8,uncertainty_query_policy,intervention_sparsity,0.47791,0.01107,10,120
overcorrection_bias,0.8,uncertainty_query_policy,robust_utility,0.50291,0.03236,10,120
overcorrection_bias,1.0,active_entropy_query_policy,task_success,0.43917,0.02323,10,120
overcorrection_bias,1.0,active_entropy_query_policy,correction_efficiency,0.59671,0.03191,10,120
overcorrection_bias,1.0,active_entropy_query_policy,damage,0.05333,0.01445,10,120
overcorrection_bias,1.0,active_entropy_query_policy,intervention_magnitude,0.44598,0.00877,10,120
overcorrection_bias,1.0,active_entropy_query_policy,boundary_error,0.27169,0.00725,10,120
overcorrection_bias,1.0,active_entropy_query_policy,intent_preservation,0.51662,0.00600,10,120
overcorrection_bias,1.0,active_entropy_query_policy,query_rate,1.00000,0.00000,10,120
overcorrection_bias,1.0,active_entropy_query_policy,human_time,0.36543,0.00561,10,120
overcorrection_bias,1.0,active_entropy_query_policy,unsafe_override,0.10833,0.01288,10,120
overcorrection_bias,1.0,active_entropy_query_policy,calibration_error,0.20469,0.00621,10,120
overcorrection_bias,1.0,active_entropy_query_policy,regret_to_oracle,0.18191,0.00724,10,120
overcorrection_bias,1.0,active_entropy_query_policy,intervention_sparsity,0.53886,0.00655,10,120
overcorrection_bias,1.0,active_entropy_query_policy,robust_utility,0.59004,0.03366,10,120
overcorrection_bias,1.0,full_demo_imitation,task_success,0.35167,0.01536,10,120
overcorrection_bias,1.0,full_demo_imitation,correction_efficiency,0.36045,0.01932,10,120
overcorrection_bias,1.0,full_demo_imitation,damage,0.08500,0.01718,10,120
overcorrection_bias,1.0,full_demo_imitation,intervention_magnitude,0.57499,0.01315,10,120
overcorrection_bias,1.0,full_demo_imitation,boundary_error,0.51720,0.01583,10,120
overcorrection_bias,1.0,full_demo_imitation,intent_preservation,0.55784,0.00696,10,120
overcorrection_bias,1.0,full_demo_imitation,query_rate,1.00000,0.00000,10,120
overcorrection_bias,1.0,full_demo_imitation,human_time,0.79799,0.00841,10,120
overcorrection_bias,1.0,full_demo_imitation,unsafe_override,0.16333,0.02300,10,120
overcorrection_bias,1.0,full_demo_imitation,calibration_error,0.19342,0.00674,10,120
overcorrection_bias,1.0,full_demo_imitation,regret_to_oracle,0.26567,0.01286,10,120
overcorrection_bias,1.0,full_demo_imitation,intervention_sparsity,0.39502,0.01368,10,120
overcorrection_bias,1.0,full_demo_imitation,robust_utility,0.39739,0.02379,10,120
overcorrection_bias,1.0,minimum_intervention_boundary_learner_v5,task_success,0.47917,0.02413,10,120
overcorrection_bias,1.0,minimum_intervention_boundary_learner_v5,correction_efficiency,0.66608,0.03270,10,120
overcorrection_bias,1.0,minimum_intervention_boundary_learner_v5,damage,0.05000,0.00974,10,120
overcorrection_bias,1.0,minimum_intervention_boundary_learner_v5,intervention_magnitude,0.49147,0.00764,10,120
overcorrection_bias,1.0,minimum_intervention_boundary_learner_v5,boundary_error,0.18410,0.00638,10,120
overcorrection_bias,1.0,minimum_intervention_boundary_learner_v5,intent_preservation,0.52104,0.00610,10,120
overcorrection_bias,1.0,minimum_intervention_boundary_learner_v5,query_rate,1.00000,0.00000,10,120
overcorrection_bias,1.0,minimum_intervention_boundary_learner_v5,human_time,0.39454,0.00489,10,120
overcorrection_bias,1.0,minimum_intervention_boundary_learner_v5,unsafe_override,0.01917,0.01117,10,120
overcorrection_bias,1.0,minimum_intervention_boundary_learner_v5,calibration_error,0.10657,0.00391,10,120
overcorrection_bias,1.0,minimum_intervention_boundary_learner_v5,regret_to_oracle,0.11315,0.00378,10,120
overcorrection_bias,1.0,minimum_intervention_boundary_learner_v5,intervention_sparsity,0.48952,0.00359,10,120
overcorrection_bias,1.0,minimum_intervention_boundary_learner_v5,robust_utility,0.66879,0.03179,10,120
overcorrection_bias,1.0,oracle_minimal_correction,task_success,0.58917,0.02109,10,120
overcorrection_bias,1.0,oracle_minimal_correction,correction_efficiency,0.80540,0.02804,10,120
overcorrection_bias,1.0,oracle_minimal_correction,damage,0.04917,0.01276,10,120
overcorrection_bias,1.0,oracle_minimal_correction,intervention_magnitude,0.51125,0.00712,10,120
overcorrection_bias,1.0,oracle_minimal_correction,boundary_error,0.12557,0.00695,10,120
overcorrection_bias,1.0,oracle_minimal_correction,intent_preservation,0.52793,0.00587,10,120
overcorrection_bias,1.0,oracle_minimal_correction,query_rate,1.00000,0.00000,10,120
overcorrection_bias,1.0,oracle_minimal_correction,human_time,0.40720,0.00456,10,120
overcorrection_bias,1.0,oracle_minimal_correction,unsafe_override,0.00917,0.00568,10,120
overcorrection_bias,1.0,oracle_minimal_correction,calibration_error,0.37119,0.00617,10,120
overcorrection_bias,1.0,oracle_minimal_correction,regret_to_oracle,0.03320,0.00041,10,120
overcorrection_bias,1.0,oracle_minimal_correction,intervention_sparsity,0.47277,0.00243,10,120
overcorrection_bias,1.0,oracle_minimal_correction,robust_utility,0.81217,0.02960,10,120
overcorrection_bias,1.0,residual_correction_learner,task_success,0.33250,0.03026,10,120
overcorrection_bias,1.0,residual_correction_learner,correction_efficiency,0.39352,0.03941,10,120
overcorrection_bias,1.0,residual_correction_learner,damage,0.04917,0.01128,10,120
overcorrection_bias,1.0,residual_correction_learner,intervention_magnitude,0.39766,0.01011,10,120
overcorrection_bias,1.0,residual_correction_learner,boundary_error,0.51997,0.01161,10,120
overcorrection_bias,1.0,residual_correction_learner,intent_preservation,0.52986,0.00437,10,120
overcorrection_bias,1.0,residual_correction_learner,query_rate,1.00000,0.00000,10,120
overcorrection_bias,1.0,residual_correction_learner,human_time,0.33450,0.00647,10,120
overcorrection_bias,1.0,residual_correction_learner,unsafe_override,0.15000,0.01651,10,120
overcorrection_bias,1.0,residual_correction_learner,calibration_error,0.23690,0.00520,10,120
overcorrection_bias,1.0,residual_correction_learner,regret_to_oracle,0.29341,0.00949,10,120
overcorrection_bias,1.0,residual_correction_learner,intervention_sparsity,0.58059,0.01081,10,120
overcorrection_bias,1.0,residual_correction_learner,robust_utility,0.43436,0.04170,10,120
overcorrection_bias,1.0,robust_mpc_correction,task_success,0.56417,0.02953,10,120
overcorrection_bias,1.0,robust_mpc_correction,correction_efficiency,0.80479,0.04774,10,120
overcorrection_bias,1.0,robust_mpc_correction,damage,0.05167,0.01027,10,120
overcorrection_bias,1.0,robust_mpc_correction,intervention_magnitude,0.56160,0.00756,10,120
overcorrection_bias,1.0,robust_mpc_correction,boundary_error,0.10642,0.00367,10,120
overcorrection_bias,1.0,robust_mpc_correction,intent_preservation,0.50712,0.00625,10,120
overcorrection_bias,1.0,robust_mpc_correction,query_rate,1.00000,0.00000,10,120
overcorrection_bias,1.0,robust_mpc_correction,human_time,0.43942,0.00484,10,120
overcorrection_bias,1.0,robust_mpc_correction,unsafe_override,0.02667,0.00836,10,120
overcorrection_bias,1.0,robust_mpc_correction,calibration_error,0.04159,0.00340,10,120
overcorrection_bias,1.0,robust_mpc_correction,regret_to_oracle,0.05432,0.00314,10,120
overcorrection_bias,1.0,robust_mpc_correction,intervention_sparsity,0.41928,0.00252,10,120
overcorrection_bias,1.0,robust_mpc_correction,robust_utility,0.77400,0.03783,10,120
overcorrection_bias,1.0,uncertainty_query_policy,task_success,0.40416,0.02261,10,120
overcorrection_bias,1.0,uncertainty_query_policy,correction_efficiency,0.47311,0.02527,10,120
overcorrection_bias,1.0,uncertainty_query_policy,damage,0.06167,0.01563,10,120
overcorrection_bias,1.0,uncertainty_query_policy,intervention_magnitude,0.51066,0.01043,10,120
overcorrection_bias,1.0,uncertainty_query_policy,boundary_error,0.36160,0.01001,10,120
overcorrection_bias,1.0,uncertainty_query_policy,intent_preservation,0.53675,0.00449,10,120
overcorrection_bias,1.0,uncertainty_query_policy,query_rate,1.00000,0.00000,10,120
overcorrection_bias,1.0,uncertainty_query_policy,human_time,0.40682,0.00668,10,120
overcorrection_bias,1.0,uncertainty_query_policy,unsafe_override,0.15667,0.01683,10,120
overcorrection_bias,1.0,uncertainty_query_policy,calibration_error,0.19572,0.00771,10,120
overcorrection_bias,1.0,uncertainty_query_policy,regret_to_oracle,0.22191,0.01031,10,120
overcorrection_bias,1.0,uncertainty_query_policy,intervention_sparsity,0.45845,0.00924,10,120
overcorrection_bias,1.0,uncertainty_query_policy,robust_utility,0.50671,0.02460,10,120
